temperature,humidity,soil_moisture,final_label
5.0609,19.6880,0.3752,3
5.1881,19.4147,0.0000,3
5.0256,19.9051,5.2548,3
4.8294,20.2638,5.6521,3
5.0132,20.3382,10.7601,3
4.8281,20.1106,10.0469,3
5.1757,19.9850,15.6970,3
4.8638,20.3668,15.7122,3
4.9143,19.8944,21.3188,3
5.0731,20.1238,21.2680,3
5.4283,19.8781,26.0597,2
4.8372,20.1848,26.8803,2
4.9772,19.7480,31.1667,2
5.1301,20.2230,31.8505,2
4.8669,20.0696,36.9004,2
5.0437,20.2614,36.9539,2
5.1358,20.0203,42.2498,2
5.1263,19.5629,41.9454,2
4.9059,19.8083,47.2309,3
5.2990,19.7403,47.8526,3
4.6634,19.8995,52.7130,3
5.1172,20.2134,53.0283,3
4.9303,19.8613,58.3237,3
4.9617,19.6173,57.3281,3
4.8161,20.1491,63.2291,3
5.1381,19.8718,63.2372,3
5.1251,19.9072,68.6494,3
4.8676,19.8911,68.2302,3
4.7608,20.1461,73.4495,3
5.0025,20.1442,73.9075,3
5.1331,19.9705,78.7357,3
4.9841,19.4938,78.2238,3
4.7355,19.7008,84.4104,3
4.8189,19.8866,84.8601,3
4.9287,20.2213,89.0069,3
4.9589,19.7150,89.3042,3
5.1681,19.4818,94.9541,3
5.0475,19.8218,94.0138,3
5.0144,19.8412,100.0000,3
5.0044,20.4805,99.8803,3
4.7953,24.2643,0.1100,3
5.2718,24.4611,0.1784,3
5.2927,23.8539,4.9433,3
4.8147,24.0936,4.5748,3
5.1270,24.1439,9.7909,3
4.7969,24.3046,10.9454,3
5.3993,25.0847,15.9967,3
4.8021,23.5709,15.9233,3
4.8374,24.0859,20.7466,3
4.9718,24.5303,21.1312,3
4.9683,23.8998,25.4784,3
4.9027,24.1944,27.1998,2
5.0261,24.5053,31.3293,2
4.7630,23.9210,31.2163,2
5.4257,23.9641,37.2613,2
4.8194,24.4900,37.0346,2
4.9687,24.1983,41.7779,2
5.0892,24.0740,41.4925,2
4.7444,24.2623,48.1580,3
5.0320,24.1749,47.5113,3
5.2612,24.2763,52.4261,3
5.2213,24.3392,53.3995,3
5.0366,23.8432,57.2107,3
5.3302,24.7276,57.8050,3
4.9234,24.6490,62.6044,3
4.8211,24.4035,62.9606,3
4.9990,24.1615,68.5898,3
5.2815,24.2377,68.7430,3
4.5900,24.1959,73.2626,3
4.7562,23.9471,73.5172,3
5.1832,23.8126,78.9627,3
4.9032,24.1122,79.4487,3
5.1076,24.6117,84.1333,3
4.8608,24.1434,84.3318,3
5.0353,23.8852,89.5189,3
5.0456,24.9658,90.4121,3
4.8294,24.1243,94.0051,3
4.8819,24.3052,95.3398,3
4.8542,24.0143,98.9264,3
4.9675,23.8918,99.7353,3
4.8246,28.3928,0.0000,3
4.7066,29.0598,0.0000,3
4.7806,28.9721,6.7157,3
4.7657,28.3106,5.4339,3
5.3457,28.1250,10.4037,3
5.1555,28.5515,10.3382,3
4.9732,28.0086,15.6704,3
4.9467,28.4907,15.5118,3
5.0943,28.7249,21.1303,3
5.0704,28.4370,21.0527,3
4.8557,28.5160,26.2671,2
5.4186,28.8931,26.5087,2
4.8474,28.0873,32.1745,2
5.0525,28.5651,30.7067,2
5.1855,28.5574,36.2869,2
4.9057,28.5002,36.8683,2
4.9416,28.3900,41.9793,2
5.0305,28.8625,40.8219,2
4.9526,28.4740,47.5164,3
4.9256,27.8940,47.5324,3
5.3455,27.9609,53.0635,3
4.9343,28.4027,52.1051,3
4.9331,28.8111,58.1861,3
5.3465,28.7743,58.1143,3
5.3488,28.5527,63.5719,3
4.9407,28.4410,62.8092,3
5.1979,28.0676,68.8122,3
4.9619,28.7724,68.7965,3
5.3641,28.6403,72.8982,3
4.9866,28.0695,73.4251,3
5.3022,28.6123,78.5979,3
4.7973,28.4309,78.3391,3
4.8658,28.5147,84.7882,3
5.1218,27.7337,84.3627,3
5.0144,28.5452,90.2818,3
4.5874,28.2437,89.7691,3
4.6837,28.8638,94.9210,3
5.1693,28.2498,95.1437,3
5.2137,28.4909,100.0000,3
5.0541,28.1620,99.9262,3
4.9695,32.7466,0.4999,3
4.7883,32.5941,0.7407,3
4.8513,32.3849,5.3643,3
5.1689,32.6350,5.9276,3
5.1714,32.8841,10.8034,3
5.4655,32.5700,9.5246,3
5.3209,32.4943,15.8434,3
5.2619,32.1509,15.1637,3
4.6797,32.3933,21.2724,3
5.1048,32.7145,20.3462,3
4.5380,32.6479,26.0799,2
5.0919,32.8422,26.3849,2
5.1520,32.7003,31.8440,2
4.8591,32.5777,31.6773,2
5.1641,32.5135,37.1027,2
4.9468,32.5963,37.2569,2
4.6014,32.2426,41.3642,2
4.5333,32.4281,42.4800,2
4.9430,32.6909,47.9130,3
5.2655,32.6108,48.0452,3
5.0184,32.3804,52.3344,3
4.7039,32.3651,52.4526,3
5.1607,33.1478,57.2036,3
5.0786,32.3194,58.1321,3
4.9738,32.0823,63.6220,3
4.8790,32.4714,62.6230,3
4.8691,32.7599,68.3264,3
5.0657,32.7402,69.0814,3
4.9314,32.1885,74.2178,3
4.9337,32.9660,73.8759,3
4.9738,32.7362,79.9229,3
5.4154,32.6524,79.0275,3
5.2152,32.3779,84.3771,3
4.9948,32.7257,83.7938,3
4.6821,32.0097,88.9150,3
4.9083,32.5436,90.4423,3
5.2212,32.3430,94.9107,3
4.9186,32.5463,94.8295,3
5.1238,32.5298,100.0000,3
4.7716,32.6335,100.0000,3
5.0446,37.2721,0.0458,3
5.1162,36.8251,0.0000,3
4.8441,36.9712,4.8374,3
5.1331,37.1677,5.4464,3
4.9428,36.9783,10.3720,3
5.1871,36.2927,10.3585,3
4.6018,36.3936,16.4714,3
5.1790,36.6263,15.0382,3
4.4071,36.6791,22.2628,3
5.0870,36.6742,21.2852,3
4.6878,36.7529,26.3655,2
4.9828,37.0793,26.4881,2
5.1337,36.6356,32.0279,2
5.3258,36.5511,31.1351,2
5.2672,36.7847,37.5440,2
4.9115,37.2786,36.9078,2
5.0516,37.3115,41.9244,2
4.8118,36.7075,42.3314,2
4.6868,37.0333,47.0990,3
5.2296,36.1238,46.9751,3
4.6627,36.5942,52.7554,3
4.9642,36.7661,52.5520,3
5.0407,36.5395,58.2482,3
5.1325,36.9576,58.1730,3
5.0593,37.4526,63.1143,3
4.9386,36.6160,62.6418,3
4.7511,36.5755,68.3857,3
5.0669,36.8574,68.0383,3
5.1800,37.0639,73.6044,3
4.8694,37.0066,73.7782,3
4.7104,36.8217,79.0784,3
4.8201,36.8991,78.2200,3
5.2672,37.2165,84.0843,3
5.0727,36.1191,83.6324,3
4.9412,36.5205,89.8309,3
5.3995,36.4891,89.0550,3
5.0471,37.3254,94.1257,3
5.0498,37.3885,93.9110,3
4.7438,36.7150,99.7397,3
5.1625,36.9146,99.1125,3
5.1031,40.8794,0.6372,3
4.8745,40.8616,0.2706,3
5.1526,41.1871,4.4204,3
5.1076,40.7423,5.3808,3
4.7153,41.1865,10.1230,3
4.7435,41.2668,10.6471,3
4.8772,41.4880,15.5691,3
5.0064,41.1333,15.4796,3
5.0942,40.8926,20.8468,3
5.2725,40.7405,19.8462,3
5.3222,41.8174,26.1132,2
4.6126,40.9595,26.1727,2
4.9620,40.7186,31.8687,2
5.1049,40.6043,31.9285,2
5.4105,41.1042,36.6734,2
4.9716,41.2372,35.9768,2
5.0329,40.9355,43.0292,2
4.9652,41.5530,41.5534,2
5.1175,41.1485,46.9339,3
5.0355,41.4164,47.2065,3
4.6616,41.0474,52.1804,3
4.9315,41.0282,51.7788,3
4.6769,41.1973,57.6334,3
4.4871,41.2881,58.0309,3
4.8572,40.6576,63.5758,3
5.0699,41.7674,63.3680,3
5.0775,41.0026,68.8294,3
5.1250,41.4282,68.1604,3
4.9129,40.9089,74.0796,3
5.2997,40.9150,73.4718,3
5.0628,40.9789,79.4234,3
4.5496,40.8046,78.5562,3
4.5359,40.7635,83.7529,3
4.9598,41.3865,84.0880,3
4.7938,41.0355,89.9983,3
4.8048,40.7795,89.7530,3
4.9557,41.2469,94.7300,3
5.1403,40.7421,94.7308,3
4.9579,40.6879,99.2183,3
5.1371,40.9473,99.4889,3
4.9808,45.6016,0.0000,3
4.7007,44.9863,0.7306,3
5.0565,45.4934,4.6931,3
4.7761,45.3975,5.2923,3
5.1097,45.2069,10.6654,3
5.0316,45.4965,10.9298,3
4.6760,44.5890,16.2903,3
5.2375,44.9570,14.8596,3
5.0198,45.5424,21.9514,2
5.1033,45.1516,20.6061,3
5.0023,45.1734,25.8083,2
5.4098,45.7987,26.8838,2
4.8158,45.5197,31.8988,2
5.0885,45.6381,31.8966,2
5.1480,45.4542,37.0125,2
4.6433,45.2882,36.5640,2
4.7440,45.7677,42.9698,2
5.2718,45.3397,42.7806,2
5.0024,45.3240,46.8217,2
5.0794,45.2813,46.7171,2
4.9898,45.2392,53.5304,3
5.1788,45.2666,52.7560,3
5.0088,45.2023,57.3535,3
4.9698,45.0393,57.2696,3
5.1022,45.3805,62.2645,3
4.9755,45.5619,63.6875,3
5.2052,45.2748,67.9985,3
4.7833,45.3665,68.6107,3
5.2575,45.5932,73.6181,3
4.7512,45.1674,73.7928,3
4.9596,45.0898,79.0738,3
4.8992,45.0747,79.1031,3
4.9196,45.3364,84.3471,3
4.7721,45.1188,84.9294,3
4.7676,44.6282,88.5428,3
5.0058,45.2724,89.4149,3
5.2428,44.4613,94.9348,3
5.3123,44.9248,94.5469,3
4.8494,44.9949,99.8369,3
5.2855,45.8144,99.8320,3
5.3810,49.4844,0.8768,3
4.9813,49.5130,0.1827,3
5.6358,49.7291,4.9095,3
5.1938,49.3651,5.0183,3
5.1817,49.4830,10.6656,3
5.0028,49.5747,10.7388,3
4.6126,49.6737,15.2985,3
4.7115,49.4562,15.8315,3
4.8613,49.7230,20.3815,2
4.9186,49.2982,21.0293,2
5.0558,49.1713,26.6779,2
5.0126,48.9061,25.3365,2
4.9975,49.4074,31.5272,2
4.9944,49.5414,32.0528,2
4.7778,49.1221,36.2954,2
5.0578,49.8472,36.6264,2
4.4997,48.9625,41.6887,2
4.8885,49.3512,42.1246,2
4.9377,49.7885,47.0304,2
4.8275,49.6173,46.6006,2
5.0779,49.5045,52.5579,3
5.3177,49.2870,53.6617,3
4.9549,49.0906,57.9297,3
4.7848,49.2482,58.0933,3
5.1111,49.2870,63.6516,3
5.2315,49.9046,63.4226,3
5.2727,48.9094,68.2621,3
4.8266,49.5095,68.1353,3
4.9668,50.0383,73.5993,3
5.0828,49.4040,73.7221,3
5.0012,49.6082,79.5300,3
5.3295,49.5666,79.2421,3
4.7698,49.4473,84.6807,3
5.1732,49.5372,84.6537,3
5.0982,49.8338,89.6184,3
4.9289,49.5744,88.0084,3
5.0766,48.3792,93.8751,3
5.0904,49.6169,94.1556,3
4.8576,49.8848,99.7580,3
5.4486,49.4731,100.0000,3
5.3234,53.7235,0.0000,3
4.9781,53.6735,0.0000,3
4.9488,53.4616,5.7253,3
5.0069,53.5994,5.2101,3
5.0446,53.8693,10.0265,3
4.7917,54.0156,10.3201,3
4.7166,53.8174,16.0212,3
4.6939,53.7531,16.1573,3
5.0749,53.8738,20.3505,2
5.0662,53.5934,20.8112,2
5.1741,54.1280,27.2130,2
5.2630,53.6513,26.4921,2
5.1534,53.7206,31.6443,2
5.1648,53.6664,31.2143,2
4.9171,53.8744,36.8436,2
5.0680,53.8852,36.6547,2
5.1512,53.7979,41.4879,2
5.2885,53.5340,41.2777,2
4.7910,53.3779,47.3945,2
4.9452,53.5832,47.6783,2
5.0680,53.7790,52.8365,3
5.1232,53.0518,52.4494,3
4.5640,53.6950,57.8924,3
5.2091,54.0405,57.9961,3
4.8999,53.8298,62.8939,3
4.9997,53.9801,62.8790,3
5.1611,53.8874,67.9437,3
5.1948,53.8938,68.4720,3
4.8475,53.4264,73.4154,3
5.1085,53.3975,73.9030,3
4.7516,53.6230,79.0022,3
5.4890,53.2710,79.6834,3
5.0300,53.8076,84.2697,3
5.0889,53.6381,84.9376,3
4.9087,54.0239,89.1515,3
4.9879,53.3626,89.7012,3
5.2890,53.6610,94.6384,3
4.7771,53.6154,93.9404,3
4.8174,53.7522,100.0000,3
5.5618,53.5082,100.0000,3
5.0488,57.8494,0.2163,3
5.0124,57.9279,0.0000,3
4.7204,57.4316,5.5898,3
4.9447,57.7159,5.2674,3
5.1590,57.9488,10.1983,3
5.2453,58.3685,10.7736,3
5.1947,58.2673,16.3545,2
5.1228,58.0742,16.0493,2
4.7805,58.1050,20.3747,2
4.8411,58.2858,21.4727,2
5.2975,57.8132,25.7397,2
4.9519,57.9253,26.3553,2
5.2267,57.7864,31.7550,1
4.8023,58.0298,31.5805,1
4.8500,57.8240,36.7500,1
4.9460,58.4261,36.7929,1
4.9512,57.2655,41.6582,2
4.9474,57.6890,42.7961,2
4.9670,58.2813,47.3993,2
5.0074,57.8681,47.3703,2
5.3438,57.1989,51.6308,2
4.8914,57.8991,52.9766,2
5.0946,57.7795,58.4043,3
5.2060,57.9500,58.3761,3
5.0545,57.7263,63.5068,3
5.0221,57.8951,63.8944,3
4.5098,57.4694,67.8275,3
4.9273,57.8184,67.6674,3
4.8030,57.6365,74.9129,3
5.3603,57.7712,73.5024,3
4.7702,57.3223,78.8889,3
4.8004,57.8693,78.1473,3
4.8476,57.9393,84.3936,3
5.0835,57.4986,84.6379,3
4.8400,58.0846,89.4684,3
4.7247,57.7999,89.6564,3
5.1226,57.8524,95.5027,3
5.2015,57.8177,95.1119,3
5.3868,58.4829,99.3860,3
4.8147,58.3402,99.4709,3
4.7355,61.9594,0.2101,3
4.9795,61.9101,0.0000,3
4.8575,61.8414,6.4040,3
5.0595,62.3713,5.0186,3
4.9628,61.8912,9.2005,3
4.7244,61.5621,9.4014,3
4.7609,62.5028,15.7673,2
5.2581,62.2286,16.1808,2
4.8198,62.2624,21.4170,2
4.8847,62.2731,21.3357,2
4.8901,61.7684,25.7237,2
5.0173,62.2034,25.9195,2
5.0053,62.2764,31.8880,1
5.3104,62.4884,31.0783,1
5.3367,61.9460,37.3645,1
5.0136,61.9816,35.9383,1
4.9657,61.6374,42.5889,2
5.3034,61.8662,42.2562,2
4.8549,61.9167,47.7557,2
4.9923,62.6272,47.1273,2
5.1999,62.1345,53.0295,2
4.9106,62.0904,52.5738,2
4.8328,62.3039,58.2199,3
5.1187,62.5664,58.6194,3
4.9250,62.2172,62.8461,3
5.0047,61.9253,63.9679,3
5.0727,62.0399,69.0179,3
4.5659,61.5010,68.8190,3
5.0121,62.1804,73.0210,3
4.9954,62.7063,74.0963,3
5.0339,61.9735,78.7501,3
4.5742,62.1826,79.3701,3
4.6849,61.9068,83.6318,3
4.8069,62.1213,83.1683,3
5.1229,62.3314,89.3481,3
4.5039,61.8063,90.0901,3
4.4444,62.0010,94.1468,3
5.1609,61.9027,94.9388,3
5.1131,62.6561,99.8985,3
5.0752,61.6597,100.0000,3
4.8479,66.1476,0.0000,3
4.6874,66.3844,0.4837,3
5.0586,65.8391,5.2013,3
5.1484,65.7524,4.7258,3
5.1753,66.3968,10.7323,2
5.3719,66.4564,10.8553,2
5.5421,66.2516,15.3905,2
5.0856,66.4475,15.5261,2
4.7935,67.0087,21.2161,2
4.8535,66.5906,20.9981,2
4.9494,66.4845,25.6698,2
5.0705,66.8897,26.5489,2
4.9248,66.1637,31.3738,1
4.9492,66.2024,32.0371,1
4.6534,66.5744,36.6523,1
5.0754,65.9777,37.5064,1
5.2491,66.6037,41.3479,2
5.1658,66.4372,41.3026,2
4.9951,66.4251,47.6465,2
5.0355,66.4032,48.1052,2
5.2452,65.4557,52.4729,2
4.9671,65.7902,52.6787,2
5.2498,65.9898,58.0629,3
4.8168,66.1142,58.6334,3
4.8915,66.4545,62.2223,3
5.3725,66.4966,63.0666,3
5.1151,65.8928,69.0123,3
4.9352,66.2546,68.1752,3
4.8839,66.5242,73.8122,3
5.1303,66.3131,73.9408,3
4.9162,66.9847,78.1634,3
5.2522,66.7262,78.5213,3
5.4459,66.6144,84.6961,3
5.0056,66.2506,84.1058,3
5.0781,66.7361,89.5643,3
4.8177,66.5631,89.9343,3
5.1309,66.5394,94.6014,3
4.8142,66.0553,93.9191,3
5.0474,66.2908,99.7800,3
4.4089,65.9416,100.0000,3
4.8671,70.6345,0.0000,3
5.2877,70.4831,0.1450,3
5.4652,70.9812,5.1099,3
4.8814,70.4286,5.5181,3
4.9790,70.4077,11.2599,2
4.9772,71.2162,10.5717,3
5.3571,70.6335,16.2710,2
4.8551,70.2702,16.0193,2
5.1977,70.5384,20.4094,2
4.7279,70.0982,20.1688,2
5.0219,70.8638,26.3091,2
4.5479,70.4691,26.2344,2
5.4192,70.0892,31.3836,1
5.3412,70.6613,31.8606,1
5.0229,70.6253,37.2309,1
4.8381,70.7897,36.1556,1
5.0657,70.5799,41.7971,2
4.9955,70.3396,41.5694,2
4.9293,70.1951,47.5298,2
4.7700,70.7399,46.7777,2
4.8867,70.3389,53.2942,2
5.0661,70.4628,52.8809,2
4.5786,70.5134,58.8935,3
5.0265,70.5467,58.1688,3
5.1791,69.9271,62.3167,3
5.0421,70.3119,63.8139,3
4.9370,69.9460,67.7870,3
4.4501,70.4561,68.3269,3
4.9151,70.8500,74.2835,3
4.9659,69.8859,73.9929,3
5.1111,70.6191,79.4381,3
4.7670,71.1289,78.4677,3
5.1498,70.0201,83.7454,3
5.3033,70.4480,84.6305,3
5.0474,70.4948,90.1556,3
4.9527,69.9921,89.0721,3
5.1102,70.6450,93.9533,3
4.8551,70.3518,94.5541,3
4.7248,70.3378,99.6357,3
5.1543,70.7691,99.9271,3
4.9216,74.7788,0.0000,3
4.7706,74.4548,0.0000,3
4.7673,74.7855,5.6280,3
4.6826,74.7444,5.1532,3
5.0683,74.7330,9.7995,3
4.7475,74.7457,11.0407,3
4.5572,74.8406,16.3843,2
4.9694,74.9019,15.4379,2
4.9761,74.2506,19.8805,2
5.1886,74.4413,20.8249,2
4.7227,74.3139,26.2289,2
4.8541,74.8502,26.5421,2
5.0642,74.8084,32.3678,2
4.7865,74.7204,32.1453,2
5.2529,74.3103,36.6859,2
5.2716,74.8893,36.9397,2
4.9565,74.6217,42.2494,2
4.9495,74.7241,42.1446,2
4.8644,74.8965,48.8255,2
4.6446,74.8340,46.9883,2
5.1155,74.7508,53.0125,3
5.2351,74.7946,53.1976,3
4.5311,75.2140,58.0823,3
5.2156,74.3709,57.4794,3
5.0292,74.7317,63.2994,3
5.2169,74.2073,63.6448,3
5.0017,74.6757,67.6855,3
5.1006,74.0126,68.7452,3
4.7016,74.7529,73.6246,3
5.2339,74.6832,73.3371,3
4.8987,75.1187,79.2155,3
4.9229,74.6659,78.1638,3
5.0777,74.2089,84.5864,3
5.0257,75.4529,83.6605,3
4.9795,75.2763,90.0694,3
4.8608,74.8040,89.4747,3
5.0564,74.5272,94.6922,3
4.6804,74.7774,94.9619,3
4.9545,74.2523,100.0000,3
5.0729,74.5190,99.8597,3
4.6999,78.6397,0.0000,3
5.2457,78.7555,0.3201,3
4.8923,79.0218,5.1925,3
5.1746,78.7869,4.4769,3
4.7236,78.7878,9.9018,3
5.0820,78.8076,11.7136,3
4.6525,79.0085,15.2255,3
4.9013,78.9898,14.6268,3
5.0474,79.5182,20.8259,2
5.0520,79.2548,20.9707,2
4.8838,78.2646,26.6363,2
4.9774,78.6436,26.3791,2
4.8833,78.7888,31.8821,2
4.7323,79.2616,30.8801,2
4.8675,79.5243,37.4058,2
5.0195,78.6652,36.5775,2
5.0147,78.9586,42.0598,2
4.9938,78.8831,41.3843,2
4.8967,79.2218,46.6843,2
4.9621,78.7014,47.4241,2
4.9223,79.3906,52.8849,3
4.7376,79.1487,52.2443,3
4.8846,79.0415,57.6489,3
5.1786,78.7150,57.5853,3
4.8687,78.7777,63.7075,3
5.1258,79.4604,64.2917,3
4.7939,78.9685,67.8330,3
4.8445,78.7583,67.8925,3
4.7896,78.9041,73.0759,3
5.1684,78.6720,75.0890,3
4.9097,78.9690,78.2997,3
5.3412,79.2832,79.0958,3
4.7306,79.0106,83.6498,3
5.2925,79.1901,84.2582,3
4.5127,78.6523,89.8176,3
5.2426,79.2801,88.6777,3
5.0603,79.2520,93.9077,3
4.9984,79.0295,94.5865,3
4.6296,78.8497,99.8363,3
4.9704,78.7783,99.7785,3
4.9921,83.2906,0.0000,3
4.9181,83.1856,0.0000,3
5.0954,83.1577,5.2830,3
5.1921,82.5721,4.2762,3
5.0548,83.1558,10.6114,3
4.9076,83.3572,10.9926,3
5.0968,83.0796,14.7356,3
5.1538,83.5244,16.1118,3
4.8241,83.3600,21.4829,3
5.3118,82.8951,20.9394,2
5.1495,83.1751,25.7571,2
5.0829,83.3315,26.3598,2
5.0439,83.0803,32.3181,2
4.8199,82.9817,31.5844,2
5.1758,82.7087,36.1870,2
4.5925,83.1677,36.2830,2
4.9231,83.3563,41.7845,2
5.0463,83.0681,42.4413,2
5.0950,82.9503,47.2841,2
5.2087,83.2759,46.6699,2
5.1311,82.8325,53.3378,3
5.2048,83.2449,52.7102,3
4.9582,83.3615,57.7093,3
5.0471,83.4195,57.6138,3
4.8768,82.7996,62.6257,3
4.6343,83.3768,64.0624,3
5.2851,82.6701,68.7835,3
5.2844,83.0209,68.4718,3
4.5984,83.2379,73.1524,3
5.0399,82.6895,73.9556,3
5.2049,82.9229,78.3789,3
4.5688,83.0780,78.6566,3
4.6898,83.2938,83.9855,3
4.7849,82.9915,84.7462,3
5.1206,83.1189,89.7832,3
4.7678,83.1676,89.5473,3
4.9060,83.2885,94.3466,3
5.1020,83.3235,93.2783,3
5.2381,82.2436,99.6920,3
5.2051,83.0627,99.2669,3
4.7813,87.6765,0.0000,3
5.2258,87.3519,0.0000,3
4.8834,87.0633,5.6963,3
5.1465,86.8527,5.0614,3
4.8274,87.7565,9.8513,3
5.3208,87.3584,9.9453,3
4.8645,87.1279,15.1522,3
5.0190,87.0000,14.6993,3
4.9241,86.8276,20.6766,3
4.8182,87.1071,22.0531,3
5.0113,87.4420,25.4276,2
4.8692,87.4330,25.8035,2
5.1816,87.0076,31.4358,2
4.8828,87.4177,31.2587,2
4.9458,87.2976,36.4749,2
5.0970,87.4399,36.7978,2
4.9139,87.6074,41.9873,2
4.9387,87.3998,42.9536,2
4.7319,87.5994,46.4218,3
5.0435,87.8409,47.6128,3
5.0341,87.2003,52.6471,3
4.9496,87.1326,52.4866,3
5.0397,87.1383,57.4916,3
4.7280,87.4856,58.1674,3
5.0463,87.6580,63.2018,3
5.0784,87.4596,63.1121,3
4.8938,88.0327,68.1951,3
4.8668,87.4986,68.5470,3
4.7190,87.7052,73.6371,3
4.7778,87.7251,73.9970,3
4.7471,87.9016,79.2768,3
4.9980,87.8455,79.0270,3
4.9944,87.1703,84.5014,3
5.0953,87.3728,83.8155,3
5.0260,87.3475,88.8069,3
4.7056,87.5380,88.1727,3
5.0411,87.2250,95.3910,3
4.9013,87.5663,94.5384,3
5.0227,87.5895,99.7687,3
5.1993,87.0703,100.0000,3
5.1845,91.7770,0.9582,3
4.8473,91.1652,0.0000,3
5.1321,91.7283,5.3143,3
4.7754,91.8090,4.6508,3
5.2318,92.4362,10.7095,3
5.1166,91.4311,9.6212,3
4.8795,91.2511,15.0660,3
5.3445,91.6608,15.9793,3
4.9382,91.5271,21.5349,3
4.9935,91.7382,20.9546,3
4.9316,91.1569,25.3269,2
4.9477,91.5959,25.6727,2
4.9931,91.5951,30.5009,2
4.8170,91.7011,31.7725,2
4.7693,91.6265,37.3533,2
5.1554,91.5504,36.6081,2
4.8741,91.7193,42.2028,2
5.1259,91.6185,42.5146,2
5.0189,91.8144,47.8038,3
4.8391,91.0365,48.1402,3
5.0513,91.0646,52.2747,3
5.1544,91.4950,52.3755,3
5.2802,91.2648,57.4957,3
5.0423,91.6961,58.1429,3
5.1822,91.6385,63.4026,3
4.9482,91.5978,63.2117,3
5.0430,91.8107,68.6986,3
5.0088,91.3362,68.4549,3
4.9944,91.6369,74.7875,3
4.8952,91.7056,74.2184,3
5.0196,92.2803,78.7583,3
5.0648,91.3393,78.7716,3
5.0498,91.8328,84.3701,3
5.2518,91.5505,84.0444,3
5.5408,91.6972,89.1139,3
4.8611,91.2961,89.9420,3
4.9271,91.6172,94.7051,3
5.1463,91.3249,94.1991,3
5.0449,91.7592,100.0000,3
4.8381,91.7822,99.6281,3
4.8957,95.5063,0.6506,3
5.1267,95.9710,0.6236,3
5.5625,95.2767,4.8940,3
4.8768,95.5342,4.7244,3
4.9401,95.4245,10.6938,3
5.0103,95.9338,10.7802,3
5.1206,95.6775,16.8500,3
5.0469,95.2307,15.2883,3
4.6519,95.7947,20.9917,3
4.9063,96.3928,21.3271,3
5.1452,95.5102,25.8162,2
5.0074,95.8414,25.3876,3
4.9639,95.7937,31.4714,2
4.8373,95.6276,31.4905,2
5.0182,95.9709,37.3825,2
4.9411,95.6526,37.0609,2
5.1222,95.6592,42.5005,2
5.1959,96.1770,42.9944,2
4.8267,95.7936,47.3741,3
4.9804,95.5947,46.6256,3
5.0185,95.5590,52.6746,3
4.8412,95.4596,52.7487,3
5.0302,95.9633,58.9877,3
5.0555,95.9350,57.3560,3
4.7426,96.2643,62.6962,3
4.7912,95.7777,63.1128,3
4.8195,95.6980,69.0357,3
4.8388,95.3714,68.8923,3
5.0985,95.6033,72.8931,3
4.8511,95.7731,74.2670,3
4.7927,95.7641,79.2849,3
4.5237,96.0996,78.3561,3
5.0664,95.8635,84.7528,3
5.1102,95.0763,83.8181,3
5.0276,95.7310,89.7125,3
5.1579,95.9720,89.3665,3
4.6307,95.6528,94.9450,3
4.7819,95.9789,95.1910,3
5.0254,94.8703,99.3610,3
5.3772,95.6255,99.0079,3
5.2470,100.0040,0.5525,3
5.0554,100.1376,0.1815,3
5.1395,100.6832,5.7487,3
4.6839,100.1340,5.8339,3
5.2405,99.8720,11.1088,3
5.1855,100.7718,10.1513,3
4.8985,99.9082,15.5444,3
4.8220,99.1712,15.5721,3
5.0739,99.8520,22.0203,3
5.0027,100.3873,21.1833,3
5.1653,100.0838,27.0002,2
5.0112,100.1488,26.4990,2
4.9423,100.1215,32.6961,2
4.9459,100.1258,32.2078,2
5.2281,100.0035,35.6504,2
5.1033,99.3342,37.5771,2
5.0339,100.2999,41.6542,2
4.6895,100.0782,42.0885,2
4.9017,100.0254,48.7521,3
5.1669,100.3148,47.7904,3
5.2959,99.9430,51.6042,3
4.9623,100.2435,52.1467,3
4.9647,99.7925,58.6458,3
5.1499,100.1955,58.2055,3
4.9926,100.0593,62.5653,3
4.5627,100.0450,63.3199,3
5.2419,100.4714,69.2061,3
4.8004,99.8943,68.6612,3
5.5064,100.4440,74.2439,3
4.9224,99.7350,74.0787,3
4.7799,99.9285,78.8900,3
5.3186,99.8936,77.7277,3
5.1009,99.7903,84.2318,3
4.9827,99.9179,84.6057,3
4.6934,99.8449,89.8157,3
4.8772,99.5174,89.8080,3
5.2246,99.9865,93.7564,3
5.1412,99.5020,94.8912,3
4.8225,99.6520,99.7790,3
4.9633,99.8067,100.0000,3
7.2792,20.2941,0.1406,3
7.2289,19.7402,0.0000,3
7.4266,19.8936,4.0771,3
7.2613,19.7297,6.0510,3
7.0279,19.5676,11.0813,3
7.6398,19.7765,10.2103,3
7.4917,19.3019,14.8589,3
7.3123,20.4650,15.5716,3
7.3886,20.3401,22.1061,3
7.2531,19.9949,21.9637,3
7.0640,20.3083,25.8066,2
7.3889,19.9272,25.8368,2
7.1718,20.0829,32.0767,2
7.3425,20.0210,31.8645,2
7.1741,20.2219,37.2518,2
7.8891,19.8872,36.6131,2
7.5222,20.2457,41.8377,2
7.2878,20.1623,41.6915,2
7.2863,20.0269,47.8664,3
7.2475,19.4473,46.4101,3
7.1165,19.6061,52.5543,3
7.1306,19.7892,52.2445,3
7.2803,20.3968,58.2257,3
7.3716,19.8617,57.6781,3
7.4340,20.1753,62.7041,3
7.3757,19.3905,63.2638,3
7.5209,19.9160,69.3293,3
7.1922,20.0652,68.4031,3
7.3484,19.9657,73.7378,3
7.5380,20.4133,73.6831,3
7.5315,19.7895,79.3303,3
7.2160,20.3272,80.0527,3
7.3440,19.3422,83.9365,3
7.6148,20.1659,84.3350,3
7.5702,20.1453,90.0826,3
7.5523,20.4565,89.6531,3
7.5495,19.9079,94.4361,3
7.7098,20.0649,95.1393,3
7.3932,19.8240,100.0000,3
7.6556,20.1666,99.1443,3
7.3254,24.7452,0.0000,3
7.0083,24.7784,0.3412,3
7.3544,24.0991,5.8043,3
7.2600,24.5550,5.5343,3
7.4174,24.2542,10.4388,3
7.5775,23.9509,9.7154,3
7.4913,24.3999,16.0296,3
7.4500,24.1144,16.1832,3
7.3593,24.0644,20.8967,3
7.7725,23.6900,21.3025,3
7.0326,24.1781,26.0990,2
6.9514,24.3272,26.1258,2
6.9486,24.4624,32.2965,2
7.6664,24.3182,31.6020,2
7.6341,24.7152,37.4089,2
7.1801,24.2709,37.0619,2
7.0065,24.3513,43.2418,2
7.4964,24.6525,42.1967,2
7.3538,24.3249,46.9605,3
7.1757,24.5904,48.0546,3
7.1702,24.5009,52.5881,3
7.4364,24.3486,53.1288,3
7.3850,24.6336,58.0494,3
7.4933,23.9605,58.9741,3
7.4624,24.4244,62.3538,3
7.2039,24.5819,63.3013,3
6.9857,24.5220,68.1492,3
7.6507,24.1842,68.5234,3
7.6042,23.9413,73.1878,3
7.3291,24.4587,73.0188,3
7.0348,24.4576,78.6459,3
7.2900,23.6535,78.6079,3
7.3669,24.4896,83.8249,3
7.6999,24.0052,83.8690,3
7.6759,24.2740,89.1977,3
7.3374,24.6164,90.2068,3
7.2051,24.1978,94.7819,3
7.1712,24.1938,94.7395,3
7.5965,24.5728,99.8354,3
7.3256,24.4098,99.7074,3
7.4861,28.3947,0.0000,3
7.1771,28.8552,0.0000,3
7.6965,28.2670,5.4088,3
7.8470,28.1038,4.3143,3
7.6257,28.1730,10.5160,3
7.2512,28.5015,10.0510,3
7.3324,28.5560,15.2853,3
7.2284,28.3168,15.0751,3
7.2839,28.4567,20.8529,3
7.3141,28.4151,20.7248,3
7.5066,28.8518,26.0836,2
7.4655,28.3492,26.4985,2
7.6816,28.5737,30.6922,2
7.4592,28.7909,31.4681,2
7.5675,28.2140,36.0993,2
7.3967,27.8941,36.7222,2
7.6258,27.8481,41.4655,2
7.1620,28.4021,41.9224,2
7.6482,28.7074,47.6161,3
7.3975,28.5390,46.9374,3
7.5399,28.0874,53.0493,3
7.6056,28.4843,52.5435,3
7.4485,27.5626,58.0459,3
7.3458,28.4059,58.2480,3
7.3535,28.0790,63.0872,3
7.3819,28.4555,63.2389,3
7.5763,28.0952,68.5089,3
7.6264,27.9007,68.5109,3
7.2513,28.3098,73.2318,3
7.3345,28.9734,73.0520,3
7.1345,28.0305,79.8111,3
7.2760,28.4134,78.7460,3
7.1795,28.3505,85.4397,3
7.6468,28.1652,84.5343,3
7.2021,27.8881,89.9834,3
7.6004,28.7349,89.2388,3
7.3351,28.6460,94.9326,3
7.2897,27.9353,94.7938,3
7.5842,28.0618,100.0000,3
7.4347,28.6461,100.0000,3
7.2295,32.1465,0.0000,3
7.5462,32.4690,0.0000,3
7.0042,33.1574,5.6760,3
7.5224,32.9219,5.5515,3
7.3196,32.5825,10.3125,3
7.8954,32.7984,10.2944,3
7.4615,32.3283,16.5417,3
7.2362,32.7819,16.3225,3
7.4454,32.6599,21.0580,3
7.3571,32.4586,20.8279,3
7.6643,32.5990,25.9229,2
7.2652,32.9617,26.6536,2
7.4805,32.5543,31.8656,2
7.2397,32.5537,32.0639,2
7.5433,32.3370,36.4143,2
7.3902,33.1494,35.8843,2
7.4241,32.2188,41.7881,2
7.2955,32.5054,41.8384,2
7.3699,32.4710,46.6372,3
7.5244,32.8574,47.7900,3
7.0603,32.7213,52.9696,3
7.1622,32.6343,52.5734,3
7.7369,33.2089,57.0626,3
7.8672,32.3570,58.3851,3
7.5625,32.3329,63.4045,3
7.3469,32.7979,63.2732,3
7.6077,32.6542,68.3371,3
7.5876,32.8057,68.7870,3
7.2355,32.3180,73.4004,3
7.2443,32.8674,74.1722,3
7.3374,33.0609,79.6316,3
7.4171,32.3850,79.7351,3
7.3562,32.6694,84.0407,3
7.1905,32.1910,84.5270,3
7.2117,33.5494,88.9306,3
7.1169,32.7846,90.2383,3
7.3813,32.8033,93.8151,3
7.2329,32.3095,93.7893,3
7.3918,31.9587,99.3389,3
7.2610,32.3822,100.0000,3
7.4295,37.1102,0.3762,3
7.5966,36.8415,0.1517,3
7.4707,36.8846,5.0646,3
7.3019,36.5968,5.4740,3
7.3496,36.6432,10.1952,3
7.1263,37.1358,10.5656,3
7.1959,37.0847,15.5092,3
7.0871,37.1485,15.5209,3
7.2866,36.8545,21.6239,3
7.3724,36.4824,21.3246,3
7.2714,37.4085,26.3152,2
6.9214,36.9493,27.2881,2
7.6836,37.3914,31.0691,2
7.5509,36.6255,31.6911,2
7.1138,36.6488,36.5040,2
7.5481,37.0823,36.9805,2
7.0983,36.7486,41.7322,2
7.5424,37.1956,42.6335,2
7.2174,36.0202,46.4849,2
7.6527,36.7217,46.9931,2
7.6970,37.2217,52.6438,3
7.3097,36.8025,52.7452,3
7.6884,36.9688,58.2578,3
7.6023,36.4912,58.2722,3
7.3095,36.0873,62.0938,3
7.1648,37.0015,63.2148,3
7.4053,37.4274,67.7865,3
7.3629,36.9334,68.0529,3
7.3741,36.3621,74.3892,3
7.2321,37.4515,73.6680,3
7.5740,36.8261,78.9320,3
7.2516,36.8778,79.1064,3
7.2116,36.8046,83.9055,3
7.8284,36.8152,84.9831,3
7.3293,36.9199,88.8130,3
7.2790,36.9053,90.2667,3
7.4128,37.2572,95.0572,3
7.6939,36.8244,95.9320,3
7.2713,36.6122,99.3950,3
7.8346,37.0879,99.8329,3
7.6182,41.2589,0.9831,3
7.0589,40.9730,0.0000,3
6.9737,41.3707,5.1280,3
7.5163,41.7606,5.0865,3
7.2842,41.0882,11.0199,3
7.2551,40.8633,11.0549,3
7.4441,40.4392,15.1768,3
7.6687,41.1732,15.4084,3
7.3343,41.0566,21.4205,2
7.0968,40.8003,21.1891,2
7.3485,41.2242,25.7010,2
7.4398,41.3801,26.5592,2
7.3962,41.0239,31.1615,2
7.3540,41.4305,31.5194,2
7.1905,40.9050,36.9425,2
7.2937,41.1982,37.1035,2
7.5462,41.4797,42.6032,2
7.1816,40.7816,42.0674,2
7.2782,40.7111,47.1476,2
7.2735,40.8511,47.2105,2
7.6041,41.1124,53.8675,3
7.4025,40.9656,52.6336,3
7.4197,41.1832,58.9331,3
7.1994,41.3103,57.9986,3
7.0542,41.2838,63.7917,3
7.1970,41.0499,62.2952,3
7.1167,41.3670,68.1878,3
7.1467,41.1215,68.1598,3
7.2743,41.2744,73.1033,3
7.1873,41.0989,74.1689,3
7.6161,40.8531,79.4161,3
7.2116,41.6005,78.3805,3
7.6341,40.8557,85.2171,3
7.4867,40.7478,83.9494,3
7.5247,41.3684,89.4383,3
7.3774,41.2801,89.5396,3
7.1097,40.8087,94.8544,3
7.6115,41.5374,95.1266,3
7.4259,41.2773,99.6666,3
7.3378,40.8054,99.3756,3
7.4351,45.3188,0.3438,3
7.4776,45.3360,0.2783,3
7.3599,45.3870,4.9001,3
7.4424,45.4637,4.9283,3
7.3788,45.0761,10.2631,3
7.1434,45.6429,11.0592,3
7.4759,45.8548,15.6949,3
7.9748,45.1949,15.9171,3
7.2889,45.3749,21.4704,2
7.3456,45.7962,21.1722,2
7.4225,44.9905,26.5250,2
7.3416,45.0807,25.9276,2
7.9028,45.1841,30.8505,2
7.2288,45.2477,31.8523,2
7.4794,45.4661,36.5197,2
7.4365,45.0003,36.5323,2
7.1849,44.9066,42.6374,2
7.5061,45.5562,42.1249,2
7.5238,44.7348,47.8000,2
7.4038,45.4513,47.5584,2
7.1710,44.8137,52.2756,3
7.4814,45.4702,51.9476,3
7.1722,45.0462,57.7161,3
7.0960,44.8365,57.4838,3
7.3857,44.9090,63.1000,3
7.5801,44.8726,63.0547,3
7.5734,45.1377,68.1342,3
7.6011,45.1713,68.9733,3
7.4542,45.1603,73.9241,3
7.4325,45.5694,73.4100,3
7.3767,45.2447,79.2994,3
7.1634,45.5683,79.1805,3
7.1050,45.6256,85.3276,3
7.5688,45.6913,84.2532,3
7.0361,44.7099,89.6012,3
7.2500,44.9888,89.4423,3
7.4915,44.8273,94.5124,3
7.6704,44.9406,95.1717,3
7.2715,45.4269,100.0000,3
7.5167,45.5359,99.4242,3
7.5912,49.2179,0.1298,3
7.4201,49.6192,0.1685,3
7.1997,49.0687,5.6993,3
7.4056,49.8185,5.2408,3
7.0874,49.7635,10.3411,3
7.4368,49.2794,11.3485,3
7.1931,49.3725,15.8432,3
7.1500,49.5728,16.5954,2
7.2703,49.5922,19.6779,2
7.3606,49.3798,20.6434,2
7.5847,49.3758,26.2271,2
7.2930,48.8986,25.7498,2
7.5606,48.8407,31.1958,2
7.2885,49.9968,31.9632,2
7.2570,49.8650,36.4718,2
7.5702,49.0660,37.3787,2
7.2872,49.1651,41.9967,2
7.4239,49.3253,42.3822,2
7.2518,49.6598,47.5895,2
7.3562,49.3413,47.4442,2
7.4785,50.0922,53.1013,3
7.5636,50.4002,52.8896,3
7.4653,49.6849,57.3903,3
7.2796,49.3218,58.2185,3
7.3336,49.5152,63.7016,3
7.5411,49.4252,62.8229,3
7.5955,49.7059,67.6179,3
7.3058,49.5233,68.8105,3
7.5504,49.5589,73.9768,3
7.3812,49.2715,73.5536,3
7.3722,49.4633,78.0046,3
7.2889,49.4905,78.8067,3
7.3191,49.6201,83.6711,3
7.0428,49.3692,84.5926,3
7.7059,49.7083,88.7396,3
7.3219,49.5507,89.5625,3
7.4763,49.1986,94.7693,3
7.4525,49.7214,94.3340,3
7.2994,48.6625,99.6893,3
7.2635,49.1678,100.0000,3
7.3572,53.0064,0.1078,3
7.1828,53.8299,0.0000,3
7.3744,53.5993,5.4147,3
7.3934,53.6077,4.4950,3
7.0730,53.5090,10.5222,3
7.2468,53.8718,10.3867,3
7.1754,53.6008,15.9024,2
7.4334,54.2477,15.4550,2
7.3537,53.8120,21.0409,2
7.2683,53.2194,20.7972,2
7.1537,53.1662,25.9179,2
7.1590,53.8593,26.6163,2
7.1876,53.6061,30.6498,1
7.2696,53.8039,31.9914,1
7.2258,53.9998,36.0843,1
7.1189,53.8971,37.6777,1
7.4671,53.6721,41.0077,2
6.9639,53.7230,41.9262,2
7.1473,53.7039,47.4260,2
7.5573,53.7252,47.9826,2
7.3700,53.6496,53.1637,2
7.1727,54.5285,52.8192,2
7.4446,53.8417,58.8333,3
7.5269,53.2027,58.5965,3
7.3002,53.7164,62.5183,3
7.4737,53.4888,63.2080,3
7.3116,54.2617,69.4122,3
7.3777,53.7034,68.2343,3
7.5896,53.5855,73.4735,3
7.5641,53.5227,73.6653,3
7.0522,53.8955,79.9178,3
7.5127,54.1227,78.5243,3
7.4157,53.4013,84.0966,3
7.5229,53.7148,83.5042,3
7.1054,53.2699,89.7194,3
7.7812,54.0929,88.5257,3
7.6526,53.9651,93.9642,3
7.3078,54.0129,95.0121,3
7.1066,53.8674,98.9313,3
7.3239,54.0256,100.0000,3
7.2686,58.1615,0.4874,3
7.6304,58.1570,0.5407,3
7.5150,57.9744,5.3079,3
7.3210,57.5310,4.7855,3
7.3120,57.9672,11.2467,2
7.3601,58.1958,11.0660,2
7.3221,58.0731,15.6677,2
7.6328,58.0855,15.1942,2
7.4007,58.3892,20.9620,2
7.4580,58.0585,20.5343,2
7.4706,57.4766,26.0030,2
7.5836,58.0018,26.1636,2
7.4577,57.8767,31.5852,1
7.4998,57.6765,31.5991,1
7.3060,57.4191,36.3819,1
7.6821,58.0102,36.1803,1
7.0603,57.8611,42.8859,2
7.3311,58.2868,42.2812,2
7.4627,57.4940,47.8372,2
7.3014,58.1537,46.9613,2
7.4038,58.0003,52.5546,2
7.4493,57.8148,52.3070,2
7.6895,58.2094,57.5143,2
7.4821,57.6719,57.3024,3
7.5752,57.3835,63.6213,3
7.3179,57.8313,63.3628,3
7.4847,57.6468,68.7799,3
7.3911,57.5179,68.3361,3
7.6447,58.3977,74.0429,3
7.1304,58.0419,74.1096,3
7.5136,58.1302,79.1290,3
7.3539,57.7122,77.9984,3
7.4363,57.9506,84.4893,3
7.1009,58.0882,85.2378,3
7.3841,57.8762,89.6282,3
7.7749,57.5876,89.5753,3
7.2085,57.7306,94.7120,3
7.6379,58.4350,94.9609,3
7.2931,58.6426,99.7862,3
7.2542,57.3623,100.0000,3
7.5621,62.8306,0.0000,3
7.6601,62.1263,0.4031,3
7.0389,62.5457,5.6564,3
7.3606,62.2988,4.8804,3
7.2525,61.9662,9.6000,2
7.5408,62.4627,10.1756,2
7.4381,62.0256,15.9536,2
7.2429,61.8402,16.3155,2
7.3556,62.7119,21.0758,2
7.1832,62.4733,21.3680,2
7.5138,62.4624,25.9894,2
7.3430,62.0538,25.6704,2
7.3157,62.5062,31.6976,1
7.0992,61.6385,32.4113,1
7.3504,61.9110,36.7051,1
7.0730,62.5322,36.6456,1
7.6419,62.1208,42.8200,2
7.4198,62.3612,42.4648,2
7.4931,62.2096,47.2520,2
7.7515,61.8332,47.3706,2
7.3714,62.2260,52.4168,2
7.4314,62.0546,51.8406,2
7.3703,61.7751,57.0275,2
7.3958,62.2516,58.1581,2
7.4819,61.5255,62.4774,3
7.7631,61.7911,63.4633,3
7.2310,62.1292,68.1044,3
7.4807,62.1463,68.1969,3
7.1584,62.1856,73.0779,3
7.4539,62.8932,74.3593,3
7.5121,62.0796,77.9780,3
7.1040,62.4901,78.5525,3
7.2286,62.0556,83.6795,3
7.1231,62.0901,83.7648,3
7.2202,61.8709,89.7349,3
7.3220,62.0517,89.7722,3
7.3400,62.0218,94.9721,3
7.5021,62.0611,94.7771,3
7.2121,61.8471,100.0000,3
7.4574,62.2419,100.0000,3
7.3777,66.5247,0.4676,3
7.5507,66.2856,0.6935,3
7.4141,66.5055,5.4042,3
7.4178,66.0951,5.6138,3
7.9375,66.2034,10.5618,2
7.2792,66.1694,11.2985,2
7.2338,66.1736,14.9957,2
7.2169,65.8033,16.1054,2
7.9284,66.2058,20.2193,2
7.5484,66.0977,21.7023,2
7.3120,66.1262,26.2268,2
7.5200,66.2476,26.0674,2
7.3287,65.9342,31.7775,1
7.0111,66.1826,31.9586,1
7.4290,66.4929,36.8096,1
7.6024,66.5932,37.0652,1
7.5539,66.5409,41.8855,2
7.0996,66.4419,42.3783,2
7.5865,66.0349,46.9152,2
7.4604,66.2944,46.4255,2
7.4434,65.7601,52.1590,2
7.6388,66.8633,52.0238,2
7.3025,66.3286,58.7854,3
7.2698,66.1727,58.6691,3
7.2935,66.5324,62.4193,3
7.3342,65.8179,62.6302,3
7.5363,66.3008,68.2615,3
7.2187,66.2496,68.5716,3
7.5650,65.5282,73.2683,3
7.4002,66.2861,73.8859,3
7.4219,66.2243,78.6839,3
7.3193,66.6604,78.5814,3
7.3559,66.3708,84.9907,3
7.3084,66.6034,84.8265,3
7.3557,66.2526,89.3092,3
7.3173,66.5721,89.5892,3
7.4155,65.9782,94.2531,3
7.7971,66.2624,94.3495,3
7.6546,66.4003,100.0000,3
7.3408,66.2202,99.9152,3
7.0919,70.4999,0.1480,3
7.7385,70.5521,0.0000,3
7.3496,71.3482,5.6963,3
7.2062,70.7037,4.8922,3
7.0977,70.4218,10.5721,2
6.9940,70.1816,10.5315,2
7.2868,70.6448,15.1821,2
7.5112,70.1712,16.6108,2
7.0253,70.1985,21.2613,2
7.7013,70.6208,21.3341,2
7.3719,70.2184,26.0707,2
7.1260,70.1427,26.5167,2
7.1438,70.6222,30.9280,1
7.4277,70.3797,32.2823,1
7.4332,70.8970,36.4643,1
7.3796,70.2320,36.6353,1
7.3160,70.3086,41.4975,1
7.0857,69.8244,41.5771,1
7.4939,70.0468,46.6844,2
7.7266,70.3354,47.5289,2
7.4969,70.7251,51.8704,2
7.3222,70.0408,53.8547,2
7.0494,70.2120,57.3744,2
7.0691,70.9321,59.1060,3
7.2733,70.1302,62.0394,3
7.3196,70.4314,62.8322,3
7.4127,70.6449,68.5826,3
7.3052,70.1958,68.7540,3
7.3709,70.7928,74.0792,3
7.0841,70.0960,73.3064,3
7.1572,70.7529,79.1230,3
7.5883,70.6453,79.0517,3
7.6084,70.6672,84.2446,3
7.6645,70.5609,84.0584,3
7.2009,70.7372,90.0922,3
7.3583,70.9187,88.4887,3
7.3573,70.5143,94.3733,3
7.8452,70.5065,94.5330,3
7.3736,69.9255,99.6201,3
7.5651,70.3376,99.5856,3
7.6303,75.1389,0.2585,3
7.2774,74.6650,0.0000,3
7.1695,74.4235,4.9541,3
7.1615,74.2677,5.3729,3
7.4153,75.2471,10.1921,3
7.4276,74.8307,10.3994,3
7.5173,74.9694,15.9532,2
7.3173,74.6296,15.1056,2
7.2072,74.5502,20.4906,2
7.4564,75.0958,20.5986,2
7.4251,74.4266,26.1633,2
7.2304,74.9174,25.9764,2
7.5708,74.6631,31.2541,1
7.1178,74.8128,32.0266,1
7.4231,75.4085,37.5570,1
7.3069,74.6414,37.0770,1
7.2008,75.0867,42.2861,2
7.4197,74.9429,42.9667,2
7.4026,74.7029,48.1228,2
7.5619,74.6405,47.3710,2
7.4075,74.8454,51.9533,2
7.0599,74.4706,52.1492,2
7.2397,74.9273,57.8103,3
7.4077,74.3696,57.6639,3
7.4859,74.9153,62.7956,3
7.4008,75.3965,63.1491,3
7.2298,74.6847,68.4671,3
7.3382,74.7274,67.6993,3
7.1759,74.6920,73.6016,3
7.2552,74.6837,73.7147,3
7.5463,74.7071,79.1469,3
7.2601,74.9085,79.1352,3
7.5416,74.9509,84.5049,3
7.3487,74.8103,84.7423,3
7.2380,74.5483,89.5644,3
7.4515,74.4896,89.4363,3
7.3496,74.0723,94.6270,3
7.3370,74.6888,95.4448,3
7.1253,74.4895,98.6939,3
7.2722,74.6181,99.7450,3
7.5900,79.2056,0.0389,3
7.2943,79.2552,0.0000,3
7.2048,78.4325,5.0425,3
7.5193,79.6303,5.2940,3
7.2154,78.5919,10.8023,3
7.0155,79.1125,10.9352,3
7.4557,78.8815,16.0719,2
7.4026,78.7139,16.7147,2
7.2981,79.1801,19.8433,2
7.6237,79.3880,21.0675,2
7.4802,79.1149,25.9944,2
7.4778,78.7048,26.0114,2
7.5938,79.2398,31.2258,2
7.2217,78.7537,31.9453,2
7.1684,79.0544,37.2155,2
7.3508,79.2504,36.6899,2
7.3256,78.6542,42.6139,2
7.2151,79.0523,42.0696,2
7.1579,78.7646,48.0599,2
7.4088,78.6446,47.5211,2
7.3392,79.9836,52.7741,3
7.2923,79.3734,51.7111,2
7.3873,79.5457,57.8366,3
7.0218,78.8286,58.6220,3
7.4436,78.6957,62.8153,3
7.2565,79.0557,63.8270,3
7.5789,79.0842,67.7552,3
7.1028,79.1073,67.7483,3
7.3233,79.0386,73.1154,3
7.1636,78.9191,73.9360,3
7.5807,79.1295,78.9842,3
7.2192,78.6261,78.6919,3
7.4504,79.0484,83.1606,3
7.2113,79.3087,84.2501,3
7.0850,79.6541,89.4592,3
7.4453,79.0672,89.2899,3
7.2229,79.5839,95.2384,3
7.5328,79.1203,94.2352,3
7.6239,78.6944,100.0000,3
7.0405,78.3351,100.0000,3
7.2066,82.5611,0.2703,3
7.7924,83.5748,0.0000,3
7.3702,83.4242,5.8242,3
7.2997,83.1682,5.4135,3
7.4792,83.1180,10.4663,3
7.6444,83.5208,10.7650,3
7.7122,83.0420,16.6010,3
7.4769,84.1392,15.1932,3
7.2306,83.2835,21.2512,2
7.7584,82.9574,21.5051,2
7.6009,83.3693,25.8353,2
7.6500,83.5267,26.6156,2
7.4093,83.2257,31.5396,2
7.4966,83.1672,31.1547,2
7.1587,82.9323,36.9532,2
7.3630,83.2225,37.0925,2
7.2430,83.5976,41.9714,2
7.2817,83.3026,41.1870,2
7.2103,83.4522,46.4997,2
7.5919,83.6112,47.1837,2
7.4268,83.4936,52.3982,3
7.5420,82.9566,52.3928,3
7.2086,83.2607,58.4737,3
7.3316,82.7765,57.3534,3
7.4473,83.7111,63.3548,3
7.2910,83.3877,63.0381,3
7.2928,82.8704,69.1253,3
6.8606,83.3973,68.1892,3
7.2864,83.6656,73.3271,3
7.2324,83.1188,73.8911,3
7.2800,82.6857,78.5145,3
7.6247,83.1803,79.1729,3
7.3161,82.9600,85.0493,3
7.3308,83.0249,84.7586,3
7.2239,82.9795,89.4788,3
7.3685,83.2358,90.5195,3
7.4357,82.4445,94.9000,3
7.3760,83.1709,94.8598,3
7.3627,83.1421,100.0000,3
7.2600,82.8736,100.0000,3
7.2252,87.3985,0.0000,3
7.3917,87.0885,0.0000,3
7.5774,87.5100,5.5474,3
7.0142,87.9195,4.6672,3
7.6741,87.6749,10.8150,3
7.1974,87.4139,10.2909,3
7.3742,87.2935,14.7702,3
7.5928,87.3441,15.5471,3
7.2564,87.4760,20.6058,2
6.9174,87.4906,21.3122,2
7.3285,87.0240,26.3603,2
7.0755,87.0602,25.9404,2
7.5372,87.2596,31.3550,2
7.7594,87.4742,31.7484,2
7.2945,87.1895,35.7489,2
7.5622,87.5029,36.7525,2
7.3410,87.5893,41.3279,2
7.2504,87.0275,42.9910,2
7.5436,86.7076,46.6115,2
7.3420,87.2267,46.7062,2
7.7574,87.4622,52.8690,3
7.2300,87.5851,52.4414,3
7.3118,87.5517,57.0802,3
7.6878,87.4231,58.5352,3
7.1533,87.0915,62.5769,3
7.4185,87.3882,62.9257,3
7.1656,86.9884,68.3968,3
7.2753,87.1627,69.1946,3
7.3520,87.7494,73.4176,3
7.4174,87.3518,72.8354,3
7.6541,87.3279,79.3206,3
7.2180,87.3190,78.5139,3
7.6156,87.4618,84.3941,3
7.6401,87.7153,84.5932,3
7.0841,87.1597,88.9717,3
7.5139,87.4196,88.7784,3
7.3307,86.9202,94.7103,3
7.0373,87.5271,94.9258,3
7.7500,87.6228,99.7885,3
7.5320,86.9491,99.5188,3
7.4350,90.9315,0.0000,3
7.1644,91.6093,0.0000,3
7.4533,91.5847,5.9633,3
7.3698,91.3484,5.1397,3
7.0996,91.7008,10.8212,3
7.8623,91.3924,10.3924,3
7.2533,91.6426,15.9803,3
7.3577,91.9048,15.4810,3
7.5657,91.7405,21.0466,3
7.3054,92.3069,20.6441,3
7.4280,91.3539,27.2086,2
7.5458,91.3754,26.5721,2
7.4200,91.4240,31.9580,2
7.4463,91.6437,31.5580,2
7.4546,91.6478,36.8717,2
7.2402,92.0871,36.3169,2
7.4539,91.4829,42.9850,2
7.1877,91.3584,41.6204,2
7.4331,91.1670,47.1292,3
6.9379,91.6511,47.1183,3
7.0708,91.9046,51.9777,3
7.5278,91.3686,53.4324,3
7.5183,91.2765,57.4362,3
7.4895,91.5002,57.8101,3
7.6229,91.3543,63.2035,3
7.5593,91.8217,63.0781,3
7.3106,91.0573,67.8929,3
7.4321,91.5376,68.4585,3
7.5763,91.2227,73.5661,3
7.4062,91.3677,74.3999,3
7.5501,91.6660,79.8445,3
7.0686,91.5766,79.1305,3
7.1855,91.6692,83.6572,3
7.5065,91.8963,84.3467,3
6.9979,91.2889,89.7560,3
7.3727,90.7707,90.0951,3
7.3958,91.3332,95.2343,3
7.2329,91.3724,94.9160,3
7.7246,92.0660,100.0000,3
7.4609,91.8164,99.3715,3
7.4973,95.5693,0.1592,3
7.3229,95.9398,0.0591,3
6.7538,95.8431,5.5842,3
7.4576,95.7587,6.0842,3
7.4307,95.9208,11.0486,3
7.4409,95.5201,9.3071,3
7.2730,96.0178,15.6129,3
7.5287,95.8341,16.4335,3
7.3094,95.9298,21.3056,3
7.6687,95.2775,20.8234,3
7.5381,96.2532,26.4358,2
7.3099,96.0166,26.7501,2
7.2965,95.8886,32.1692,2
7.7465,96.0123,31.6010,2
7.3576,95.9567,36.7843,2
7.4063,95.4721,37.4906,2
7.1404,95.6598,42.1541,2
7.7666,95.6627,41.7723,2
7.2583,96.2871,45.9622,3
7.1679,96.6089,47.6639,3
7.1472,95.7769,52.6653,3
7.5376,96.3413,52.8259,3
7.2605,96.0256,57.5456,3
7.1618,95.2615,57.1122,3
7.1891,95.4361,63.3145,3
7.1285,94.8464,62.6359,3
7.2740,95.6078,69.1808,3
7.2457,96.0537,68.4116,3
7.3600,95.5389,73.6548,3
7.2154,95.8405,73.5661,3
7.1795,96.0870,79.1608,3
7.2788,95.8331,78.9055,3
7.1949,95.8106,83.9000,3
7.1794,95.3026,84.0312,3
7.4818,95.5811,90.7340,3
7.5456,96.1808,89.8713,3
7.7390,95.5534,93.4565,3
7.2792,95.9569,94.8126,3
7.4235,96.1857,100.0000,3
7.5282,95.5076,99.4523,3
7.6912,100.0303,0.0000,3
7.2441,99.8053,0.0000,3
7.1118,99.5499,5.1657,3
7.2498,100.3321,5.4097,3
7.4215,99.7771,10.4658,3
7.4406,100.2149,10.4794,3
7.5842,100.0024,16.1859,3
7.2705,99.4562,15.9237,3
7.5135,100.1726,21.2637,3
7.2987,99.7580,21.3285,3
7.4537,99.8317,26.8705,2
7.1918,99.8249,27.1340,2
7.5421,99.8926,31.7226,2
7.3994,99.1763,31.1257,2
7.3583,99.8930,36.9657,2
7.5943,99.9035,36.3133,2
7.4334,99.9020,42.0272,2
7.3101,100.6726,40.9849,2
7.2908,99.9989,46.9778,3
7.5484,100.2440,47.3445,3
7.3143,99.9664,52.5792,3
7.3527,99.9436,52.7578,3
7.5191,99.6309,57.3694,3
7.0187,100.2599,58.0199,3
7.4695,99.5712,64.0504,3
7.2467,100.0505,63.5851,3
7.1710,99.8361,68.5106,3
7.9399,100.0903,69.2242,3
7.6096,100.1104,73.1896,3
7.5804,99.5506,74.4846,3
7.4084,99.2049,78.7771,3
7.4992,99.9289,79.3049,3
7.1984,99.6082,84.1748,3
7.3747,99.8955,84.8242,3
7.1984,100.0939,89.5077,3
7.0571,99.6043,89.4796,3
7.7647,100.1738,93.8740,3
6.7463,100.2199,94.6887,3
7.5967,99.7358,100.0000,3
7.5377,99.8658,99.7870,3
9.7419,20.1628,0.0000,3
9.9316,19.8614,0.0000,3
10.1322,19.8186,4.9789,3
9.7237,20.0202,5.0698,3
9.7334,19.9881,10.6137,3
9.2653,20.5643,10.4527,3
9.8530,19.5866,15.5540,3
9.6024,20.4409,15.4966,3
9.8885,19.8049,20.8263,2
9.6877,20.3852,20.1077,3
9.4737,19.4158,25.7720,2
9.5745,19.5157,25.9487,2
9.3339,19.6946,32.1792,2
9.8176,20.0562,31.0776,2
9.4296,19.6583,36.8205,2
9.9105,20.2707,37.1574,2
9.5893,20.0074,41.9446,2
9.6966,20.6111,41.2243,2
9.6899,20.3635,46.6355,2
9.6081,19.8413,47.2568,2
9.4177,20.1786,52.9647,3
9.8385,19.7389,52.6748,3
9.5570,19.9002,58.9715,3
9.7560,19.6437,57.9849,3
9.4665,19.6403,62.6373,3
9.6480,20.2811,63.4471,3
9.8414,19.6703,68.1504,3
9.7912,19.8115,68.2819,3
9.8251,19.8954,73.7972,3
10.0554,19.9484,74.2739,3
9.8487,19.5598,78.3963,3
9.5701,19.7435,78.9022,3
9.8598,20.3765,84.3646,3
9.6477,19.3753,84.2458,3
9.7420,20.0549,90.5268,3
9.9850,20.2355,88.9926,3
9.6342,19.9715,94.3491,3
9.8369,20.1071,94.1927,3
9.9762,20.0307,99.1355,3
9.7266,20.0844,100.0000,3
9.6693,24.4589,0.0936,3
9.4738,23.7860,0.5613,3
9.9760,24.3074,6.0110,3
9.9482,24.4156,4.8075,3
10.0831,24.3714,10.3334,3
9.6032,24.2876,9.6908,3
9.8768,23.9245,15.9748,3
9.6325,24.1312,15.4110,3
9.7046,24.7773,21.7452,2
9.8077,24.2029,21.4747,2
9.9628,23.9616,26.2771,2
9.3725,24.5475,27.3483,2
9.7529,23.5730,31.8834,2
9.5560,24.0115,31.8922,2
9.7878,24.0641,36.5173,2
9.7620,24.0877,36.2875,2
9.6703,24.3124,42.0162,2
9.4541,24.5072,40.7359,2
9.6476,24.0245,47.4425,2
9.8492,24.5486,47.0122,2
9.8542,24.2693,51.7758,3
10.1170,23.7789,52.8413,3
9.8148,24.2932,57.6474,3
9.9023,23.7424,57.8618,3
9.6241,24.0073,63.3723,3
9.9523,24.1075,63.5482,3
9.7468,23.9427,68.2921,3
9.6769,24.0015,68.6353,3
9.7838,23.7333,72.8584,3
9.8218,23.9659,73.8352,3
9.8930,23.8292,78.2416,3
10.0717,24.3160,78.7377,3
9.5501,24.0574,83.6152,3
9.9135,23.9775,84.7573,3
9.6567,23.8975,89.2605,3
9.2120,24.1743,89.3886,3
9.9018,23.6446,95.3178,3
9.9010,24.5861,94.7105,3
9.9396,23.7692,100.0000,3
9.5826,23.7151,99.4379,3
9.7379,28.1738,0.1880,3
9.3752,27.7829,0.6862,3
9.9176,28.1063,5.2617,3
9.9407,28.5468,5.3373,3
9.9559,28.2018,10.5419,3
9.7333,28.3392,10.3314,3
9.7514,28.4314,15.2653,3
9.8972,28.1281,15.6804,3
9.6778,28.5285,19.9931,3
9.9150,28.2180,21.6626,2
9.6412,28.4064,27.2727,2
9.6814,28.7927,26.3353,2
9.8199,28.4420,32.0029,2
9.5997,28.1258,31.2597,2
9.7568,28.3548,37.1972,2
9.9978,28.1283,36.4751,2
9.4496,29.0302,42.2576,2
9.8328,28.0190,42.1047,2
9.8387,28.3452,47.9063,2
10.1992,28.1369,46.8574,2
9.5613,28.9029,53.1528,3
9.7097,28.4320,52.2233,3
9.9148,28.3071,57.7647,3
9.8586,28.3647,57.7773,3
9.7390,28.6597,63.9811,3
9.8539,28.6620,63.0580,3
9.5953,28.6172,68.5067,3
9.4523,28.3226,68.3796,3
9.6348,28.8656,73.9241,3
10.0115,28.5001,73.7249,3
9.5495,28.4246,78.9539,3
9.4634,28.2592,78.7857,3
9.8195,28.5595,83.9199,3
9.8306,28.3664,82.7757,3
9.6399,28.7447,88.6328,3
9.7594,28.8966,89.0934,3
9.7373,28.0298,95.5505,3
9.7202,28.4350,95.4140,3
9.8691,28.1584,99.6764,3
9.8358,28.2338,98.9414,3
9.7262,32.1875,0.8081,3
9.7722,32.3600,0.0000,3
9.3590,32.3017,5.7713,3
10.1832,32.8495,5.2171,3
9.6505,32.3446,11.5562,3
9.6991,33.2663,11.2231,3
9.3887,32.4318,15.4550,3
9.7209,32.6135,17.2876,3
9.5214,32.7003,21.3609,2
9.7365,32.6646,20.5302,2
9.7581,32.7850,26.4796,2
9.8509,33.0554,26.7843,2
9.7511,32.2801,31.2789,2
9.6929,32.7073,31.3398,2
9.5497,32.2751,36.0165,2
9.6899,32.1907,36.3418,2
9.6581,32.2308,42.2951,2
9.8849,32.4668,41.8867,2
9.8443,32.4174,46.9771,2
9.9761,32.8968,47.6692,2
9.9220,32.0384,53.3085,3
9.8153,32.9348,52.8252,3
9.7466,32.5490,58.0783,3
9.6745,32.8919,57.1015,3
9.6285,33.2450,62.8449,3
9.6891,32.3668,63.3258,3
9.5896,32.5759,68.8455,3
9.5971,32.8682,68.8322,3
9.9478,32.6737,75.3048,3
9.9477,32.7290,73.2462,3
9.7174,33.0595,79.8021,3
10.0325,32.8671,78.3195,3
9.8343,32.2592,83.4668,3
9.7847,32.7885,84.6622,3
9.8363,32.7911,88.9814,3
9.7158,32.1794,88.4720,3
9.8850,32.4056,95.1731,3
9.9585,32.4458,95.0320,3
9.6046,32.0778,100.0000,3
9.6427,32.4996,100.0000,3
9.4317,36.9570,0.0000,3
9.9185,36.9316,0.1897,3
9.5479,36.6124,5.7268,3
10.0910,36.9862,4.8144,3
9.8046,37.5703,10.5775,3
10.0292,36.6200,10.5053,3
9.8608,36.9613,15.4063,3
9.5749,37.1386,16.3852,3
10.0393,37.3833,21.1199,2
9.6746,37.2474,21.4092,2
9.5404,36.5320,26.5618,2
9.7014,36.8342,26.8521,2
9.8886,37.2411,30.6132,2
9.7875,37.0505,30.8157,2
9.6059,36.5900,36.8530,2
10.0624,37.4489,36.4350,2
9.8422,37.0097,42.2991,2
9.8166,36.9332,42.9490,2
9.9573,36.5241,47.7663,2
9.9153,36.9366,47.9341,2
9.7745,36.9022,52.6922,3
9.3332,36.8180,52.2975,3
9.4996,37.2723,58.1468,3
9.7309,36.6727,58.0428,3
9.9351,36.5940,63.1555,3
9.9105,36.2613,63.1291,3
9.6510,36.8020,68.1702,3
9.7644,37.4192,68.2591,3
9.7952,37.4405,73.4092,3
10.0998,36.8437,74.5752,3
9.8869,36.9342,78.9146,3
9.6120,36.8648,79.3960,3
9.7342,36.7471,84.0851,3
9.9353,37.2097,83.8770,3
9.6031,36.9559,90.2374,3
9.9660,36.4665,89.3416,3
9.5507,36.7619,95.5390,3
9.4523,36.3564,94.3226,3
9.7943,37.0283,100.0000,3
9.9720,36.3132,100.0000,3
9.6744,41.2721,0.0000,3
9.7378,41.1235,0.5779,3
9.4198,41.0619,4.7205,3
9.8379,41.2858,5.9067,3
9.6298,41.3308,11.2068,3
9.4082,41.2363,11.0056,3
9.6851,40.6894,16.2610,3
9.4969,40.9991,15.7694,3
9.8799,40.8646,20.7103,2
9.7566,41.3545,22.1964,2
9.4353,41.1472,25.7725,2
9.9406,40.7711,25.9785,2
9.6190,41.0298,31.7405,2
9.8336,41.0509,30.9140,2
9.8824,41.0367,37.4230,2
9.5953,40.5719,36.8251,2
9.9960,41.1009,42.0054,2
9.5628,41.5800,41.5905,2
9.5918,41.2236,46.4404,2
9.9918,41.2399,47.8180,2
9.8485,41.0043,52.1000,3
9.7088,40.7601,52.8747,3
9.8982,41.4957,58.0806,3
9.9218,40.9635,57.6556,3
9.8316,40.9367,63.2925,3
9.5246,40.7881,63.4756,3
9.9142,40.7569,68.7564,3
9.6303,41.0576,69.1295,3
9.8983,41.2914,74.6386,3
9.5961,40.7569,73.3232,3
9.6859,40.3463,78.8437,3
9.6279,41.2878,79.1236,3
9.6167,41.2296,84.5722,3
9.5831,40.9047,83.0978,3
9.5187,40.8299,89.5108,3
9.5478,40.8986,88.8610,3
9.7711,41.1803,94.9380,3
9.7393,40.5903,94.4269,3
9.6554,40.9316,100.0000,3
10.0220,41.2963,99.5062,3
9.8725,45.4552,0.0000,3
9.9066,45.2150,0.0000,3
9.8279,45.3282,5.1493,3
9.7294,45.0474,5.5682,3
9.7282,45.3131,10.7049,3
9.5059,44.9949,9.4213,3
9.8498,44.8995,15.8558,2
9.8110,45.4439,15.1875,2
9.7238,45.7642,21.9098,2
9.9343,45.3644,20.5501,2
9.8806,45.2158,26.5961,2
9.6103,45.2113,26.3979,2
9.7861,45.4113,31.2894,2
9.4682,45.7506,32.8236,2
9.8263,44.8660,36.4555,2
9.8387,45.6655,36.2357,1
9.7120,45.3219,42.5376,2
9.6681,44.7940,42.4159,2
9.9618,45.2384,47.5710,2
9.6419,45.0094,47.8816,2
9.8143,45.4103,53.3826,3
9.5259,45.0975,52.7105,2
9.6240,45.4981,57.8010,3
9.5383,45.2829,57.9799,3
9.9238,45.3811,63.3885,3
9.8009,45.2067,62.7998,3
9.7946,45.1632,69.2660,3
10.0053,45.4530,68.6103,3
9.7193,44.8848,73.5761,3
9.7571,45.3320,73.9190,3
9.9211,45.0555,78.6058,3
10.0270,45.4945,78.7520,3
9.7154,45.2323,84.2263,3
9.8314,46.0237,84.3054,3
9.8694,44.7572,89.2312,3
9.9826,45.3839,87.2791,3
9.8716,45.8386,93.7389,3
10.0407,44.4316,95.2058,3
9.7351,44.5582,100.0000,3
9.9670,45.3723,100.0000,3
9.6545,48.9153,0.3459,3
10.0868,49.8126,0.0000,3
9.4339,49.2199,4.4667,3
9.7457,49.5917,4.5480,3
9.8923,49.6540,10.2522,3
9.7023,48.8887,10.3602,3
9.7383,49.5243,15.9789,2
9.7857,49.3944,15.9326,2
9.9372,49.4450,21.2114,2
9.6996,49.2797,21.3141,2
9.6258,49.5895,26.3299,2
9.6761,49.3752,26.0617,2
9.4077,49.5886,31.6947,1
9.9068,49.3142,32.5266,1
9.6609,49.2112,36.3453,1
9.3901,49.9335,37.5276,1
9.8570,49.2049,43.0109,2
9.6665,49.3930,42.8239,2
9.8686,50.1340,47.4928,2
9.6574,49.2901,46.4449,2
9.6811,49.8171,52.9310,2
9.7409,49.1752,52.7450,2
9.9394,49.6029,57.9781,3
9.5775,49.7338,56.3288,3
9.8134,50.2448,62.4037,3
9.6886,49.4713,62.9266,3
9.9441,49.6154,68.4972,3
9.8963,49.4787,70.0110,3
9.7671,49.5323,72.8290,3
9.6282,49.8179,73.0165,3
9.3053,49.4834,79.6327,3
9.7453,49.3728,78.0181,3
9.8273,49.6721,83.3197,3
9.9637,49.7034,84.7767,3
9.8535,49.6698,89.7340,3
9.9105,48.9281,88.7232,3
9.5896,49.4347,94.9309,3
9.8018,49.8088,95.3111,3
9.5624,49.5453,99.5761,3
9.6992,49.5702,98.2956,3
10.2191,53.8541,0.0000,3
10.1223,53.5800,0.0663,3
9.6394,54.1798,5.2107,3
9.7667,54.0453,5.5557,3
9.7260,54.0173,11.7956,2
9.8003,53.7192,10.6116,2
9.9989,53.5045,15.6503,2
9.4294,53.3291,15.5306,2
9.7257,54.2149,21.3206,2
9.5544,53.4658,21.7400,2
9.9622,53.6927,26.0945,2
9.9618,53.3862,26.5118,2
10.1914,53.7458,31.1911,1
9.8189,53.5432,30.8819,1
9.8770,54.0196,36.6867,1
9.6614,53.3957,36.7671,1
9.6244,53.3809,43.0513,2
9.8301,53.8559,42.5470,2
9.8910,53.5603,47.5047,2
9.6830,53.8158,47.5393,2
9.6603,53.2854,52.7047,2
9.6960,53.1171,52.8854,2
9.9299,54.4427,57.6991,2
9.6291,53.3514,57.9991,3
9.7773,53.4408,63.0704,3
9.3411,53.9621,62.7726,3
9.7299,53.2562,68.1299,3
9.6809,53.6808,68.6609,3
10.0247,53.9040,74.1653,3
10.0261,53.8551,73.6659,3
9.9387,54.0061,79.2717,3
9.4459,53.4318,78.8099,3
9.8928,53.6778,84.7790,3
9.9999,54.0440,84.8133,3
9.5294,53.8290,89.1699,3
9.4070,53.5980,90.1361,3
9.8290,54.2896,94.8255,3
10.2264,53.7375,94.7481,3
9.4810,54.0174,99.7489,3
9.6074,54.0686,100.0000,3
9.9633,57.7861,0.0000,2
9.7249,58.1295,0.7768,2
9.8105,58.4872,5.7118,2
9.6899,58.1433,6.1161,2
10.1365,58.2508,10.5392,2
9.6935,58.0676,11.3633,2
9.8236,58.0311,15.8152,2
9.6713,57.8461,15.8572,2
10.0805,57.8228,21.0789,2
9.5638,58.1097,21.7360,2
10.0617,57.9557,26.6030,2
9.7061,58.0531,26.4728,2
9.7485,57.9361,31.8049,1
9.6780,57.8220,32.4326,1
10.2790,57.5334,36.2124,1
9.5454,57.8638,37.2900,1
9.8551,57.9463,42.3697,2
9.5984,57.8215,42.0952,1
9.4200,57.5463,46.8076,2
9.8897,57.9683,47.6740,2
9.3689,57.4497,52.9632,2
9.1811,58.2621,51.7199,2
9.9055,57.6282,58.4192,2
10.3785,57.2128,58.2424,2
9.3752,58.0228,63.0545,3
9.7628,57.6212,63.5482,3
9.4472,58.2672,68.2164,3
9.4563,58.3732,68.3874,3
10.1184,58.2611,73.2851,2
9.7198,57.9310,74.4474,3
9.8243,57.9476,78.8474,2
9.7267,58.2861,78.9492,2
9.6578,57.7254,83.9336,3
9.4564,57.6696,84.9597,3
9.6955,58.1061,88.2343,2
9.8505,57.8463,89.2330,2
9.7730,57.7460,93.6749,3
9.9213,57.9676,94.5799,2
9.5436,57.4538,100.0000,3
10.0595,57.9557,99.3086,2
9.7819,62.0893,0.4320,2
9.8582,61.2095,0.2726,2
9.5361,61.6787,5.1689,2
9.8190,61.6130,5.6154,2
9.8895,62.1194,10.0925,2
9.5410,62.4130,9.7707,2
9.9497,62.0557,15.7416,2
9.3952,62.0612,16.0963,2
9.4696,62.2549,21.0971,2
9.6081,62.3617,19.9515,2
9.8062,62.5911,27.0358,2
9.8148,62.0148,25.9979,2
9.6763,62.2684,31.1753,1
9.8883,62.7452,31.5480,1
9.4680,61.7018,37.2304,1
9.7249,62.3683,36.5753,1
9.9030,62.0578,41.7390,1
9.6566,61.7461,43.0999,2
9.7176,62.2986,47.1000,2
9.5265,62.0351,47.9190,2
9.6327,61.8441,52.7093,2
9.8366,62.5981,52.8085,2
9.8656,62.3210,57.3182,2
9.5442,61.7801,57.2287,2
9.8959,62.1923,63.1976,2
9.2183,62.7219,62.7108,2
10.1472,61.6705,68.0149,2
9.2963,62.2139,67.8704,2
9.5222,61.6935,74.0729,2
9.8791,62.6489,73.3414,2
9.7806,61.7185,78.7798,2
9.6331,62.2446,79.4559,2
9.9351,61.8524,84.7098,2
9.7280,62.0079,83.8563,2
9.6249,62.6280,89.6274,2
9.7718,62.0266,90.6967,2
9.9978,61.8889,94.6000,2
9.6940,62.1490,94.3862,2
9.8246,62.5409,99.3432,2
9.5112,61.9603,99.7816,2
10.1365,66.6163,0.4722,2
9.6840,66.2299,0.0000,2
9.8932,66.4631,5.9062,2
9.6947,66.2733,5.3482,2
9.9152,65.8747,10.8943,2
9.7327,65.9982,9.4840,2
9.7095,66.7501,16.6268,2
9.8079,66.9044,15.7680,2
9.9275,66.1804,20.7953,2
9.6013,65.6976,21.6962,2
9.6085,66.0754,25.7258,2
9.6960,66.8448,27.3627,1
9.4047,66.2095,31.0618,1
9.9345,66.4018,31.2607,1
9.7514,66.1726,37.6492,1
9.8462,66.5167,35.5086,1
9.7235,66.9408,42.7683,2
9.3674,66.2218,41.5045,1
10.0791,66.3891,46.9845,2
9.7437,65.5336,46.8259,2
9.7441,66.5695,51.6609,2
9.6606,66.6187,51.9059,2
9.7827,66.3356,58.7519,2
9.6908,66.2643,58.3222,2
9.4716,66.2495,62.9300,2
9.7091,66.5703,63.4350,2
9.5871,66.3568,69.1663,2
9.5706,66.3593,68.3245,2
9.7242,65.8266,74.3896,2
9.5820,66.6236,73.3735,2
9.6117,66.6797,79.4443,2
9.7786,66.5441,78.8031,2
9.7352,66.1173,84.6626,2
9.5982,66.7613,84.0526,2
9.7409,66.5434,89.4856,2
9.6773,66.3068,89.9206,2
9.6043,66.2779,94.7420,2
9.9098,66.2858,95.6410,2
9.7055,66.2445,99.9145,2
9.4735,66.0048,99.7347,2
9.9640,70.5164,0.0000,2
9.9821,70.9917,0.6277,2
9.5662,70.3777,6.1700,2
9.7851,70.4460,5.6223,2
9.9383,70.3549,10.6360,2
9.9222,70.1782,10.5325,2
9.5140,70.2312,15.5079,2
9.8323,70.4297,15.4653,2
9.7472,70.1822,21.2670,2
9.9631,70.5026,20.9513,2
9.8115,69.9178,26.5842,2
10.3572,70.4895,26.2562,2
9.8856,71.0199,32.0664,1
9.3057,70.6953,32.8649,1
9.8613,70.1799,36.9830,1
9.4807,70.8962,36.3642,1
9.7517,70.2690,41.8320,1
10.0341,70.5574,41.8257,1
9.5078,69.9648,46.7428,2
9.7592,70.8204,47.0882,2
10.0510,70.3111,52.5126,2
9.5209,70.8235,53.6803,2
9.3845,70.4225,58.5271,2
9.4475,70.6963,58.5055,2
9.7525,70.6914,64.0383,2
10.1265,70.5077,62.8917,2
9.5528,70.8194,67.7352,2
9.6863,70.5571,68.1695,2
9.7928,71.2957,73.6234,2
9.6498,70.8309,73.8040,2
10.0247,70.5757,78.8232,2
9.3801,70.0404,78.0295,2
9.8127,70.1176,84.8383,2
9.7429,70.4531,83.7886,2
9.8613,70.2850,88.9810,2
9.9745,70.6327,89.3562,2
9.8651,70.5290,94.9284,2
9.5735,71.1474,94.4470,2
10.0480,70.4697,100.0000,2
9.8837,70.8704,99.5797,2
9.9520,75.2908,0.0000,3
9.7438,74.5798,0.0000,3
10.0791,74.4356,4.7921,3
10.0590,74.9242,6.3233,3
9.6468,74.7747,10.1960,2
9.7655,74.2046,10.8688,2
9.8015,74.7196,15.5943,2
9.5579,74.9552,15.2039,2
9.8392,75.3592,21.7954,2
9.4358,74.5758,21.2634,2
9.7228,74.3170,26.5084,2
9.7348,75.3111,26.1892,2
9.9704,74.3567,31.0649,1
9.8812,75.0620,31.1003,1
9.7417,74.3224,36.7515,1
9.9042,74.6064,36.7176,1
9.5109,74.5423,42.9843,2
9.7514,74.4361,41.9479,2
9.4174,74.4326,48.0486,2
9.7083,75.3041,47.3207,2
9.7296,74.9291,51.2953,2
9.7778,74.7221,53.3746,2
9.9298,74.3967,58.5158,2
9.6844,74.4655,57.9933,2
9.6963,75.1984,63.3282,3
9.7780,75.0070,63.7043,3
9.8936,75.1627,68.7254,3
9.7704,75.1086,68.3756,3
9.7435,75.2533,74.4952,3
9.7352,74.6008,74.4158,3
9.8969,74.8315,78.7864,3
9.8032,74.7303,78.6152,3
9.7627,74.8165,84.0228,3
9.9176,75.1235,84.6955,3
9.6816,74.9636,89.5127,3
9.4897,74.9387,89.5468,3
10.2556,75.1740,95.0924,3
9.7867,74.7860,94.2350,3
9.3890,74.4751,99.9761,3
9.3157,74.5735,99.8762,3
9.6938,78.7488,0.0000,3
10.0816,79.1460,0.0000,3
9.7232,78.9389,4.8792,3
9.5830,79.2505,5.0533,3
9.5179,78.9344,10.5853,3
9.3423,78.9351,10.9603,3
9.8271,79.6163,16.4150,2
10.0266,79.7874,16.1686,2
9.7695,79.2395,20.7730,2
9.7584,78.7531,21.2516,2
9.6065,78.7413,26.5225,2
9.7093,78.3691,25.5880,2
9.5074,78.6825,31.7862,1
9.7806,79.2670,31.9553,1
9.9512,79.1299,36.9469,1
9.9567,79.2232,37.0302,1
9.9911,78.2436,41.9600,2
9.6757,79.2932,42.8910,2
9.4468,79.3707,46.7827,2
9.5086,78.8771,47.2093,2
9.4252,79.1423,52.9713,2
9.9476,78.8173,52.6118,2
9.7308,79.4538,56.4776,3
9.5455,78.9490,57.3520,3
9.6852,78.9095,62.8291,3
9.7497,79.1358,63.0398,3
9.6462,78.8976,68.4173,3
9.3888,79.0858,68.1955,3
9.9891,79.1247,74.2692,3
9.5346,78.8360,73.0630,3
9.5958,79.3230,79.6911,3
9.5072,78.8099,78.9093,3
9.8540,78.4194,83.4090,3
9.8348,78.3627,83.9871,3
9.7693,79.0721,89.4028,3
9.6637,79.2007,89.6163,3
9.6074,78.9587,94.9284,3
10.0805,79.1833,95.3441,3
9.6147,78.7901,99.8823,3
9.7081,78.6450,100.0000,3
9.9135,83.0662,0.3209,3
9.7814,83.3738,0.0000,3
9.7077,83.1405,5.5750,3
9.6112,82.4079,4.7223,3
9.7246,83.1771,11.3682,3
9.8534,83.1824,10.5101,3
9.9577,82.9809,15.7193,2
9.5190,83.5836,15.9857,2
9.5953,83.1236,21.3075,2
9.6867,82.9976,20.7255,2
9.8046,83.0505,26.0889,2
9.4696,83.1812,26.2252,2
9.6725,83.2175,31.9529,2
9.8772,83.3237,31.4586,1
9.6234,82.8447,36.5455,2
9.7408,82.9220,36.8901,1
9.5438,82.6596,42.5150,2
9.6420,82.9068,41.5583,2
9.8214,83.5704,47.1669,2
9.6937,83.4794,46.4632,2
10.1302,83.8911,51.2784,2
9.7173,82.9422,52.4992,2
9.6532,83.4014,57.8385,3
9.5547,83.1062,58.1521,3
9.5001,82.6640,64.1543,3
9.6084,83.1167,62.9590,3
9.8465,83.6897,68.7110,3
9.4332,82.7427,68.2216,3
9.6832,82.6413,74.0939,3
9.5196,83.6059,74.5945,3
9.6872,83.2896,78.3314,3
9.8616,83.0084,78.4037,3
9.6790,83.0182,84.0479,3
9.9268,82.9223,85.0780,3
9.4718,83.6425,88.9654,3
9.7366,83.0108,89.3018,3
9.8971,83.6078,95.3321,3
9.6559,83.2132,94.3458,3
9.5385,82.8140,99.7812,3
9.7868,82.5844,99.9768,3
10.0400,87.7050,0.0000,3
9.4575,87.5064,0.0000,3
9.9589,87.3043,6.1788,3
9.3914,87.6439,5.2129,3
9.6706,86.9575,10.8242,3
9.8721,87.9040,11.0303,3
9.6181,87.0673,15.1052,3
10.0315,87.1350,16.5296,2
9.8419,87.4674,20.8992,2
9.8690,87.3638,20.8680,2
9.8760,87.3252,25.9166,2
9.8568,87.3492,26.5602,2
9.6461,87.0057,32.4465,2
10.0462,87.6336,31.3850,2
9.6768,87.7831,36.6652,2
9.6103,87.9301,36.8183,2
10.0905,86.9489,42.3644,2
10.1511,87.3773,41.9733,2
9.5033,87.6931,46.9834,2
9.7179,86.9981,48.1469,2
9.9678,87.3589,52.0545,3
10.0440,87.2586,52.0790,3
9.3844,87.1746,57.1674,3
9.6123,87.5917,57.7070,3
9.8080,87.1514,63.1905,3
10.1210,87.2639,63.3501,3
9.4237,87.8245,68.1824,3
9.9469,87.3315,68.7268,3
9.8710,87.2327,74.2302,3
9.5850,87.6018,73.4891,3
9.8068,87.2298,78.9724,3
9.5219,87.4427,78.9695,3
9.6288,87.3519,84.2775,3
9.6136,87.3298,83.7077,3
10.2060,87.6862,89.6102,3
9.9713,86.7746,88.1948,3
9.6570,86.9548,94.6185,3
9.7780,87.6445,94.1677,3
9.8168,87.3727,100.0000,3
9.6329,87.7834,99.9482,3
10.0917,91.3418,0.3714,3
9.7249,91.4806,0.3162,3
9.6770,90.7804,3.7317,3
9.9913,91.9480,6.2068,3
9.7333,91.1912,10.3165,3
9.7391,91.2768,11.3506,3
10.1847,91.7224,15.7840,3
9.4778,92.0429,15.8276,3
9.6790,91.7233,20.7598,2
9.7662,91.1462,21.5962,2
9.7160,91.9266,26.2152,2
9.7096,91.2153,26.6957,2
9.5617,91.4330,31.5795,2
9.7611,91.0671,31.4635,2
9.8959,91.4654,36.7297,2
9.7693,91.5412,36.3268,2
9.7296,91.8772,41.5797,2
9.6619,91.1645,42.5760,2
9.7184,91.3239,47.4146,2
9.4961,91.2689,46.6384,2
9.5235,91.9861,52.2650,3
9.8301,91.3281,53.0113,3
9.5316,91.5907,57.9212,3
10.2024,91.7681,57.5983,3
9.8739,92.2204,62.3431,3
9.5683,91.5079,62.9494,3
9.6703,91.1877,69.1230,3
9.4523,91.5189,68.9440,3
9.7308,91.2851,73.0099,3
9.6908,91.3518,73.7868,3
9.4566,91.8229,79.0051,3
9.7748,92.0113,78.7285,3
9.5917,91.4146,84.1143,3
9.7186,91.3297,83.1990,3
9.6247,91.6869,89.5418,3
9.9768,92.1656,89.8533,3
10.0133,91.8090,95.5918,3
10.1070,91.8643,95.0900,3
9.6958,91.5665,99.8311,3
9.8611,91.3628,99.9044,3
9.2658,96.3064,0.0000,3
9.8280,96.2268,0.1501,3
10.0257,95.4170,6.4618,3
9.9543,95.8522,5.9757,3
9.5031,95.7029,11.2484,3
9.3634,95.9576,10.7924,3
10.1307,95.3146,16.5943,3
9.6249,95.6554,15.1785,3
9.5193,95.9105,20.4965,3
9.8849,95.5906,20.4461,3
9.6313,95.8905,26.1771,2
9.7437,95.9983,26.8570,2
9.6748,95.4762,31.6170,2
9.8310,95.3513,31.1336,2
9.5930,95.7271,36.4616,2
9.8783,95.3079,36.0522,2
9.6701,95.7368,41.3779,2
9.6155,95.6692,41.9086,2
9.7672,95.5910,48.1073,3
9.8345,95.5473,47.4157,2
9.7616,96.1539,52.3314,3
9.8903,95.8020,53.3774,3
9.9950,95.8486,57.7636,3
9.8382,95.7353,58.7349,3
9.7525,95.6678,62.9281,3
9.4942,95.9564,62.7479,3
9.9565,95.4016,68.4847,3
9.9669,95.1438,69.4302,3
9.6518,95.8318,73.9699,3
9.8821,95.8716,74.1829,3
9.8407,96.3177,79.2085,3
10.1298,96.0598,78.0445,3
10.2591,95.6172,84.9583,3
9.7422,96.1078,83.8663,3
9.8620,95.7135,90.2632,3
9.8246,96.0703,88.3916,3
9.7197,95.9126,94.8486,3
9.9291,95.6797,94.7612,3
9.9731,95.1059,100.0000,3
9.6701,95.5158,100.0000,3
9.9823,100.3117,0.0000,3
9.9120,100.2604,0.0000,3
9.5982,99.8094,5.6821,3
9.7284,99.6861,4.4207,3
9.9032,99.8360,10.6915,3
9.9848,99.6073,10.5037,3
9.7027,100.1139,16.4091,3
9.4710,100.1709,16.3052,3
9.6996,99.9588,21.2619,2
9.8058,100.1747,21.3333,2
9.5404,100.2971,26.8992,2
9.7741,99.5518,26.2584,2
9.7757,99.6566,31.3989,2
9.4550,100.1822,31.6619,2
9.4077,100.1054,36.8139,2
9.8401,99.8825,36.4414,2
9.5827,99.8385,42.1147,2
9.7664,99.9428,41.8936,2
9.6666,100.7523,46.9831,2
9.6252,100.9882,47.5789,2
9.4608,100.2528,52.1766,3
9.9187,99.9367,52.4117,3
10.0587,100.1699,58.3812,3
9.8238,99.8667,58.2004,3
9.9787,100.0404,64.0587,3
9.9069,100.0636,63.2836,3
9.7643,99.6246,68.3760,3
9.7811,99.8752,68.5899,3
9.7411,100.2321,74.0158,3
9.7703,99.5898,74.5796,3
9.7085,99.9757,78.7761,3
9.6392,100.4632,79.6404,3
9.8257,99.9678,84.5201,3
9.7516,99.9429,84.3796,3
9.6486,100.0757,89.5758,3
9.8574,99.8143,89.8288,3
9.5556,99.8282,94.4724,3
9.5224,100.3047,94.2523,3
9.5971,100.3766,99.7147,3
9.6992,99.6964,100.0000,3
12.2746,20.2217,0.2688,3
12.1200,19.8427,0.0000,3
12.3632,20.2294,4.9165,3
12.1132,19.9100,4.6991,3
12.1408,19.8754,10.0500,3
11.8094,19.5309,10.3406,3
12.0882,19.7374,16.1148,2
12.0922,20.1731,15.6980,2
11.9478,20.0342,20.4213,2
12.2132,19.7189,21.5117,2
12.0376,20.3188,25.7545,2
11.9697,20.1143,26.9010,2
12.4386,20.0124,32.4978,1
12.0473,20.3296,31.1079,2
12.1893,19.2975,36.2813,1
12.1986,19.6063,37.0556,1
12.2866,19.8496,41.6208,2
12.0104,19.7103,42.0547,2
12.1257,19.9082,48.2056,2
11.9614,20.4174,46.8478,2
12.1198,20.3549,53.1973,2
12.0212,20.1665,52.8422,2
11.9973,20.1848,58.8260,3
12.1996,20.1699,58.2308,3
11.8131,20.1381,62.6495,3
11.9873,20.6486,63.0313,3
11.9572,20.3458,67.9472,3
12.0158,20.3747,68.4424,3
11.7929,20.1632,73.4860,3
12.4132,19.8181,74.2098,3
12.4604,19.7447,78.8508,3
12.1830,19.7428,79.0825,3
12.0603,19.9265,84.2350,3
12.1195,20.0492,83.9111,3
11.9942,19.9644,89.4513,3
12.0175,20.0972,88.5663,3
11.9592,19.9160,94.3088,3
12.4311,20.0057,94.8252,3
12.0086,19.9953,99.3924,3
12.0713,19.7189,99.8613,3
11.5933,23.8721,0.7320,3
12.2713,24.6062,0.6939,3
12.2399,24.0747,4.7445,3
12.3346,24.2299,6.5102,3
12.0322,24.8024,10.4479,3
12.3725,24.7195,10.0148,3
12.0083,23.9006,15.1745,2
12.2387,24.1515,15.8157,2
12.2165,23.6533,21.6960,2
12.0354,24.3702,21.3630,2
12.3794,24.1791,25.2540,2
12.1167,24.2707,25.7987,2
12.1348,24.1022,30.9076,2
12.2396,24.0414,31.3758,1
12.0127,24.5812,36.8216,2
12.1211,24.0783,37.0735,2
12.3751,24.4049,42.4487,2
12.2265,23.7965,41.6672,2
12.0643,23.9928,46.8362,2
11.7308,23.8066,47.2402,2
12.0914,23.9726,52.6710,2
12.0185,24.5377,52.5508,2
12.2445,24.2715,57.1937,3
12.0871,23.8398,57.8407,3
11.9562,24.3251,62.4867,3
12.1082,24.3823,63.6117,3
11.9524,24.2159,68.5131,3
12.4147,23.7661,67.9655,3
12.6662,24.1286,72.7387,3
11.9888,23.3799,73.8047,3
12.2672,23.9370,78.7120,3
12.2900,23.6855,78.2866,3
12.0596,23.9848,84.0636,3
11.8525,24.2748,84.1359,3
12.2151,24.2706,89.5770,3
11.8160,24.3583,89.3083,3
12.0719,24.5250,94.3771,3
12.3755,24.6439,95.1132,3
11.9091,23.5546,100.0000,3
12.1275,23.9870,100.0000,3
11.9330,28.2938,0.2624,3
11.8825,28.3882,0.5446,3
12.1475,28.7953,5.8300,3
12.1068,27.7200,4.7103,3
12.2579,27.9560,10.3630,3
12.1730,28.8619,10.2388,3
11.9766,28.4053,15.9649,2
12.0744,28.7358,15.3899,2
12.1293,28.5546,20.8525,2
12.2732,28.4657,21.4471,2
12.1441,28.5340,25.9996,2
11.9791,28.7884,26.6335,2
11.9007,28.4753,30.3921,2
11.9905,28.7094,31.5164,2
12.1288,27.5161,36.6460,2
12.1729,28.5606,37.3233,1
12.0632,28.3714,41.4392,2
12.0644,28.0426,41.1813,2
11.8882,28.8737,47.2331,2
12.1492,28.2670,46.4731,2
12.2925,27.7694,52.3542,2
12.0943,28.4902,52.2683,2
11.7377,28.1807,57.5204,3
11.9506,28.7121,57.2879,3
12.1655,28.4685,63.6381,3
12.0786,28.6584,63.0718,3
12.1921,27.9702,67.1019,3
12.1808,28.5504,68.6588,3
12.0003,28.8680,73.4543,3
12.1894,28.5994,74.5436,3
12.0419,28.2251,78.1983,3
12.4157,28.5475,79.1739,3
12.7286,28.5186,83.5594,3
12.0661,28.1286,84.0126,3
12.0247,28.2449,88.7770,3
12.4238,28.5107,89.3609,3
12.2568,28.5624,94.8747,3
12.2423,28.4612,95.0720,3
12.2559,28.4699,99.8898,3
12.4113,28.2777,100.0000,3
12.1880,32.4487,0.0000,3
12.0345,32.4839,0.0000,3
11.9750,32.7114,5.8961,3
12.2161,31.8517,5.5838,3
11.9936,32.7675,10.5192,3
12.0667,32.6009,10.5151,3
12.3741,32.6257,16.3322,2
12.2932,32.8317,14.8962,2
12.3286,32.4942,21.4105,2
11.9108,32.2761,22.0408,2
11.9139,32.9754,26.3750,2
12.0212,32.6181,25.6652,2
12.1025,32.3068,31.3812,1
12.2903,32.7078,30.8379,1
12.2756,32.6294,36.5710,1
12.2546,32.5814,36.2593,1
12.4748,32.6264,42.0646,2
12.0242,32.9856,41.8428,2
11.7963,32.4280,48.0318,2
12.2717,32.5551,48.0550,2
12.2549,32.5516,52.5486,2
12.1711,32.3820,52.6338,2
12.1670,32.1255,57.8001,3
12.0447,32.9400,56.9725,3
12.0290,32.4871,63.6379,3
12.0966,33.1704,63.4890,3
12.0232,32.7035,68.2440,3
12.2771,32.2319,68.0092,3
12.1964,32.9993,72.5832,3
12.3802,32.5895,72.7423,3
11.5049,32.1728,78.9375,3
12.0921,32.8215,78.6726,3
11.8837,32.5077,84.2273,3
12.1514,32.3948,84.6612,3
11.9810,32.3707,89.2025,3
12.3202,32.5917,89.1264,3
12.2905,33.2744,94.8417,3
12.3520,32.9424,94.4340,3
12.1106,32.2468,99.8975,3
11.9800,32.5107,99.6251,3
12.0478,37.0018,0.0000,3
11.7324,36.6183,0.0000,3
12.1541,36.9931,5.3914,3
11.9478,36.9162,5.0281,3
11.8776,37.0647,10.9353,3
12.2950,36.6596,11.1160,2
12.0065,37.0382,15.5340,2
12.0605,36.1158,15.6385,2
12.1235,36.7191,21.9307,2
11.8728,36.6730,20.6002,2
11.9925,37.1515,27.0548,2
11.9651,36.6252,25.7372,2
12.3665,37.1784,31.5260,1
11.8260,36.4501,31.6643,1
12.2151,36.2223,36.6814,1
12.4289,36.7769,37.5869,1
12.2351,36.5168,41.9589,2
12.0795,36.5564,41.6203,2
12.4066,36.5489,47.9076,2
12.0180,36.8344,47.6493,2
11.9856,37.0125,51.6084,2
12.1932,36.1015,52.5182,2
12.2761,37.0288,57.2455,3
11.8713,36.6355,57.9878,3
11.6989,36.8381,63.3136,3
12.0487,36.9997,63.2698,3
11.9969,36.2612,68.4878,3
11.9146,36.6686,68.6606,3
12.3887,36.8307,73.9612,3
11.8164,36.9158,73.6543,3
12.3511,36.6800,78.8266,3
12.3170,36.8145,78.3929,3
12.6156,36.5185,84.1782,3
12.1746,36.9224,84.1157,3
12.0683,36.7716,88.9157,3
12.5353,36.7761,89.7721,3
12.0383,36.7357,94.5091,3
11.7953,36.7939,94.5333,3
12.3396,36.4831,99.7114,3
11.9256,37.2749,99.5653,3
12.2177,41.3437,0.0000,3
11.8299,40.6434,0.4299,3
11.8531,41.1702,5.3203,3
12.1807,41.1941,4.7963,3
11.9102,41.2671,10.2116,2
11.5552,41.2473,10.0082,3
12.1987,41.4705,15.7979,2
12.3044,41.0988,16.5832,2
11.8928,41.0502,21.3892,2
12.0672,41.3983,20.8366,2
12.5191,41.6893,26.4568,2
12.2158,41.4101,25.7222,2
11.8429,41.4296,31.7159,1
12.0600,41.0560,30.3859,1
12.0672,40.8267,37.3011,1
12.3043,41.2256,37.0398,1
11.8058,41.2298,42.4200,2
12.3543,41.6881,41.2590,1
12.0276,40.8300,47.4547,2
12.1079,40.9824,47.8822,2
11.8850,40.7403,52.1195,2
12.0332,40.6841,52.6073,2
12.0722,40.8167,58.3316,3
12.0934,41.3714,57.7972,3
12.1004,40.8838,63.1544,3
12.2477,40.9292,63.4171,3
11.9427,41.2803,68.1311,3
12.2756,41.0709,69.1815,3
11.8744,40.6098,73.3761,3
11.8283,40.6378,73.9950,3
12.1044,40.9087,78.7539,3
11.9858,41.5477,78.5796,3
11.8408,41.2914,84.1026,3
12.5130,40.8948,84.6335,3
12.3217,40.8962,89.1022,3
12.2535,41.2251,88.7684,3
11.8796,40.2917,95.0345,3
12.0529,41.0040,93.8911,3
11.8856,40.9092,99.6638,3
12.1288,41.2277,100.0000,3
12.1013,45.5978,0.0000,3
11.7703,45.1575,0.0000,3
12.1082,45.0290,4.2860,3
12.4525,45.1019,4.4443,3
12.2849,45.0446,11.0714,2
11.9586,45.1009,10.6987,2
12.2239,45.4937,15.7446,2
12.2110,45.4868,15.8898,2
12.0767,44.8296,21.3522,2
12.1137,45.1391,21.6915,2
11.8197,45.7564,26.3047,2
12.1688,45.1446,25.4823,2
12.0773,45.3636,31.9171,1
12.0657,44.6054,30.8081,1
12.5157,44.9354,37.5556,1
11.9184,45.2084,37.1547,1
11.9412,45.7408,42.1431,2
12.1974,45.1829,42.4346,2
12.4210,45.2238,48.2333,2
11.9829,45.4924,47.6130,2
11.8915,45.3273,52.6353,2
11.9346,45.3706,52.7047,2
12.0907,45.2426,57.8497,2
12.0317,45.3051,57.5728,2
12.6366,44.8404,62.8655,3
12.0041,45.8753,62.4978,3
12.1904,45.3377,68.5879,3
12.3525,45.6279,68.1956,3
12.1441,44.7039,73.7338,3
11.9465,45.2072,72.8415,3
12.1862,44.7542,79.0215,3
11.8600,45.0083,79.5247,3
12.2228,45.6079,84.9904,3
11.9507,45.7128,83.4778,3
12.2545,45.1152,89.0085,3
12.2282,45.5466,89.9313,3
12.1482,45.3027,95.0003,3
12.1660,45.4256,94.8388,3
12.2738,44.7750,99.9344,3
11.8285,45.3462,100.0000,3
12.0104,49.5119,0.3782,3
11.6917,49.3171,0.1823,3
11.5259,49.1806,5.8136,3
12.3059,49.5860,5.7043,2
12.1483,49.6403,10.3685,2
12.1284,49.2840,11.1581,2
12.4096,49.8877,15.5854,2
11.9145,49.8568,16.0614,2
12.1710,49.2836,21.2655,2
11.8882,49.6639,21.7421,2
12.4315,49.6862,25.6248,2
12.1447,50.1156,25.8815,2
12.0934,49.8977,31.8875,1
12.6013,49.2538,31.0841,1
12.3501,49.1149,36.7437,1
12.0921,49.7845,37.1492,1
12.1967,49.3530,42.7128,2
12.9104,49.6811,42.1551,1
11.8457,49.2824,47.2616,2
11.9983,49.4689,48.2574,2
12.3547,49.4260,52.0274,2
12.3727,49.4590,51.7683,2
12.2477,49.7814,56.6818,2
11.9404,49.4405,58.2620,2
12.0021,49.2240,63.5215,3
12.0116,49.6363,62.6021,3
11.8348,49.7003,68.5473,3
12.2898,49.3139,68.0235,2
12.3774,49.0168,74.3099,2
12.3694,49.7317,73.3403,2
11.9420,49.4107,78.2999,3
11.9129,49.6671,79.2720,3
11.8953,49.6765,84.4377,3
12.4072,49.6444,84.7398,2
12.2007,49.7677,88.8301,2
12.0809,49.4620,89.3518,3
12.1940,49.6640,94.9330,2
12.0699,49.2530,95.2854,3
12.1752,49.1681,99.9032,3
11.7566,49.4843,99.9008,3
11.9904,54.1596,0.0000,2
12.2465,54.3402,0.5386,2
12.0990,53.3440,4.5821,2
12.0230,53.4781,4.9034,2
12.0400,53.6535,10.7689,2
11.8577,53.4795,10.4465,2
12.0662,54.2351,15.9056,2
11.7825,53.8097,16.0623,2
12.0802,53.3202,21.9317,2
11.8913,53.8824,21.1527,2
12.2254,54.1963,26.5966,2
11.9935,54.0160,26.0002,2
12.1380,53.2963,31.0623,1
12.1155,53.7946,30.7278,1
12.2047,53.4384,37.4819,1
12.0349,53.3471,36.8800,1
11.9220,54.0649,42.1055,1
12.0749,53.8618,41.6028,1
11.8474,53.8067,46.8186,2
11.8853,53.9352,47.6310,2
11.8545,53.4985,52.1797,2
12.4605,53.9560,52.4212,2
12.2205,53.2774,57.5584,2
12.1262,53.8199,57.8460,2
12.1549,53.7077,63.0761,2
12.0460,53.5563,63.2739,2
12.1874,53.7437,67.8318,2
11.9055,53.8039,69.1569,2
12.1357,53.5607,73.7964,2
11.8779,54.0769,73.7775,2
11.9714,53.6342,78.6839,2
12.3676,53.6235,79.0251,2
12.2200,53.4620,84.3074,2
12.1602,53.2180,84.3369,2
12.0961,53.7232,89.4915,2
12.1571,54.0854,88.8839,2
12.0368,53.8842,94.9773,2
12.1971,54.5103,95.0439,2
12.3315,53.5921,99.5035,2
12.0424,53.8978,100.0000,2
12.1859,57.8304,0.0000,2
12.0693,58.1121,0.4204,2
11.9040,58.1234,4.9378,2
12.1990,57.8371,6.0461,2
12.0216,57.9483,10.8296,2
11.9305,57.8729,10.3930,2
12.0025,57.7628,16.3455,2
11.9856,58.0647,15.9468,2
11.8259,58.0505,20.3459,2
12.2309,57.7426,21.0568,2
11.8464,57.9314,26.7793,1
11.9439,57.7126,26.5431,1
12.2012,57.1645,32.5867,1
12.2110,58.1038,31.5072,1
11.7342,58.0972,36.5595,1
12.2140,57.8291,36.9611,1
11.9503,58.1541,41.5111,1
12.5544,58.5661,42.9216,1
12.3604,57.8694,47.9517,2
12.0860,57.4287,48.1200,2
12.3310,57.8853,52.0190,2
11.9880,57.3484,53.1041,2
11.7846,57.9808,57.4729,2
11.8199,57.9662,57.7278,2
12.2729,57.5145,62.7792,2
11.6277,57.2394,64.0570,2
12.5220,57.9226,68.0091,2
12.0456,58.1568,68.1639,2
12.1528,57.8909,73.3998,2
12.0000,57.9827,73.1958,2
12.1956,57.7533,79.0111,2
12.3821,57.8443,79.4073,2
11.7469,57.7536,84.2244,2
12.4899,57.3068,84.1624,2
12.3966,57.6592,89.3673,2
12.1716,57.9501,90.2566,2
12.1950,58.2931,94.5568,2
11.9572,57.8270,94.1573,2
12.2020,57.7790,99.6641,2
12.2050,57.5516,100.0000,2
12.0096,62.4530,0.0000,2
12.2316,62.1591,0.3720,2
12.1273,61.6062,5.7676,2
12.0877,62.3421,5.6083,2
11.9506,61.8308,10.8540,2
12.0446,62.3862,10.4372,2
12.3099,62.2323,15.9335,2
12.0305,62.1750,16.3859,2
12.0944,62.2646,21.0758,2
12.1302,62.6223,21.6535,2
12.1211,62.1696,25.9649,1
12.0707,62.1981,26.7411,1
12.2551,61.7725,32.0674,1
12.0875,61.8092,32.2471,1
12.3979,62.1844,37.1965,1
12.2588,62.5240,37.2061,1
11.8397,62.7082,42.6381,1
12.0034,61.7964,42.3577,1
12.0496,62.2043,47.7401,2
11.9920,61.7704,47.5613,2
11.9986,62.1491,51.9599,2
12.0548,62.3197,52.9345,2
11.9476,61.7548,57.9026,2
12.2175,62.2268,57.6387,2
12.1648,62.5560,63.2605,2
11.7786,62.1662,64.1799,2
11.8478,62.1142,68.3079,2
12.1244,62.1635,68.9910,2
12.1222,62.4884,73.6254,2
12.0352,61.9045,72.7757,2
12.1604,62.7215,79.1765,2
12.2426,61.9814,78.8252,2
12.3022,62.7079,84.9545,2
12.2663,62.1158,84.3154,2
11.9546,61.6708,88.9103,2
12.1152,62.0177,88.7390,2
12.0978,62.0097,94.1504,2
12.0312,62.0090,94.4285,2
12.2906,61.5344,99.0071,2
12.1059,62.1341,100.0000,2
11.9975,66.0404,0.0000,2
12.0169,66.7811,0.0000,2
12.0946,67.0584,5.1658,2
12.2165,66.5097,5.6289,2
12.1632,66.3739,10.5765,2
11.9901,66.4134,11.5406,2
12.3474,66.4070,16.2174,2
11.9314,66.2376,16.2634,2
12.4027,66.0845,20.8108,2
12.5415,66.3447,21.9643,2
12.1466,66.3896,26.1630,1
12.2938,66.7231,25.7983,1
12.0348,66.5903,31.5142,1
12.0066,66.6187,32.1307,1
12.0153,66.3795,36.2379,1
11.9262,66.3530,36.8578,1
11.9119,66.1010,41.5727,1
12.1963,65.7255,41.5995,1
11.7327,66.4415,46.4671,2
12.1116,66.8076,48.2051,2
11.7441,66.4053,52.1371,2
11.8666,66.2817,53.2457,2
12.2252,66.1012,58.2473,2
11.6565,66.0899,57.4828,2
12.1209,66.2549,63.0872,2
12.0703,66.3225,63.4280,2
12.1351,66.2305,68.6219,2
12.2705,66.1490,68.3913,2
12.3376,65.9850,74.5866,2
11.8374,66.2122,73.2091,2
12.5428,66.1648,78.6969,2
12.0311,66.3445,78.7831,2
12.0787,65.2570,84.2391,2
12.1088,66.6274,84.8651,2
12.0677,66.5607,88.9229,2
12.2587,66.1440,88.8813,2
12.0681,66.7359,94.8273,2
12.4046,66.0912,95.2608,2
11.9748,66.3834,100.0000,2
12.2376,66.3910,99.6304,2
12.2813,71.0458,0.0000,2
11.7382,70.6761,0.0000,2
12.0790,70.6932,5.0350,2
12.0515,70.4963,5.9980,2
12.1113,70.1556,9.9284,2
12.1331,70.1875,9.7452,2
12.2324,70.7317,15.6054,2
12.1640,70.5828,16.0907,2
12.2262,69.7446,20.9324,2
12.2088,70.4032,21.0707,2
12.2554,70.5506,27.0697,1
12.3307,70.4907,26.2168,1
11.5352,70.4284,30.9023,1
12.1495,70.5722,31.9269,1
12.3846,70.5184,37.9823,1
12.1518,70.1332,36.5611,1
12.0307,70.7040,41.6316,1
12.0457,70.4780,41.8812,1
12.2675,70.7187,47.9517,2
12.0391,70.8871,46.6864,2
11.8276,70.1622,52.6362,2
12.3457,70.3457,52.3932,2
12.0621,70.6982,57.6559,2
11.9986,70.1227,57.6089,2
12.3408,70.5536,62.7880,2
12.3525,70.3508,63.8679,2
12.3860,70.5431,67.6718,2
12.5632,70.6425,68.2591,2
12.2965,70.7370,74.3397,2
11.9728,70.6219,73.0913,2
12.2385,70.5194,79.0879,2
12.0760,70.4510,78.5133,2
12.2633,70.9732,83.9322,2
12.2160,70.6560,84.2146,2
11.7999,70.1358,89.0832,2
11.6775,70.9487,89.6575,2
12.0993,69.8692,93.8249,2
12.1048,71.1175,94.3875,2
12.2780,70.3823,100.0000,2
12.3482,70.4225,99.6549,2
12.3889,74.7505,0.5456,2
11.9682,75.1588,0.1368,2
12.1922,74.7763,5.0104,2
12.1049,74.6041,5.7429,2
12.0647,74.2879,9.6866,2
11.7599,74.9222,9.9506,2
12.1653,74.7778,15.7571,2
12.1929,74.7843,14.4346,2
12.0405,74.8644,21.8728,2
12.4426,74.3279,20.8778,2
11.7920,75.1928,26.8222,2
12.1754,74.7867,27.0061,1
12.3475,75.0843,31.8073,1
12.0354,74.9670,31.9870,1
12.0671,74.6315,37.4088,1
12.4381,74.5120,36.7104,1
12.1754,74.8828,41.8441,1
12.4820,74.8635,42.3710,1
12.4570,74.6021,47.3242,2
11.8546,74.6851,46.6240,2
12.2548,74.8628,52.4930,2
12.0852,74.9653,52.0637,2
12.1461,74.9467,57.0036,2
12.2423,74.2346,57.8359,2
11.8726,75.1662,62.5793,2
11.7752,74.7768,62.9510,2
11.8043,74.8946,67.4253,2
11.8980,74.5643,68.8222,2
12.3644,75.0677,73.6076,2
11.6198,74.8541,74.4195,2
12.3520,74.8757,78.3526,2
12.0002,75.3170,78.2390,2
11.8757,75.0196,83.9949,2
11.8689,75.1952,84.4411,2
12.0289,74.3931,90.4974,2
12.1004,75.1560,89.9205,2
12.0011,74.5830,95.4600,2
12.3978,74.1738,95.0117,2
12.0810,74.4268,100.0000,2
11.8353,74.5969,99.6008,2
12.0053,78.9259,0.0000,2
12.4199,79.0954,0.8973,2
12.0732,78.7827,6.1424,2
11.9897,78.8939,5.6232,2
11.8577,79.1608,10.8180,2
12.3591,79.2144,11.1763,2
12.0832,78.6886,16.8445,2
11.7999,78.5194,16.0720,2
12.4303,79.0042,21.5523,2
11.7061,78.7975,20.1157,2
12.2613,78.4832,25.6769,2
12.2081,79.2659,26.2363,2
12.2193,79.1087,31.4712,1
11.8863,79.1168,31.8855,1
12.2841,79.0410,36.2579,1
12.2433,78.9470,36.6007,1
12.0463,78.7403,42.5497,2
11.8216,78.6493,41.9409,1
12.4280,79.2636,46.5480,2
12.3755,79.3522,46.7814,2
11.6010,78.9257,53.1928,2
12.4235,78.6861,53.5076,2
11.6597,78.8370,57.6861,2
12.3357,79.3369,58.3718,2
11.8352,79.2062,63.4124,3
11.7710,78.3273,63.6769,2
12.0692,78.5618,68.3170,2
12.1781,78.9225,67.6451,2
12.4824,79.2486,73.5165,2
12.0462,79.0552,73.1194,2
12.1698,78.5481,78.9121,2
11.8715,78.6119,79.7702,2
12.1171,79.0096,83.2048,2
11.9859,79.0857,84.3076,2
11.6745,79.0095,89.6570,3
12.3620,78.7508,88.3527,2
11.9059,78.6182,95.1052,2
11.5619,78.8129,95.4497,3
12.1067,79.2163,99.1791,2
11.7849,79.3785,100.0000,3
12.1259,82.8224,0.0504,3
11.8761,83.5140,1.3639,3
12.2021,82.9674,3.9963,3
11.7684,83.6244,4.7486,3
12.0311,83.3545,11.2675,2
12.0653,83.0365,10.5621,2
11.9797,82.9857,15.9954,2
12.1423,83.7974,16.0089,2
12.3355,82.8365,21.3152,2
11.9607,83.2765,21.3969,2
12.1152,83.8801,27.0298,2
12.3407,83.3872,27.1975,2
11.8179,83.5690,31.0833,1
11.9924,83.3263,32.1956,1
11.8745,83.0041,36.8909,1
12.0680,83.4141,38.5601,1
12.1891,82.9373,41.4570,1
12.0402,82.8758,42.3390,2
12.1957,83.0189,48.3609,2
11.9582,83.1221,47.6880,2
12.2837,83.5412,52.8458,2
12.3154,82.9584,53.0906,2
12.2862,83.6118,57.0605,2
11.9238,83.4048,56.5691,2
12.2037,83.4758,62.8697,3
12.0192,82.8357,62.8971,3
12.0067,82.9530,68.0522,3
12.0511,83.0730,69.3581,3
12.0264,83.2611,73.3958,3
11.9873,82.6466,72.8985,3
11.8639,83.2130,79.4855,3
11.7479,82.9932,78.2639,3
12.0524,83.4806,83.9871,3
12.0958,83.5945,84.4395,3
11.9532,83.2056,89.0599,3
12.1894,83.3125,88.7901,3
12.1403,83.1226,95.0092,3
12.2715,83.3011,94.5852,3
12.2919,82.8960,99.3397,3
11.4662,83.1369,99.5892,3
12.1848,86.7771,0.0000,3
12.1993,87.0595,0.2046,3
11.9939,87.3586,5.5607,3
12.2958,87.3962,4.8562,3
12.0137,87.5595,10.0157,2
12.0696,87.2527,10.4746,2
11.9034,86.8128,16.0498,2
12.2981,86.8308,15.9739,2
12.3219,87.5472,20.8443,2
11.9166,87.3927,21.1765,2
12.1244,87.3144,25.7745,2
12.1898,87.5097,26.4162,2
12.1275,87.8722,31.2668,1
12.3616,87.1482,32.1334,1
12.3519,87.2805,37.6726,1
12.1991,87.1052,36.6550,1
12.3318,87.6453,41.5762,2
12.0774,87.4295,41.8515,2
12.5768,87.4385,47.3375,2
12.3434,87.2589,47.8721,2
11.7717,87.2323,53.1561,2
12.4193,87.1364,52.1867,2
12.2188,87.1815,57.7604,3
12.2805,87.2052,56.9120,2
11.8450,87.3714,62.2262,3
12.0458,86.9508,63.9779,3
12.5383,87.0510,68.5494,3
11.9132,87.2756,69.3228,3
12.0119,87.2826,73.2129,3
12.3345,86.3894,73.4628,3
12.0961,87.1701,79.3791,3
12.3457,86.9448,79.9941,3
11.8206,87.7550,84.2854,3
12.0045,87.2456,84.1938,3
12.1469,87.0924,89.3567,3
11.9511,87.0039,89.0650,3
11.8753,87.2424,94.9531,3
12.1294,87.9607,93.6316,3
12.1991,87.3703,100.0000,3
12.2486,87.3189,100.0000,3
11.9564,91.7631,0.0000,3
12.2606,91.5720,0.0000,3
12.0588,91.5312,5.9118,3
12.7520,91.9449,4.9805,3
12.2312,91.7809,10.0637,3
11.8531,91.5600,10.9302,3
11.7829,91.3627,16.0758,2
12.1136,92.0038,15.0838,2
12.5757,91.1175,20.0380,2
12.0935,91.2386,21.0333,2
12.0905,91.5202,25.8946,2
12.1918,91.4837,26.8676,2
12.0692,91.2896,30.7351,1
12.0708,91.1982,30.9040,1
12.2108,91.0456,37.5482,1
12.1372,91.5658,36.3247,1
12.2581,91.5781,41.7622,2
12.1452,91.0741,41.2876,2
11.8812,91.6838,47.3668,2
12.3151,91.3029,47.6558,2
12.0825,91.2960,52.8242,2
12.0921,91.3902,52.6526,2
12.0794,91.5328,57.6884,3
11.8443,91.6014,57.4934,3
11.9012,91.5067,63.5249,3
12.1424,91.4196,62.8722,3
12.2324,90.8599,68.8197,3
11.7305,91.1543,68.1639,3
12.5393,92.0822,74.0375,3
12.1766,91.0203,73.7626,3
11.9954,91.3339,79.0248,3
12.0110,91.8397,77.9794,3
12.1203,91.3152,84.0057,3
12.1662,91.2438,84.2926,3
12.0628,91.3808,89.2384,3
12.0744,91.3486,89.4772,3
12.0496,91.3956,95.5318,3
12.1883,91.4641,94.8098,3
11.8999,91.4479,99.8400,3
11.8559,91.6952,99.7472,3
12.0342,95.6189,1.4795,3
11.9727,95.1689,0.0000,3
12.2571,96.1904,4.9223,3
12.3611,96.0119,5.1684,3
12.0532,95.8437,10.9650,3
12.1847,95.5864,10.4392,3
12.5015,95.8648,16.2241,2
12.2132,95.8715,15.8438,2
12.2847,96.0051,21.1846,2
11.9665,95.9051,21.0191,2
12.0436,96.5931,25.5463,2
12.2970,95.5307,26.3814,2
12.6190,95.5008,31.2170,1
12.1018,95.5353,32.0210,2
11.9984,95.9857,36.1775,2
11.7439,95.7208,36.0578,2
12.4089,95.3305,41.5864,2
12.1880,95.6136,41.3461,2
12.5133,95.4890,47.2703,2
12.0634,96.0026,47.5996,2
11.9399,95.6917,52.5181,2
12.2551,95.4390,53.6406,3
11.9534,95.7868,57.3147,3
11.8456,95.5271,57.4095,3
12.0224,95.4958,63.5057,3
11.9487,95.5213,62.9614,3
12.3038,95.8539,68.3712,3
11.8187,95.4467,67.7818,3
12.3666,95.9486,73.2534,3
11.9924,95.5419,73.2413,3
12.1973,95.7032,79.9880,3
12.3553,96.1823,79.2831,3
12.0207,95.9688,84.0361,3
12.4313,95.9108,84.3417,3
12.1307,96.3116,88.7568,3
12.4729,95.7336,88.7706,3
11.9548,95.2942,95.0637,3
11.8976,95.8401,95.3039,3
11.9709,95.7090,99.3483,3
12.0276,96.5617,100.0000,3
12.0523,99.8165,0.0000,3
12.1313,99.8743,0.2650,3
11.9146,99.7125,5.4483,3
11.8715,100.2187,5.2560,3
11.7397,100.0329,9.6837,3
12.2439,99.9254,11.4519,3
12.3195,99.6818,14.7791,2
11.9542,99.6336,16.7023,2
12.1032,100.2800,20.9101,2
12.0693,99.9902,21.6059,2
12.1676,99.6828,27.1270,2
12.0467,99.8633,24.9010,2
12.2321,100.0303,31.6289,1
12.0247,99.8274,31.3942,2
12.1979,100.1917,36.7266,1
12.2951,99.9763,36.5900,1
12.1449,99.5922,42.2216,2
11.7968,99.6917,41.0959,2
12.0702,100.4829,47.3099,2
12.2340,100.7057,47.5704,2
11.9522,99.8117,52.6319,2
11.9787,99.8326,53.1242,3
12.3105,99.5059,57.4857,3
12.0125,100.1797,58.4663,3
12.6457,99.8603,62.9500,3
12.2230,99.7953,63.0874,3
12.0223,99.2135,68.4827,3
12.0688,100.3814,68.4238,3
11.8543,99.9226,72.6387,3
11.8631,100.1907,73.5605,3
12.2898,99.4099,78.8261,3
12.0102,100.2868,79.2838,3
12.2337,100.4624,84.0265,3
12.3723,99.6867,83.6701,3
12.2558,99.5486,89.7601,3
12.1255,100.3216,89.4440,3
12.1165,100.1528,94.4055,3
11.9640,100.1423,94.7222,3
12.0238,99.9752,100.0000,3
12.0167,99.8584,99.1463,3
14.4652,20.1971,0.4181,3
14.4953,20.2868,0.3656,3
14.6963,20.2953,6.0481,2
14.4397,19.6019,5.5950,3
14.6298,20.4710,11.1670,2
14.8628,20.1860,10.6407,2
14.1967,20.0924,15.5132,2
14.5160,20.0164,16.0253,2
14.4542,20.2805,19.6911,2
14.5117,20.3607,21.9877,2
14.6201,20.5055,26.4003,2
14.4743,20.1588,26.3142,2
14.3172,19.8454,31.0229,1
14.5794,20.0034,31.3988,1
14.3603,20.1515,37.2323,1
14.2476,19.6137,37.3194,1
14.1987,20.1642,42.9137,2
14.7975,20.2214,42.4597,2
14.9241,19.2997,47.1363,2
14.6434,19.8988,47.9883,2
14.4658,20.0395,52.4942,2
14.3692,19.8359,52.7672,2
14.3188,20.2860,58.2214,2
14.6936,19.6613,57.0450,2
14.4728,20.8696,63.7910,3
14.3628,20.1274,63.5217,3
14.2000,20.4109,68.3373,3
14.4555,20.0071,68.9933,3
14.3226,19.4879,73.8457,3
14.0650,19.9097,74.2776,3
14.5895,20.3127,79.2575,3
14.9558,19.8235,79.1464,3
14.3861,20.2870,84.1797,3
14.8175,19.8408,84.9141,3
14.5923,19.9903,89.7449,3
14.5259,20.1068,89.3702,3
14.3334,19.8995,93.8953,3
14.6421,19.6295,94.6280,3
14.6033,20.2518,99.1127,3
14.4553,20.1379,100.0000,3
14.7425,23.9640,0.0000,3
14.6357,24.0494,0.0000,3
14.4420,24.5797,4.6315,3
14.9409,23.9592,5.3067,2
14.2299,24.2230,10.4594,2
14.1758,25.0583,10.2786,2
14.3748,24.5012,16.6966,2
14.6990,23.8502,15.8964,2
14.0974,24.4810,20.2350,2
14.3130,24.2096,21.2751,2
14.4215,24.6663,26.6774,2
14.6026,23.8417,27.1655,2
14.3131,24.7318,32.5900,1
14.5762,24.5201,30.0375,1
14.4347,24.5412,37.3044,1
14.2297,24.1224,35.5739,1
14.5563,23.6455,42.6705,2
14.7102,24.0682,42.3659,2
14.4303,24.2831,46.7948,2
14.5982,23.7182,46.4535,2
14.4493,24.1472,52.7677,2
14.3438,24.7762,52.7119,2
14.5203,24.2697,58.3962,2
14.5889,24.3431,58.2627,2
14.1088,23.6745,63.1199,3
14.4341,24.3845,63.1679,3
14.5901,23.8368,68.4157,3
14.2055,24.3266,67.4819,3
14.5433,23.7698,73.4924,3
14.6527,24.2787,72.8614,3
14.3392,23.7601,78.1000,3
14.4972,24.3786,79.1677,3
14.5942,24.2070,84.0738,3
14.2591,24.0785,83.5499,3
14.3047,24.2372,89.4148,3
15.0866,23.8068,89.4111,2
14.1889,24.0942,94.5633,3
14.6427,24.0756,94.6412,3
14.3876,23.7902,99.6740,3
14.3973,24.2327,100.0000,3
14.4268,28.3454,0.0000,3
14.5816,28.2123,0.3736,3
14.7370,28.3647,4.7515,3
14.4703,28.5257,5.1054,3
14.3609,28.5901,10.7751,2
14.4044,27.9248,10.7545,2
14.3202,28.4854,15.8651,2
14.0959,28.4454,16.0467,2
14.6011,28.4563,20.0640,2
14.7291,28.5444,20.4510,2
14.3161,28.4904,26.6557,2
14.3761,28.6687,25.4194,2
14.2652,27.8017,31.1302,1
14.7753,29.0384,31.6962,1
14.3460,28.3546,37.0788,1
14.1611,28.2493,37.5596,1
14.2645,28.1963,42.1119,2
14.5303,28.2336,42.1437,2
14.5953,29.0095,47.3053,2
14.4654,28.8793,47.0938,2
14.2088,28.4961,53.1697,2
14.5459,28.3919,51.9074,2
14.4620,28.7910,57.2777,2
14.4247,28.3048,57.5459,2
14.5233,28.5540,63.3743,3
14.2783,27.9273,63.2891,3
14.3725,28.9725,69.3633,3
14.8718,28.1390,68.7057,3
14.6479,28.6486,73.5070,3
14.7295,28.4212,73.7483,3
14.1661,28.6145,78.8172,3
14.5666,28.4916,79.0378,3
14.4645,28.6570,84.1111,3
14.1826,28.5917,83.8060,3
14.2088,28.1144,89.6153,3
14.4544,27.7812,89.2819,3
14.7075,28.2857,94.6541,3
14.6823,28.6597,95.2477,3
13.9192,28.9411,100.0000,3
14.9660,28.1864,99.1183,3
14.4751,32.5490,0.3268,3
14.6887,32.6054,0.0000,2
14.5782,32.5547,5.0932,3
14.6811,33.0095,5.8051,2
14.4400,31.9896,10.4522,2
14.3221,32.5927,10.1908,2
14.4695,32.3198,15.1491,2
14.7182,32.3407,15.7896,2
14.6646,32.9059,21.4501,2
14.5343,32.8488,21.7392,2
14.5587,32.0804,26.0515,2
14.6130,32.4435,27.1258,2
14.4610,32.6572,32.1413,1
14.4371,32.6845,32.0285,1
14.1792,32.5460,37.2567,1
14.4868,33.0718,36.0541,1
14.1357,32.8625,42.5382,2
14.4350,32.7517,42.4779,2
14.3109,32.4195,47.4633,2
14.6545,32.2818,47.2694,2
14.4248,32.7570,52.6272,2
14.3645,33.0061,52.3619,2
14.4153,32.1541,57.5379,2
14.5769,32.7278,58.1945,2
14.5839,33.2579,62.7840,2
14.1498,32.3164,62.8061,3
14.2788,32.6597,69.0474,3
14.7816,32.7829,69.4917,2
14.4024,32.1418,74.2108,3
14.1060,32.4051,73.9443,3
14.4532,32.5743,78.3570,3
14.4715,32.9327,78.9574,3
14.3076,32.2573,83.8057,3
14.5522,32.7347,83.8103,3
14.0315,32.7576,89.0248,3
14.6115,32.4047,88.9797,3
14.5043,33.3389,95.1114,3
14.5009,32.7392,93.8613,3
14.2492,31.8783,100.0000,3
14.7792,32.7494,100.0000,2
14.1634,36.7763,0.8962,2
14.5000,36.6727,0.0000,2
14.7497,36.8211,4.3848,2
14.2888,36.4588,5.1973,2
14.5152,36.6911,10.9148,2
14.4894,37.1608,10.3477,2
15.0827,36.6728,15.3378,2
14.2684,36.7788,14.9297,2
14.5326,36.2705,21.1335,2
14.2034,36.7277,21.3549,2
14.9345,36.5187,26.2406,2
14.3289,36.5811,25.9583,2
14.6385,36.6957,32.7036,1
14.5569,36.5391,31.3956,1
14.3133,37.0821,36.0227,1
14.2055,36.6646,37.1836,1
14.7203,37.2563,42.3702,1
14.4571,37.0805,41.5330,1
14.1048,36.9731,46.8656,2
14.4606,36.8780,47.4925,2
14.6612,37.0917,52.7291,2
14.3853,36.8744,52.3335,2
14.4344,37.6276,57.9858,2
14.5637,36.6305,58.4048,2
14.6257,37.0723,63.2653,2
14.6805,37.2236,63.2994,2
14.4508,37.1105,67.9690,2
14.3301,36.8261,67.5504,2
14.6392,36.5532,73.4485,2
14.4310,36.8539,73.5124,2
14.4602,36.8242,78.7239,2
14.3190,37.1665,77.8952,2
14.4325,36.7014,84.4199,2
14.1828,36.6922,84.1593,2
14.6877,36.9418,88.8819,2
14.3762,37.1079,88.8733,2
14.4580,36.8394,94.5440,2
15.0128,36.7183,94.9617,2
14.3204,37.0004,100.0000,2
14.3561,36.8257,99.5524,2
14.2448,41.3637,0.0000,2
13.9910,41.5822,0.0000,2
14.4244,41.5449,5.1923,2
14.4410,40.6842,4.4457,2
14.4404,41.1615,10.6791,2
14.3774,41.0587,9.6077,2
14.5657,41.1011,16.7763,2
14.4752,40.7698,15.7641,2
14.4081,41.1830,21.0661,2
14.2217,40.5619,21.1841,2
14.7503,41.0764,26.7224,2
14.6762,41.1327,25.9085,2
14.5127,41.4148,31.8439,1
14.6233,40.9139,31.4778,1
14.4499,41.0372,37.4261,1
14.0042,41.0618,36.8024,1
14.1994,41.2542,41.7430,1
14.4023,41.6073,42.6102,1
14.5886,41.1669,47.2861,2
14.8736,41.2933,46.9936,2
14.1937,41.2227,52.6036,2
14.1879,41.1812,52.4971,2
14.5798,41.1852,57.5906,2
14.6003,40.9033,57.6783,2
14.3672,41.3919,63.0176,2
14.7482,41.5877,62.7885,2
13.8895,41.3660,68.2501,2
14.3004,40.8760,68.2136,2
14.7331,41.1006,74.3260,2
14.5725,40.9599,73.4890,2
14.5860,41.2988,79.4458,2
14.4214,41.1052,79.2394,2
14.3969,40.7122,83.8074,2
14.4255,41.2513,84.8400,2
14.2025,40.8734,89.2948,2
14.6326,40.8942,89.2588,2
14.1913,41.1977,94.6561,2
14.3429,40.9748,95.3003,2
14.2727,40.8001,100.0000,2
14.4888,41.2536,100.0000,2
14.4666,45.1587,0.4158,2
14.7062,45.5884,0.0000,2
14.7347,45.1558,4.8856,2
14.4398,45.5125,5.5334,2
14.4226,45.5145,10.5962,2
14.3591,45.0507,10.7314,2
14.4572,44.8505,16.2131,2
14.3776,45.7408,15.0880,2
14.4375,45.0532,20.5649,2
14.3763,45.7943,21.1243,2
14.3153,44.7146,25.4551,2
14.3664,45.0731,26.2038,2
14.0192,45.2357,32.0928,1
14.7983,44.6948,31.1783,1
14.3028,45.3069,36.2322,1
14.8101,45.2762,36.7805,1
14.7922,45.2583,42.3054,1
14.3235,44.8520,41.8001,1
14.9111,45.4531,47.5057,2
14.2784,45.5365,46.6896,2
14.1603,45.0955,53.6088,2
14.8533,45.1278,52.2945,2
14.1456,45.2866,57.9757,2
14.6316,45.5364,57.7960,2
14.5849,45.0530,63.4264,2
14.3722,45.4010,63.3471,2
14.4874,45.5015,67.6359,2
14.2607,45.1821,67.6994,2
14.3923,45.1508,74.3391,2
14.5022,45.5720,73.8350,2
14.3666,45.3033,79.3121,2
14.7124,45.2235,78.1236,2
14.1301,45.1652,83.0416,2
14.8327,45.4422,83.8927,2
14.2518,45.5716,88.9169,2
14.2700,45.0334,89.5307,2
14.5978,45.6210,95.2593,2
14.4738,45.5693,94.4013,2
14.1095,45.0618,99.5969,2
14.3473,44.9753,99.7694,2
14.5977,49.9883,0.0000,2
14.2161,49.2363,0.3829,2
14.4327,49.2565,5.6215,2
14.6650,49.4681,4.8550,2
14.5277,49.4037,10.4058,2
14.3712,49.7512,10.6513,2
14.6808,49.8746,16.0190,2
14.3724,49.7858,16.0223,2
14.9944,49.5667,21.4015,2
14.5318,49.4440,20.9232,2
14.5325,49.6300,26.8930,1
14.5355,49.3348,26.1524,1
14.2091,49.9720,31.3084,1
14.6672,49.5566,31.7308,1
14.4502,49.2373,36.3578,1
14.8194,49.5079,37.4047,1
14.7507,49.3504,42.3170,1
14.4827,49.1265,42.0125,1
14.5912,49.3240,47.2060,2
14.4390,50.1071,46.4514,2
14.5740,49.3977,52.3113,2
14.4181,49.6739,52.9938,2
14.5109,49.8015,58.5292,2
14.6370,49.3098,58.1420,2
14.5735,49.2290,62.3732,2
14.0691,49.4946,63.3069,2
14.2373,49.7875,68.4972,2
14.7436,49.5848,67.8879,2
14.5653,49.6747,73.4104,2
14.1853,49.5038,73.1838,2
14.6979,49.3515,79.8097,2
14.0489,49.5141,79.6621,2
14.2956,49.4259,84.0090,2
14.3369,49.5471,83.5628,2
14.4515,49.6285,89.3661,2
14.2736,49.7827,89.8388,2
14.2654,49.0855,94.2609,2
14.5827,49.5564,95.1319,2
14.4085,49.1963,100.0000,2
14.3630,49.5296,99.2250,2
14.3597,53.9870,0.0000,2
14.6366,52.9849,0.0000,2
14.4394,54.2070,4.6786,2
14.6079,54.0013,4.9024,2
14.3990,53.7267,9.7856,2
14.3827,54.0670,10.7876,2
14.4423,53.7181,16.0799,2
14.6282,53.5173,16.5568,2
14.7370,53.8874,20.6312,2
14.2696,53.5862,21.0830,2
14.1200,53.8326,26.9595,1
14.5890,53.4814,25.9186,1
14.5337,53.6382,31.8005,1
14.5940,54.0118,31.0129,1
14.5180,53.5752,36.7928,1
14.6466,53.9761,37.5413,1
14.5588,53.6512,41.9788,1
14.1267,54.0861,41.9443,1
14.5749,53.8879,46.7458,2
14.2890,54.1483,47.5136,2
14.3576,53.6463,53.1747,2
14.6605,53.2444,53.4487,2
14.6669,53.6385,57.2989,2
14.6845,53.8271,57.1658,2
14.4273,54.6221,63.1661,2
14.3253,53.3817,64.0439,2
14.6432,54.1064,68.5451,2
14.7245,53.4297,68.5023,2
14.5311,54.0989,73.8436,2
14.3486,53.7034,72.8460,2
14.0095,53.9336,78.7600,2
14.4214,53.9335,79.6459,2
14.5806,54.2626,84.4619,2
14.5341,53.7563,83.5678,2
14.6649,52.9506,89.1806,2
14.4783,53.4473,89.2478,2
14.8416,54.0154,94.3939,2
14.3798,53.3011,95.0893,2
14.4237,53.0943,100.0000,2
14.5615,53.9732,99.9633,2
14.3991,58.4906,0.0033,2
14.6176,57.7329,0.3450,2
14.1826,57.7561,4.6590,2
14.3527,58.2699,4.9570,2
14.6173,58.3499,10.5125,2
14.6724,58.0541,10.5845,2
14.6237,58.4467,15.4708,2
14.2818,57.5894,16.2867,2
14.6996,57.7336,19.9846,2
14.3387,58.0591,21.0193,2
14.5098,57.7377,26.8228,1
14.5423,58.0707,26.3953,1
14.5786,58.0323,31.1149,1
14.5483,58.1322,32.1565,1
14.5569,57.6052,36.4364,1
14.3867,57.9516,36.7810,1
14.2489,57.5558,41.0560,1
13.8498,57.8552,43.2654,1
14.8330,57.6013,47.4434,1
14.1808,57.5011,46.7697,2
14.4286,57.8400,52.7579,2
14.6063,57.7937,52.6497,2
14.2549,57.4914,57.1453,2
14.6035,57.7934,56.9592,2
14.4611,57.5201,63.9881,2
14.3579,58.0992,63.7024,2
14.2827,57.9175,68.6978,2
14.4968,58.0031,67.7562,2
14.5845,57.7489,73.8589,2
14.6577,58.0954,73.8586,2
14.6021,58.1013,79.6951,2
14.4669,57.9439,79.4134,2
14.3756,57.4942,84.4571,2
14.4325,57.5325,84.4608,2
14.7599,57.4058,89.9848,2
13.9663,57.7747,90.3939,2
14.4080,57.9217,95.1183,2
14.1304,57.9164,94.7690,2
14.8461,57.5240,99.8092,2
14.2880,57.5844,100.0000,2
14.4790,61.9386,0.0000,2
14.3610,61.9631,0.0000,2
14.4219,61.9975,4.8843,2
14.5047,62.1772,4.9848,2
14.4449,62.7528,11.5865,2
14.2629,61.8309,9.9966,2
14.6851,61.9857,15.9093,2
14.8731,62.1021,16.1426,2
14.5778,61.9288,21.5822,1
14.3037,62.5072,20.7589,1
14.3781,61.7787,25.8537,1
14.3883,61.3759,26.1991,1
14.3721,62.3423,31.7904,1
14.3322,61.9677,31.4616,1
14.7709,61.8586,36.4822,1
14.2480,61.6607,36.9956,1
14.5143,62.4901,42.6260,1
14.9531,62.0831,41.9750,1
14.2136,62.3142,47.4277,1
14.6039,61.7635,47.5442,1
14.5147,62.1470,52.2899,2
14.7115,62.7204,52.0764,2
14.6178,61.2419,58.2290,2
14.0997,61.9478,57.2382,2
14.4306,62.3569,62.2292,2
14.4018,61.9513,63.9484,2
14.5600,61.7521,68.1854,2
14.7849,62.3196,67.9619,2
14.4203,62.0347,73.4152,2
14.1316,61.9020,74.3788,2
14.3975,62.0743,79.0176,2
14.9173,62.1079,79.4943,2
14.3540,62.0274,84.2168,2
14.3189,62.0441,84.6545,2
14.3136,62.1053,89.8280,2
14.3088,62.4339,89.5101,2
14.4407,61.5028,94.5500,2
14.5480,62.6289,95.0208,2
14.6989,61.7425,99.9366,2
14.7178,61.8389,100.0000,2
14.6203,66.3982,0.0000,2
14.2764,66.8484,0.3159,2
14.5418,66.1919,5.2821,2
14.5066,66.4358,5.6303,2
14.3172,65.8758,10.5685,2
14.1242,66.2187,10.2717,2
14.5720,66.9106,14.8172,2
14.9285,66.2459,15.9634,2
14.1907,66.6149,21.0734,1
14.4614,65.7346,21.0895,1
14.6428,66.2449,26.9029,1
14.7003,66.1235,27.1133,1
14.4827,66.3307,31.6284,1
14.4875,65.5267,31.4862,1
14.2009,66.8037,37.6351,1
14.6441,66.2442,36.3381,1
14.3422,66.8986,41.7592,1
14.0026,66.6248,42.8555,1
14.8055,66.6273,47.9692,1
14.4843,65.6929,47.3824,1
14.5980,66.2752,52.5412,2
14.2809,66.0153,53.5507,2
14.8486,66.3150,58.0355,2
14.2775,66.5086,58.7746,2
14.1678,66.4550,63.4274,2
14.5792,66.8086,64.1759,2
14.4270,66.5177,68.4632,2
14.3473,66.3970,68.7568,2
14.5171,66.0514,73.4524,2
14.3825,66.0631,73.8410,2
14.5573,66.6096,78.5186,2
14.3582,66.7822,78.8651,2
14.4797,66.2633,84.7770,2
14.7080,66.6497,84.2238,2
14.2992,66.8934,89.9018,2
14.3824,66.7429,89.2059,2
14.7558,66.7593,94.2761,2
14.5900,66.5504,96.0443,2
14.3252,66.7456,100.0000,2
14.2254,66.2798,100.0000,2
14.2619,70.6200,0.4789,2
14.5213,70.3638,0.0000,2
14.4728,70.5915,5.8181,2
14.5281,70.1055,4.9820,2
14.5069,70.8636,11.1752,2
14.8286,70.5655,10.9080,2
14.1828,70.6553,15.2518,2
14.4612,71.4353,15.9413,2
14.3009,70.6487,20.7941,2
14.2815,71.1573,21.5860,2
14.5428,70.4088,26.1604,1
14.7822,70.6183,24.7744,1
14.9579,70.5812,31.7506,1
14.6910,70.6659,31.9524,1
14.3889,70.1574,36.9822,1
14.7600,70.3320,36.4781,1
14.7179,70.3891,41.9000,1
14.3991,70.5068,41.3184,1
14.3658,70.5954,47.4800,1
14.7053,71.0781,48.1247,1
14.6566,70.4817,52.3200,2
14.4773,70.7020,53.0425,2
14.5983,70.4900,58.2882,2
14.7259,70.7904,57.8787,2
14.3069,70.2690,62.8173,2
14.5251,70.6823,62.4506,2
14.3729,70.5993,67.9712,2
14.5605,70.4341,68.0593,2
14.4843,70.6440,73.2599,2
14.4252,70.6666,73.3032,2
14.1421,70.0653,78.7383,2
14.2100,70.4220,79.7798,2
14.1980,70.4415,85.2767,2
14.5553,70.4160,84.1321,2
14.5596,71.0350,89.2083,2
14.3222,70.1127,89.5252,2
14.1925,70.3872,94.2825,2
14.6885,70.3738,94.9353,2
14.1529,70.5658,99.3984,2
14.3886,71.1897,100.0000,2
14.4480,75.6965,0.0000,2
14.7067,74.2770,0.0000,2
14.2041,74.8140,5.2911,2
14.4122,75.0645,4.9796,2
14.5391,74.9830,9.7847,2
14.3240,74.7530,10.8414,2
14.7579,74.6721,15.6312,2
14.2992,74.8358,15.6409,2
14.4189,74.7087,21.3284,2
14.3609,74.5052,21.2685,2
13.8685,74.5557,25.7401,1
14.7143,74.6046,26.0354,1
14.4640,74.5582,31.3776,1
14.4931,74.6102,31.3643,1
14.2717,74.3907,36.8724,1
14.5350,74.3084,37.2221,1
14.6265,75.0293,42.2552,1
14.6011,75.3923,41.9545,1
14.2645,74.2766,48.2463,2
14.8274,74.4595,47.0048,2
14.4089,75.1041,51.9879,2
14.0804,75.3871,52.7878,2
14.5646,74.6753,58.1276,2
14.1708,74.4846,57.9473,2
14.0195,74.6461,62.9758,2
14.4131,74.5715,62.6600,2
14.1093,74.7803,68.2710,2
14.1986,74.7556,68.2736,2
14.3815,74.0898,74.0256,2
14.2271,74.7558,73.2801,2
14.3959,75.0825,79.2132,2
14.6997,74.8360,79.1454,2
14.1175,74.6416,84.0981,2
14.7184,74.5850,84.3430,2
14.5188,75.0841,89.4068,2
14.6392,74.2254,88.6667,2
14.0170,74.9726,95.0737,2
14.6530,74.5336,94.4551,2
14.4495,75.1700,100.0000,2
14.6324,74.8362,100.0000,2
14.4225,78.8301,0.0000,2
14.2779,78.8949,0.0000,2
14.6787,79.1105,5.9779,2
14.1478,79.5179,4.4769,2
14.2340,78.7611,11.1802,2
14.5188,78.8742,10.1300,2
14.1985,79.2872,16.1888,2
14.7442,79.0664,14.4684,2
14.2248,79.0868,20.8678,2
14.3619,78.6164,21.5264,2
14.5649,79.0977,25.9990,1
14.5089,78.5460,26.2509,1
13.9681,78.4769,31.4178,1
14.9487,78.4071,30.9572,1
14.5170,79.4782,36.9432,1
14.6141,78.8461,36.5868,1
14.4901,78.7499,42.4674,1
14.1524,79.2144,42.1249,1
14.4307,78.4545,46.8785,2
14.7134,78.8848,47.5076,2
14.2978,78.9387,51.9455,2
14.4937,79.0586,52.7919,2
14.2930,78.8447,58.1633,2
14.4314,78.8612,58.8465,2
14.2835,79.2715,62.5806,2
14.6046,79.1598,62.9027,2
14.2302,78.3562,68.1135,2
14.5789,78.6241,68.4695,2
14.1784,78.8772,73.1107,2
14.4581,78.7970,73.0890,2
14.3419,78.6671,78.2904,2
14.6902,78.8393,77.8463,2
14.3490,79.2218,83.8298,2
14.7732,78.6904,84.4622,2
14.6810,79.0824,88.7864,2
14.2852,79.2984,89.0714,2
14.6688,78.8183,94.8076,2
14.1965,78.7649,94.2992,2
14.5188,78.9753,100.0000,2
14.3756,78.6683,100.0000,2
14.2678,83.4814,0.0000,2
14.4085,83.2965,0.0000,2
14.1421,82.8395,5.7920,2
14.4905,82.6534,5.4392,2
14.3618,82.8955,9.9539,2
14.6737,82.5682,10.1075,2
14.4977,83.6314,16.0664,2
14.3045,83.6167,15.1119,2
14.5268,83.3042,20.6121,2
14.6132,83.0037,21.4002,2
14.1058,83.2584,26.1097,2
14.7036,83.1447,26.9404,1
14.5752,83.1196,31.9728,1
14.6325,83.2995,30.4328,1
14.2772,83.5731,36.2141,1
14.6502,83.3698,36.4792,1
14.0746,82.9872,43.1443,1
14.3010,82.9196,41.6065,1
14.7166,83.0850,47.0555,2
14.7564,83.3317,46.9088,2
14.2290,83.5053,52.6400,2
14.1639,82.6230,52.0736,2
14.2258,82.5441,57.3450,2
14.2899,83.0191,58.7412,2
14.4203,83.1076,63.4125,2
14.4262,83.2779,63.2982,2
14.4982,83.9878,68.8766,2
14.2573,83.2690,68.0252,2
14.5629,82.7453,73.1303,2
14.5425,83.4572,73.9355,2
14.6445,83.2700,79.0336,2
14.3729,83.4018,79.4598,2
14.4611,83.1228,85.0062,2
14.4696,83.1806,84.4526,2
14.4541,82.9118,89.6627,2
14.4659,83.7106,89.8679,2
14.3546,83.3766,94.8908,2
14.7356,83.0006,94.8312,2
14.4539,83.1754,99.5574,2
14.5889,83.2833,100.0000,2
14.4717,87.2449,0.3946,2
14.3148,87.6939,0.5414,2
14.7251,87.4814,5.0199,2
14.4955,87.4824,4.9831,2
14.7403,87.5424,10.0802,2
14.8503,87.3976,9.9793,2
14.3076,87.8148,16.7020,2
14.6756,87.7642,16.3978,2
14.5851,87.4671,21.3226,2
14.6209,87.1459,21.4186,2
14.7654,87.3065,26.1592,2
14.5690,87.1735,25.6574,2
14.7032,87.2331,31.5882,1
14.3517,87.7514,32.0055,1
14.4255,87.0145,36.6686,1
14.5877,87.4250,36.8967,1
14.5160,87.5961,42.0843,1
14.5637,87.0723,43.3822,2
14.4169,87.4295,47.6517,2
14.3915,87.3708,47.3663,2
14.2909,87.5000,51.8070,2
14.8242,87.6063,52.9511,2
14.1264,87.1307,58.5894,2
15.3039,87.7268,58.4132,2
14.5787,87.1142,63.6555,2
14.2534,87.0052,62.5211,2
14.6688,87.3512,68.4715,2
14.4706,87.0307,68.0857,2
14.3496,86.9468,73.4321,2
14.2574,87.5417,74.0147,2
14.2150,87.2794,79.8754,2
14.2775,87.4964,79.0001,2
14.6923,87.4571,83.9949,2
14.4870,87.3928,84.1647,2
14.2099,87.7413,90.0069,2
14.2648,87.2782,89.3611,2
14.2424,86.8084,94.4015,2
14.4024,86.9361,94.8253,2
14.7063,87.6211,99.9367,2
14.1056,87.5831,100.0000,2
14.5586,92.1598,0.0000,2
13.8987,91.2629,0.2430,3
14.4791,91.2143,4.5533,2
14.4028,91.2051,5.5235,2
14.3914,91.3908,10.1472,2
14.5263,91.5917,10.6273,2
14.5097,91.5573,15.2729,2
14.3276,91.4605,16.8221,2
14.2039,91.4533,21.1018,2
14.4130,91.9011,20.8984,2
14.4268,91.8233,27.2211,2
14.7552,91.5379,26.2910,2
14.4830,91.6230,31.1553,1
14.6610,91.6409,31.5565,1
14.2195,91.5976,35.8955,1
14.3574,91.4100,36.9856,1
14.8497,91.7505,42.8295,2
14.6027,91.9165,43.0338,2
14.3273,91.3398,47.7028,2
14.4729,91.6451,47.2441,2
14.3544,92.0652,52.0816,2
14.6110,91.7362,51.8421,2
14.3075,91.3801,58.1770,2
14.4003,91.5533,57.1659,2
14.9389,91.6003,63.4074,2
14.3656,91.3832,64.1142,2
14.0903,91.6625,67.8153,3
14.3927,91.3875,67.9281,2
14.4808,90.8085,73.5265,2
14.4556,91.1712,74.4408,2
14.3548,91.5077,78.6513,2
14.4574,91.9714,80.1839,2
14.6228,91.9053,85.0687,2
14.5235,92.0500,84.6067,2
14.5025,91.6841,88.5630,2
14.5321,91.1158,88.6610,2
14.5123,91.2447,94.7333,2
14.5014,91.6339,94.2848,2
14.6534,91.5522,100.0000,2
14.2344,91.5255,100.0000,3
14.6677,95.5503,0.0000,3
14.2759,95.5926,0.0000,3
14.4460,95.9794,4.8706,3
14.4556,95.7233,5.7907,3
14.3514,95.6169,10.1033,2
14.2462,95.9482,10.4588,2
14.4846,96.1719,16.4555,2
14.1444,95.9838,15.9023,2
14.3814,95.8878,20.1894,2
14.7662,95.9440,20.6200,2
14.3566,95.2785,26.1588,2
14.3771,95.3919,26.7041,2
14.7290,95.7813,31.4261,1
14.5607,95.7836,31.0379,1
14.3431,95.7005,36.9662,1
14.4756,95.8526,36.0797,1
14.6067,95.7905,43.3816,2
14.3962,95.8865,43.5199,2
14.5125,95.7692,46.8750,2
14.7793,95.4417,47.5820,2
14.3790,95.7327,51.9196,2
14.7423,95.7061,52.0240,2
14.7242,95.6382,58.0620,2
14.6420,95.9317,56.7964,2
14.6128,95.7593,62.9934,3
14.4519,95.3065,63.2540,3
14.2008,95.7037,68.4992,3
14.6885,95.5436,69.1468,3
14.6631,95.6607,73.1298,3
14.1849,95.8710,73.3156,3
14.7136,95.5856,78.4970,3
14.5204,95.5837,78.9516,3
14.6709,95.8246,84.2710,3
14.5147,95.2815,84.4064,3
14.5057,96.0573,89.7766,3
14.4333,96.0992,89.3274,3
14.5231,95.6961,94.9677,3
14.3984,96.2837,95.7455,3
14.6485,96.2519,99.2304,3
14.1894,95.6930,100.0000,3
14.4340,99.5074,0.5758,3
14.9045,100.3843,0.5428,3
14.5189,99.7471,5.2994,3
14.8948,99.8944,5.0357,3
14.6951,100.3521,10.1024,2
14.4214,99.8494,10.5612,2
14.6944,99.7588,16.3343,2
14.4940,100.6979,15.9489,2
14.4543,100.1724,20.8841,2
14.1146,99.9278,20.9245,2
14.1552,99.9781,25.2822,2
14.4041,100.0731,26.3643,2
14.3915,99.9743,31.1869,1
14.4758,100.0174,31.1288,1
14.5272,100.0784,36.7590,1
14.9579,99.9578,36.7025,1
14.3892,99.7087,42.4482,2
14.3364,99.8296,41.8361,2
14.2767,99.4747,47.1370,2
14.6484,100.0591,48.1487,2
14.6239,100.1572,53.5729,2
14.4543,100.0189,52.6258,2
14.7824,100.0008,57.5706,2
14.5912,99.7551,58.1615,2
14.5565,99.9432,63.4408,3
14.1761,100.0489,62.9265,3
15.0461,100.0467,68.1229,2
14.1980,100.3916,68.2460,3
14.3154,100.1009,74.0091,3
14.6005,100.0059,73.7638,3
14.5201,100.1009,79.1598,3
14.6926,100.0169,78.5390,3
14.4448,100.2261,83.3173,3
14.1175,100.2755,84.9706,3
14.2206,100.0301,89.2739,3
14.4215,100.0917,88.8272,3
14.2522,99.9096,94.6642,3
14.2485,100.2369,94.5281,3
14.3893,100.0848,99.9355,3
14.6412,99.7200,99.3013,3
16.7801,20.0181,0.0000,2
16.5646,20.0547,0.0000,2
16.5516,20.2896,4.9473,2
17.0721,20.0085,5.4105,2
16.7998,19.2035,9.9579,2
16.8170,20.1094,9.6315,2
16.8314,19.6633,15.9068,2
16.8382,20.2231,16.3229,2
16.9339,20.2581,20.8775,2
17.4067,19.6344,20.7888,2
17.0224,20.2258,26.5595,2
16.9772,19.3749,27.1104,2
16.8013,20.3738,30.5622,1
16.8934,19.8309,31.8650,1
16.9055,20.1098,36.3126,1
16.8307,19.9459,37.0898,1
17.0400,20.0451,41.4672,1
16.8636,20.7833,42.9283,2
16.2472,20.0190,47.8345,2
16.8056,19.8620,47.2349,2
16.9525,19.6555,53.2259,2
16.8309,19.7195,53.1938,2
16.5331,19.8334,57.6089,2
17.2709,19.7945,56.8173,2
16.7257,20.1367,63.5499,2
17.2974,20.4221,63.2519,2
16.6638,20.4872,68.2368,2
16.7105,19.8749,67.7949,2
16.7491,19.9301,74.0495,2
16.7645,19.6198,72.8823,2
16.8840,20.0218,78.6702,2
16.7486,20.1165,79.6426,2
16.6861,20.0267,84.6897,2
16.6869,19.9953,84.1915,2
16.5798,20.0506,89.4895,2
16.9531,19.6439,89.4787,2
17.1185,20.6232,95.3769,2
16.6067,20.1353,94.4953,2
16.8989,19.7683,99.1433,2
16.7732,20.2168,100.0000,2
16.9227,24.2754,0.2023,2
16.9480,24.1281,0.0414,2
17.1908,24.2531,5.2844,2
16.8627,24.1452,5.0455,2
16.8838,24.0588,10.4536,2
16.6840,24.2429,10.8184,2
16.7997,23.6080,16.0847,2
16.8661,23.9126,16.1761,2
16.5624,24.5241,21.0239,2
16.3883,24.2640,20.8495,2
16.7307,23.9892,26.2522,2
16.7451,23.6535,26.9518,2
16.7932,23.9909,31.0147,1
16.9963,23.8210,31.6459,1
16.7254,24.0529,36.2903,1
16.7180,24.2132,36.9598,1
16.6850,24.1832,42.5495,2
16.5096,24.2086,41.6299,1
16.6316,24.2888,47.0958,2
16.5987,24.6078,47.8285,2
16.4556,23.7682,52.9283,2
16.7851,24.6607,52.9397,2
16.9020,23.9040,58.1405,2
16.5870,24.6021,58.1058,2
16.6771,24.4519,64.2787,2
16.7986,24.3757,62.9420,2
16.8592,23.7584,68.4208,2
16.8508,24.7502,67.5236,2
16.7859,24.5970,73.5633,2
16.8078,23.9605,73.2179,2
16.4769,24.0218,78.4527,2
16.8657,23.9742,78.7076,2
16.7517,24.1961,83.9463,2
16.6297,24.2363,84.7443,2
16.8678,24.0276,89.4121,2
16.4320,24.1687,89.2735,2
16.6554,23.9849,94.5317,2
17.0406,24.5381,94.2728,2
16.7385,24.0627,100.0000,2
16.8712,24.2384,100.0000,2
16.7228,28.8302,0.0000,2
16.6709,28.3522,0.6160,2
16.7571,28.7059,4.9505,2
16.6890,28.6189,4.8262,2
17.0066,28.5265,10.0895,2
16.8278,28.2564,10.7008,2
17.2197,28.3098,16.0564,2
16.8470,28.4283,15.7069,2
16.6706,28.5216,20.9083,2
16.6611,28.7253,21.1021,2
16.7965,28.8231,25.3977,2
17.0967,28.1570,26.4216,2
16.7245,28.1442,32.2359,1
17.2133,28.3547,31.7467,1
16.8535,28.9402,35.7855,1
16.9175,28.2029,35.6641,1
16.7700,28.9755,41.7772,1
17.0003,28.7807,42.0989,1
16.8662,27.9062,47.0103,2
17.0235,28.4393,47.5521,2
16.8687,29.0787,52.4163,2
17.1632,28.4611,53.4787,2
16.5971,28.4764,57.6979,2
16.8700,28.7878,58.0841,2
17.0862,28.2200,62.7465,2
16.8453,28.4095,63.0650,2
16.6504,28.7806,68.2396,2
17.1273,28.4249,68.7453,2
16.9536,28.1738,73.8678,2
17.2278,28.4965,74.1348,2
16.9808,28.5132,79.0406,2
16.9516,28.6500,78.2713,2
16.8916,28.3658,84.0148,2
17.1013,28.2011,83.5131,2
17.0012,27.9949,88.5097,2
17.0238,28.4687,89.7100,2
16.7536,28.0057,94.1440,2
16.7877,28.0393,94.8904,2
16.7496,28.4766,100.0000,2
16.9195,28.5709,99.8280,2
16.8789,32.7024,0.0000,2
16.9714,32.6766,0.2820,2
16.5847,32.5368,4.7174,2
16.9910,32.2100,4.7988,2
16.9490,32.4428,10.0621,2
17.0234,32.9159,10.8874,2
17.0118,32.5621,15.6872,2
16.7125,32.6819,15.5255,2
16.7555,32.8116,21.6449,2
16.9218,33.1699,20.6999,2
16.4745,32.8460,25.9299,2
16.7874,32.1006,25.8662,2
16.5417,32.5013,31.3817,1
16.8601,33.0035,31.9174,1
16.5177,32.8140,36.8980,1
16.8225,32.6248,36.9444,1
16.7037,32.5769,42.6972,2
16.7013,32.3226,42.0744,1
16.6160,32.1147,47.1962,2
17.1318,32.6200,47.4577,2
16.4161,32.7630,52.6783,2
16.7091,32.6856,52.7166,2
16.6302,32.7311,58.4933,2
16.7965,32.3713,57.8059,2
17.0130,32.2637,63.4472,2
16.7065,32.7042,62.8757,2
16.7287,33.0885,67.7165,2
16.9392,33.1510,68.7638,2
16.5759,32.2471,73.3084,2
16.8737,32.6994,73.0484,2
16.6676,32.3881,78.8570,2
17.2390,32.3516,78.4589,2
16.6155,32.8222,84.1899,2
16.6629,32.5227,83.8148,2
16.9013,33.4369,89.7491,2
16.8235,32.4321,88.8020,2
16.9888,32.8354,94.5038,2
17.0848,32.6379,95.1242,2
16.9013,32.5784,99.5226,2
16.8130,32.8842,99.7459,2
16.9301,36.5173,0.3900,2
16.9047,36.4815,0.0000,2
17.0284,36.4644,4.7277,2
16.8282,37.4821,4.9269,2
16.9412,36.9201,10.2316,2
16.8743,36.7078,10.3474,2
16.5099,36.8348,16.2390,2
16.8536,37.1693,16.0796,2
16.8302,36.6537,20.8095,2
16.5480,36.7620,21.1256,2
17.1852,37.0006,25.8834,2
16.5542,36.7801,26.7217,2
16.7980,37.0047,31.4884,1
16.9855,36.3629,32.3810,1
16.6196,37.0802,36.7060,1
16.8189,36.7698,36.9699,1
16.9336,37.1596,42.8092,1
16.9085,37.3562,42.1517,1
17.0576,36.9707,47.0938,2
16.8784,36.9931,47.3523,2
16.9247,37.1017,52.6199,2
16.2533,37.3456,52.4828,2
16.6774,36.5049,57.7265,2
16.7296,36.6210,57.5537,2
16.9481,37.4512,63.5682,2
17.0666,36.7289,63.2102,2
16.9274,36.6442,68.2082,2
17.0130,37.1692,68.4548,2
16.6031,36.7534,72.9635,2
16.8571,36.9187,73.5489,2
16.8904,36.9672,79.0758,2
16.6018,36.7661,79.1523,2
17.1578,36.7605,84.4859,2
17.0177,36.7831,84.7847,2
17.0825,37.2562,89.7029,2
17.3141,36.6575,90.5357,2
16.9958,37.2442,94.5768,2
17.0110,37.2702,94.1932,2
16.8094,36.1997,99.9108,2
16.6789,36.7768,100.0000,2
17.1857,40.6208,0.2779,2
17.0019,40.9513,0.0892,2
16.8973,40.6486,4.7475,2
16.8766,41.0825,4.9089,2
16.6832,41.0257,10.9694,2
16.8268,41.5395,10.1784,2
16.8807,40.9463,16.0835,2
16.6858,41.6309,14.9442,2
17.1852,41.0796,21.3288,2
17.1090,41.3099,20.6876,2
16.9621,41.6129,25.8721,2
17.2658,41.1683,26.0992,2
16.6634,40.9856,30.6013,1
16.7591,40.9738,31.0417,1
16.9917,40.9870,36.5242,1
16.7770,41.1592,36.8787,1
16.7019,41.0903,42.0799,1
16.6142,40.9661,42.3949,1
16.9565,40.9836,47.7068,2
16.6461,40.7679,47.2428,2
17.1416,41.1016,52.4939,2
17.1509,40.9665,53.7489,2
16.7398,40.7491,57.8116,2
16.7923,40.8103,59.1957,2
16.9058,41.1919,62.9270,2
16.7266,41.3603,62.3200,2
16.6135,40.9784,69.0966,2
16.7672,41.1775,68.4349,2
17.1014,40.5772,74.0522,2
16.8023,41.3301,73.2746,2
16.8470,41.0219,78.4462,2
16.5860,40.8785,79.0123,2
16.6907,40.9536,83.2676,2
16.7680,41.3597,84.5631,2
16.8247,41.1257,89.0596,2
17.1670,41.6730,89.5561,2
17.3602,40.8486,94.1113,2
16.7002,40.9868,95.8929,2
16.7859,40.7947,99.5508,2
17.0701,41.3518,99.7573,2
16.4669,44.9246,0.8606,2
16.9799,45.2828,0.9344,2
17.2338,45.2524,5.2544,2
16.7257,45.1778,4.5200,2
16.5440,44.7464,11.0685,2
16.5298,45.8481,10.1611,2
17.1896,45.1536,15.0064,2
17.0989,45.6837,15.3364,2
16.7758,44.9914,20.9924,2
16.8637,45.1577,20.1432,2
16.7259,45.4742,26.2113,1
16.7766,44.9839,26.0108,2
17.1239,44.9212,31.9394,1
16.8515,45.3366,31.2128,1
16.7717,45.2614,36.5818,1
16.9084,45.4004,37.9285,1
16.8977,44.6895,42.6868,1
16.8013,45.8667,42.8407,1
16.7411,45.4797,47.0714,2
16.8426,45.4660,47.9249,2
17.0211,45.2857,53.8733,2
16.7691,44.7810,51.9242,2
17.1369,45.2402,57.9743,2
16.7336,45.1273,57.5012,2
16.9363,45.2339,63.3754,2
16.9100,45.1354,62.4285,2
16.5329,46.1712,69.1601,2
17.1101,45.0608,68.4258,2
16.6790,44.8695,73.3898,2
17.1073,45.5154,73.1992,2
16.7791,45.4879,78.6619,2
16.8580,45.3837,79.1428,2
16.8929,45.0670,83.9350,2
16.6154,44.7948,84.1532,2
17.0054,44.8491,89.6102,2
16.9990,44.7121,89.3384,2
17.1713,45.4287,93.8016,2
16.9738,45.0388,95.0825,2
16.7041,45.2472,99.7312,2
16.8427,45.0930,99.8882,2
16.6070,49.6209,0.0876,2
16.5188,49.7716,0.0000,2
16.8745,49.7031,5.4273,2
17.0751,49.3857,5.7804,2
16.8667,49.6260,10.7281,2
17.0903,49.6901,10.3048,2
16.7139,49.4588,15.4094,2
16.6317,48.8353,15.0148,2
17.2392,49.2767,22.0044,2
16.9227,49.4588,20.3023,2
16.8430,50.0413,27.0946,1
16.8970,49.1291,25.8372,1
16.6716,49.8571,32.3948,1
16.8813,49.3828,32.3533,1
16.6464,49.4892,37.0736,1
16.6695,49.2829,36.4852,1
17.1255,50.0480,42.1627,1
16.7885,49.2937,42.1061,1
16.7321,49.4446,47.5750,2
16.7610,49.4168,47.2757,2
16.7786,49.3413,53.0127,2
16.4880,49.9460,52.6993,2
16.9641,49.6912,57.5407,2
16.6592,49.1640,57.7712,2
16.9819,49.2986,63.4619,2
16.3685,49.3580,63.7415,2
16.8079,49.2249,68.0926,2
16.2365,49.1701,68.9497,2
16.7256,49.3343,72.5183,2
16.5159,49.8307,73.9929,2
16.5826,49.2845,78.9328,2
16.6029,48.8724,78.8678,2
16.9566,49.6512,84.6481,2
16.5314,49.4911,84.0763,2
16.8247,49.4101,89.1435,2
16.2385,49.8222,89.6387,2
16.5452,49.6156,94.5132,2
16.7583,49.2432,95.0053,2
16.6821,49.1446,100.0000,2
16.8063,49.4294,100.0000,2
16.7086,53.5438,0.1529,2
16.5338,53.7505,0.0000,2
17.0132,53.8482,5.4704,2
16.5207,53.6532,4.6745,2
16.8347,52.9896,9.7559,2
17.0799,53.7949,10.3494,2
16.6604,53.3589,15.8896,2
16.7734,54.1482,15.6971,2
16.8538,53.2677,20.8723,2
16.8775,53.5724,20.8098,2
16.9075,54.1387,26.3883,1
17.0709,53.8707,26.8580,1
16.7202,53.6221,31.4776,1
16.9514,53.9219,31.6415,1
17.0174,53.5152,37.2848,1
17.0453,53.8875,36.9092,1
16.9848,53.4160,42.2044,1
16.9022,53.2854,42.3426,1
16.5923,53.5558,47.3883,2
16.6960,53.7090,47.4017,2
16.6781,53.8546,52.2495,2
17.2997,53.6514,52.0459,2
16.6452,54.0285,57.6902,2
16.5694,53.9403,57.6870,2
16.9728,53.9649,63.2951,2
17.3213,53.1668,62.7489,2
16.7909,54.3626,69.3201,2
17.0998,53.4460,68.0823,2
16.6764,53.4492,74.4306,2
16.7934,53.6508,74.0714,2
16.5094,53.7000,78.3989,2
16.7832,53.5083,78.6284,2
16.8872,53.7506,84.1006,2
16.9162,53.4236,84.5513,2
16.8009,53.5391,89.0763,2
16.7938,54.2454,89.4420,2
16.6132,53.9599,94.5009,2
16.8989,53.5025,95.3772,2
16.7240,54.1036,99.4754,2
16.7835,54.1042,100.0000,2
17.2964,57.8140,0.1285,2
17.2231,57.4406,0.0000,2
16.6830,58.1387,4.4582,2
16.9615,58.0527,6.2704,2
17.0512,58.0040,11.2059,2
16.9499,57.7567,9.9540,2
16.7282,57.8827,15.8770,2
16.4151,57.8289,15.8038,2
16.9516,58.3828,21.1455,1
16.6602,57.3493,21.3961,1
16.6683,58.1548,27.0145,1
16.5333,58.0609,26.9621,1
17.0459,57.2658,31.1521,1
16.5861,58.0518,31.7856,1
16.3025,57.8045,37.2425,1
16.8717,57.9386,36.6596,1
16.6303,57.8896,42.1313,1
16.9652,58.1037,42.1482,1
17.0611,57.7823,46.6464,1
16.9375,57.9327,47.6169,1
16.5892,58.4320,52.9868,2
16.7845,57.6141,53.1702,2
16.6218,58.5731,57.5881,2
17.1862,57.8394,58.6851,2
16.6951,57.9004,63.5603,2
16.9745,58.2250,62.9142,2
16.8591,58.2693,68.0684,2
16.9566,57.8290,68.5240,2
16.8590,57.6583,73.5539,2
16.8711,57.8639,74.4706,2
17.0441,57.9817,78.5658,2
16.6773,58.4869,78.4424,2
16.8649,58.0030,84.0549,2
16.6417,57.6593,83.9373,2
16.7002,58.2931,89.4691,2
16.7373,57.9268,89.8077,2
16.7732,58.1653,94.1013,2
17.0764,57.8921,94.7128,2
16.7035,57.5264,99.1667,2
16.6896,58.0710,99.5194,2
16.5324,61.8325,0.0000,2
16.7730,62.0666,0.5163,2
17.0920,62.7069,4.4507,2
16.6709,62.3148,5.0361,2
17.0143,62.1674,11.3159,2
17.0506,62.4236,10.3204,2
16.8226,62.0137,15.0365,2
17.1365,62.3289,15.6170,2
17.1030,61.9162,20.1336,1
17.0436,61.7217,20.9547,1
16.8833,62.2209,26.7400,1
16.9583,62.2702,25.9204,1
16.9010,61.6536,32.3600,1
16.5616,62.0013,30.9195,1
16.6961,62.1093,36.5777,1
17.0710,62.1733,36.6106,1
16.8154,62.4712,42.5597,1
16.6144,61.9011,42.3427,1
16.9128,61.7901,47.7430,1
16.6639,62.4964,47.6331,1
16.6157,61.9465,52.3583,2
16.8741,62.0441,52.0588,2
16.5633,62.2700,58.0379,2
16.8632,62.1865,57.5853,2
16.8789,62.8668,63.7452,2
16.7844,61.9482,61.7277,2
17.0558,62.3412,68.1491,2
16.5558,61.7587,68.6432,2
16.8242,62.3127,73.7274,2
17.0355,62.2161,74.0986,2
16.4242,61.7350,78.7652,2
17.0580,62.6694,78.8652,2
16.7198,61.5188,84.6423,2
16.7321,62.9928,83.8408,2
17.2632,62.3298,88.9595,2
16.8885,62.3367,89.3611,2
17.0097,62.3501,95.0350,2
16.8388,61.7528,94.6984,2
16.8773,61.5424,100.0000,2
16.8227,61.7163,99.8335,2
16.7797,66.8948,0.1101,2
17.0493,66.2804,0.0000,2
16.9766,66.1183,5.0954,2
16.6315,66.3376,5.7957,2
17.0287,66.7916,11.3903,2
16.4329,65.9577,9.6222,2
16.9685,66.1079,15.5449,2
16.7988,66.4306,15.0468,2
16.5903,66.3162,21.6520,1
16.8370,66.0783,19.9785,1
17.0326,66.0950,25.7421,1
16.4990,65.8841,25.8352,1
16.7943,65.9532,31.6718,1
16.7928,66.9824,30.7267,1
16.8744,66.3680,36.3268,1
16.8612,66.5467,36.8904,1
17.1190,65.6625,41.6841,1
17.1371,66.5894,42.3755,1
17.0887,65.7408,47.7662,1
17.0550,66.1182,48.6830,1
16.8814,65.6580,52.8222,2
16.6981,66.6653,52.9056,2
16.7225,66.7665,58.3645,2
16.6765,66.2702,58.1532,2
16.7693,66.2155,63.1763,2
16.6289,65.6460,63.2775,2
16.4443,66.0179,67.5353,2
16.5124,66.4437,68.3099,2
16.7904,65.9210,73.3563,2
16.9174,66.3002,74.0956,2
17.0351,66.2401,78.0212,2
16.6908,66.2865,78.5591,2
16.6312,66.3367,85.4257,2
16.7445,66.3149,83.5545,2
17.0908,66.5782,89.8765,2
17.1141,66.1876,89.3225,2
17.1841,66.5056,93.6272,2
16.9331,66.1413,95.1859,2
16.9237,65.7936,100.0000,2
16.8842,66.4248,100.0000,2
17.1413,70.6505,0.0114,2
17.0717,71.1991,0.4575,2
16.8833,70.6561,5.3912,2
16.8458,71.1759,4.8886,2
17.0731,70.4886,9.7861,2
16.8044,70.3623,10.8151,2
16.8604,70.2197,16.5250,2
17.0601,71.0021,15.9080,2
16.8350,70.7374,20.7639,1
16.8681,70.4736,20.3221,1
16.8676,70.3940,26.1945,1
16.9149,70.9081,25.8914,1
16.7748,70.2968,31.1639,1
16.7232,70.4674,31.8719,1
16.9062,70.2093,37.4892,1
17.0310,70.2560,37.4542,1
16.9075,70.4794,42.2843,1
16.8370,70.6898,42.1989,1
16.7746,69.9186,47.6320,1
16.7674,70.7597,47.6093,1
16.7726,70.8332,52.7340,2
16.8748,70.4849,53.4734,2
16.6995,70.4295,57.2761,2
16.9875,70.3517,57.6597,2
16.7387,70.5451,62.5325,2
16.3935,70.6636,62.1011,2
17.0129,70.9939,68.3389,2
17.1020,70.5190,69.2207,2
16.7509,69.8168,73.6443,2
17.1837,70.6868,73.4266,2
16.9079,70.8176,78.9046,2
17.3674,70.3711,79.4486,2
16.9945,70.3164,83.9983,2
17.0457,70.5698,84.3796,2
16.5149,70.7231,89.6173,2
16.8293,70.6346,89.2691,2
16.7237,70.4538,94.5047,2
17.2782,70.7999,94.2526,2
17.2494,70.3965,100.0000,2
17.0216,69.9353,99.8815,2
16.7274,74.7984,0.1850,2
16.8267,74.6997,0.5326,2
16.9024,74.7493,5.3371,2
17.2093,74.7886,5.0059,2
16.4603,74.3067,10.2928,2
16.8204,74.5702,10.7019,2
16.7284,74.4625,16.0958,2
17.1160,74.4047,15.9113,2
16.4611,74.2945,20.7582,2
17.0691,74.5032,20.6446,2
16.8493,74.7480,25.9232,1
17.2393,74.6572,26.3726,1
16.7617,74.8688,32.1964,1
17.1748,74.5082,32.1293,1
16.9520,75.0292,36.7962,1
16.8047,75.0176,37.3195,1
17.1552,74.7964,42.0518,1
16.3501,74.2535,41.9081,1
16.6219,74.9811,46.7134,2
16.7418,74.5982,47.9708,2
16.7205,74.8726,52.7294,2
17.0228,74.9919,52.6149,2
16.5028,74.6673,57.8848,2
16.8993,74.5156,58.4652,2
16.8448,74.4607,62.9288,2
17.2278,74.9362,63.6821,2
16.6338,74.5302,68.0803,2
16.8790,74.6846,68.1763,2
16.7693,74.4986,73.5943,2
17.0647,74.2829,73.8575,2
17.1181,74.6819,78.6829,2
17.0270,74.4416,78.9360,2
16.6341,74.1758,84.1345,2
16.5894,74.7333,84.7680,2
17.2130,74.7649,89.9833,2
16.9219,74.6219,88.5113,2
17.1674,74.4221,95.4282,2
16.9495,74.4440,94.8928,2
17.2687,75.1975,99.7436,2
16.6997,74.7669,99.9172,2
17.0821,79.1692,0.0000,2
16.9338,78.8936,0.0186,2
16.8919,79.3070,5.7521,2
16.6922,78.9298,5.0389,2
16.5057,78.9146,11.4487,2
16.4997,78.9401,10.4982,2
16.8997,78.6586,15.0769,2
16.5664,79.3466,15.2981,2
16.7422,79.5788,20.6855,2
16.9106,79.2665,21.5605,2
16.5758,78.7334,26.4670,1
17.2279,78.7189,26.0690,1
16.9260,79.1333,31.9191,1
16.6728,78.7878,31.6867,1
17.0946,78.8758,36.8310,1
16.6369,79.5063,36.9192,1
17.0577,78.9563,42.1479,1
16.5420,78.3021,42.7312,1
16.8577,79.0093,46.7439,2
16.6615,79.2661,48.2385,2
16.7178,79.1488,52.7266,2
16.8180,79.5030,52.4050,2
17.0902,79.0618,57.8863,2
17.1165,79.0344,57.8465,2
17.1180,79.3221,63.7589,2
16.0645,79.0794,63.2640,2
16.8351,79.1303,68.5513,2
16.9777,78.8670,69.1701,2
16.9979,79.1101,73.9311,2
17.0736,79.2539,73.6278,2
17.0402,78.9996,79.9058,2
17.0617,78.7597,80.1127,2
16.4217,79.1386,83.8624,2
17.2185,79.0232,83.8136,2
16.7888,78.7332,89.3208,2
16.7764,78.7220,89.6087,2
16.9204,78.6485,93.9077,2
16.9043,79.1069,95.1020,2
16.9523,79.4192,100.0000,2
17.3781,79.8776,99.1209,2
16.4027,83.1557,0.2521,2
16.8269,83.3690,0.0000,2
16.7033,82.9950,5.1631,2
17.0108,83.0119,5.1187,2
16.9561,83.0983,11.0847,2
16.6582,82.8170,10.6786,2
16.9230,82.8984,16.4613,2
17.2271,82.9695,16.5331,2
16.3657,83.4807,20.6238,2
17.0373,82.8695,21.0184,2
16.6801,83.0937,27.2308,1
16.8205,83.7910,26.1229,1
17.1405,82.6702,31.4357,1
16.7349,83.6192,31.6716,1
16.4245,82.7649,36.3358,1
17.0289,83.3994,36.6919,1
16.7324,83.3728,41.5405,1
16.9336,83.2697,41.9680,1
16.9216,83.1885,47.6171,2
16.5753,83.3422,47.8817,2
16.9063,83.3383,52.5766,2
17.0204,83.1775,52.0576,2
17.0061,82.6676,58.0361,2
16.7653,83.0235,57.9807,2
16.7002,83.3116,63.1863,2
16.7186,83.5593,63.2603,2
16.9683,83.5829,69.1211,2
16.9581,83.0671,67.7062,2
16.8834,83.4863,73.8614,2
16.1532,83.4189,74.1500,2
16.7819,83.4544,79.2614,2
16.7050,83.5393,78.3136,2
16.8307,83.1108,83.7978,2
16.9029,83.5510,84.8344,2
16.9868,82.6491,88.8057,2
16.8753,83.1476,89.2246,2
17.2232,83.1897,95.0080,2
17.0397,83.1744,96.0324,2
16.6540,82.9761,99.5286,2
17.1546,83.3985,99.7279,2
16.6693,87.7839,0.1808,2
17.1242,87.3504,0.2558,2
16.9022,87.1812,5.1911,2
16.6052,87.5167,5.6438,2
17.0401,87.5684,10.4622,2
17.1525,87.6361,11.2206,2
17.1324,87.3307,15.9834,2
16.9970,87.0237,15.2260,2
16.5822,87.3360,20.8860,2
16.5550,87.4132,21.0048,2
17.0786,87.9723,26.5440,2
16.7028,87.5624,26.3204,2
16.7941,87.1099,31.3468,1
16.8065,87.6096,31.8345,1
17.2072,87.5707,37.0543,1
16.7809,87.0572,36.5572,1
16.7021,86.6002,41.6009,1
17.1625,87.4790,41.9170,1
16.9218,86.7824,47.5095,2
17.0976,87.3321,46.4824,2
16.7593,87.7522,52.7609,2
16.5584,88.0787,52.0047,2
16.7935,87.0572,57.3767,2
16.7517,87.5593,58.5400,2
16.7649,87.0654,63.3972,2
16.9437,87.4405,63.2958,2
16.8196,87.3979,68.3302,2
17.0562,88.0370,68.5109,2
16.8408,87.4452,73.3552,2
16.9951,87.5008,73.4740,2
17.0225,87.3741,78.4623,2
16.9124,87.4395,79.4276,2
17.0084,87.3357,83.9745,2
16.8425,87.4774,84.4524,2
16.9024,87.3412,89.9721,2
16.7072,88.1122,89.8552,2
16.6166,87.4240,95.1232,2
16.7722,86.9199,94.2173,2
16.9505,86.8420,99.2753,2
16.9495,87.3017,99.6521,2
16.7432,91.1377,0.2422,2
16.6808,91.4182,0.1734,2
16.7908,91.3676,4.2684,2
16.9156,91.6026,5.0045,2
16.6346,91.5828,10.7666,2
16.8617,92.0704,10.8787,2
16.8206,91.8004,15.8138,2
16.8511,91.9679,15.3404,2
16.8468,91.9359,21.2071,2
16.7683,91.0671,19.9175,2
17.2573,91.6715,26.0238,2
16.9120,91.2946,26.1502,2
16.6539,91.1550,30.5265,1
16.5226,91.8853,31.0855,1
16.9491,91.8659,36.8504,1
16.7824,91.6189,36.6338,1
17.0829,92.1419,42.8302,2
16.4118,91.4478,42.1073,1
16.9347,91.0608,46.4967,2
17.1035,91.4112,46.6247,2
16.6214,91.6961,52.2203,2
16.8904,91.2853,51.7595,2
17.1270,91.6984,57.7279,2
16.7378,92.0184,58.1905,2
17.0715,91.4038,63.1832,2
16.9225,91.4139,63.1101,2
16.7254,91.6987,67.7604,2
16.9565,91.6722,68.3194,2
16.9320,91.4695,73.3491,2
16.9509,91.7551,73.4306,2
16.7235,91.5241,78.6714,2
17.1471,91.6739,78.9547,2
16.6556,91.8006,83.9047,2
16.7116,91.8107,84.4042,2
16.3414,91.5316,89.5364,2
16.7742,91.6271,88.5688,2
16.2759,91.2863,94.8780,2
16.1971,91.3259,93.7755,2
16.7936,92.1663,99.8914,2
16.8206,91.8307,100.0000,2
16.7991,96.0675,0.2359,2
16.8998,95.7478,0.0000,2
17.0255,95.6885,5.8788,2
16.6327,96.2196,5.4992,2
16.6484,95.9422,10.2012,2
16.8488,95.6435,10.4599,2
17.0304,95.9450,15.2268,2
16.6285,95.8707,15.9611,2
16.7072,96.2669,21.4594,2
16.7170,95.5728,20.9387,2
16.7757,96.1663,26.8081,2
16.8491,95.9928,26.7273,2
16.8538,95.9103,31.8760,1
16.9396,95.5558,31.2401,1
16.7844,95.5775,36.1056,1
16.9773,95.8934,36.1724,1
16.7939,95.7342,42.1962,1
16.6257,95.3833,42.3651,2
16.5353,95.7197,47.2054,2
16.8174,95.8653,48.1677,2
16.5222,96.0524,51.3755,2
17.1208,95.1766,53.8498,2
16.7642,96.1766,58.4368,2
16.7548,95.6815,57.4762,2
16.9996,95.6624,62.7484,2
16.9496,95.5203,62.9934,2
16.8635,95.5967,68.1753,2
17.1491,95.7282,68.2412,2
16.8071,95.9258,73.1673,2
16.9275,95.8662,72.7899,2
17.2010,96.2277,78.5471,2
16.6176,95.8579,78.2344,2
17.1150,95.6489,85.0214,2
16.6772,95.7558,84.8441,2
16.7775,95.8711,90.0200,2
16.7309,95.4109,88.7443,2
16.9588,95.9061,95.2677,2
16.7873,95.3603,93.5605,2
17.4157,95.9475,100.0000,2
16.8978,95.3601,99.6026,2
17.1908,100.1975,0.0000,2
16.5967,99.8453,0.0000,2
17.2519,99.9435,4.6684,2
16.8304,100.0793,4.6229,2
16.9225,100.3627,10.5957,2
16.6827,99.8413,9.6969,2
16.8153,100.0932,15.3412,2
17.2300,100.2377,14.8931,2
16.4877,99.7048,21.8392,2
17.0203,100.4871,21.0577,2
16.8002,99.6257,26.4906,2
16.8029,99.9296,27.1248,2
16.8168,100.3993,30.7849,1
17.3797,99.8880,31.9325,1
17.0154,99.8508,37.2516,1
17.0163,99.7861,36.4915,1
16.8512,99.9654,42.8018,2
16.9826,99.9789,42.4083,2
16.4328,99.8154,47.5123,2
17.0652,100.0599,48.0975,2
17.0157,99.8535,52.5616,2
16.9238,99.8654,53.3972,2
16.6204,100.0948,58.2625,2
16.7794,99.8384,57.8567,2
17.0045,99.8500,62.6234,2
17.0722,100.1198,63.6618,2
16.9940,100.6540,68.9785,2
16.6973,100.1411,68.1423,2
16.7513,99.5762,73.5412,2
16.9511,99.9802,73.1345,2
16.5375,100.6336,79.1099,2
16.6773,100.1385,80.0420,2
16.9662,99.1639,85.5367,2
16.4723,99.9382,83.6438,2
16.6941,100.0853,88.4382,2
16.8241,100.3442,89.0521,2
16.5640,99.9582,94.5677,2
16.7231,99.6435,94.9964,2
16.9612,99.6803,99.5364,2
16.8694,99.7105,100.0000,2
19.5041,19.9821,0.0000,2
19.2889,19.9467,0.0000,2
19.3056,20.2073,5.2809,2
19.1984,20.6191,5.8634,2
19.3772,20.0394,10.0234,2
19.4360,20.0433,10.2377,2
19.1619,19.7101,16.3181,2
19.3471,20.0545,15.7681,2
19.0744,19.3610,20.3462,2
19.0620,19.7321,21.1973,2
19.3728,19.9615,27.0202,2
19.0539,19.9593,26.2903,2
19.4290,20.0318,31.6457,1
18.8796,19.7300,32.1269,1
18.7955,20.4029,37.0919,1
19.0610,19.7504,37.7901,1
19.4928,19.9642,42.1726,1
19.0813,20.0404,41.7683,1
19.1948,20.5431,47.3206,2
19.0009,19.5901,47.4320,2
19.0583,20.0740,51.8218,2
19.3486,19.6819,52.6547,2
19.1429,20.5155,57.9805,2
19.5996,20.1682,58.6074,2
19.1688,20.1037,63.7672,2
19.3915,20.1593,62.9939,2
19.1788,20.3413,69.0940,2
19.0920,19.7769,67.9690,2
19.3765,19.7212,74.0930,2
19.3197,19.8365,74.4661,2
18.9181,20.4979,79.1068,2
18.7958,20.4776,79.4335,2
19.1249,19.7106,83.4260,2
19.6936,19.7230,83.5787,2
19.2641,19.5086,88.9829,2
19.4095,20.1393,89.2805,2
19.2142,19.8673,94.7058,2
19.0582,19.8259,94.4315,2
19.0654,20.3132,100.0000,2
19.0241,19.6417,99.9214,2
19.6416,23.9022,0.0000,2
19.2283,24.1779,0.0000,2
19.4415,24.3469,5.6861,2
19.3284,24.4787,6.0554,2
19.4767,24.9080,11.1350,2
19.0766,24.4647,10.8815,2
19.5946,23.9204,16.0684,2
19.0743,24.3643,15.6821,2
19.3064,23.7874,21.4492,2
19.2517,24.2562,22.0277,2
19.1340,24.3132,26.3659,2
19.2501,24.8771,26.3477,2
19.0971,24.7718,31.4251,1
18.8895,23.9883,30.9557,1
18.8505,24.1016,36.8070,1
19.4466,24.3993,37.1340,1
19.0319,24.4760,42.8009,2
19.2894,24.3373,41.4729,1
19.4214,24.7448,47.5299,2
19.0917,24.1619,47.1582,2
19.1384,24.4049,52.7713,2
19.4113,24.3218,52.1995,2
19.1104,24.0417,57.8015,2
19.5695,24.7970,58.3130,2
19.2343,23.8020,63.2679,2
19.0525,24.6997,62.3548,2
19.2874,23.9483,68.4163,2
19.3437,24.5171,68.3907,2
19.3628,24.0118,73.8070,2
19.4110,24.3102,73.4195,2
19.1547,24.5152,78.4014,2
19.0217,24.3910,78.7278,2
18.9199,24.6158,83.6607,2
19.1706,24.0247,84.0617,2
19.0336,24.4248,89.5291,2
19.4073,24.0278,90.5402,2
18.8296,23.7350,95.6134,2
19.3053,24.3129,94.9525,2
19.3248,24.3005,99.5170,2
19.3742,24.4087,100.0000,2
19.5634,28.5202,0.0000,2
19.5650,28.1156,0.1690,2
19.1592,28.2919,5.6453,2
19.2594,28.5750,4.8553,2
19.1757,28.1902,10.4268,2
19.1868,28.9743,10.3966,2
18.7854,28.8396,16.0141,2
19.1843,28.2899,15.3160,2
19.5981,28.4366,20.1838,2
19.2761,28.7829,21.1308,2
19.0302,28.1237,25.8571,2
19.5149,28.3996,25.4764,2
19.2874,28.4634,31.3545,1
19.0064,28.1019,32.1223,1
19.2600,28.5646,36.9645,1
19.2761,28.2805,36.7392,1
19.4435,28.8454,41.4942,1
19.1689,28.6728,43.0463,2
19.5669,28.1823,48.0059,2
19.2223,28.7344,47.7626,2
18.9577,28.5860,53.1344,2
19.2065,28.3472,51.8457,2
19.3472,28.4837,57.4336,2
19.1454,28.4674,57.6154,2
19.2111,27.8961,63.8326,2
19.2137,28.0912,61.9280,2
19.4164,28.5885,68.5264,2
19.3833,28.6793,68.5183,2
19.1597,28.2959,73.8947,2
19.4899,28.3902,74.4224,2
19.2852,28.5353,80.1499,2
19.5411,28.9246,78.5486,2
19.6490,28.3964,84.0968,2
18.7787,28.5189,83.6688,2
19.2922,28.0726,90.3725,2
19.3208,29.1050,88.9622,2
19.5204,27.8802,94.8409,2
19.0842,28.2867,94.4786,2
19.0276,28.0431,99.7788,2
19.2337,28.7702,100.0000,2
19.4438,32.1881,0.0000,2
19.3527,32.7345,0.0000,2
19.3973,32.4722,4.8745,2
19.3079,32.6334,5.0017,2
19.0992,32.3106,10.3284,2
19.4305,32.7049,11.0056,2
19.3137,32.4479,14.9649,2
19.0252,32.4302,15.4152,2
19.4067,32.9228,22.1586,2
19.0578,33.1108,21.8483,2
19.1641,32.7736,26.9362,2
19.1987,32.5907,26.0021,2
18.7385,32.6527,31.2240,1
18.9955,32.7582,30.8533,1
19.3717,32.7767,36.6420,1
19.1979,32.2745,37.2173,1
19.2480,32.7101,42.3562,1
19.0820,32.1759,42.5839,2
19.3483,32.4710,47.5730,2
19.4621,32.9732,47.0861,2
18.9128,32.2364,52.4757,2
19.5030,32.4130,52.3334,2
19.0871,32.4721,57.8891,2
18.9545,32.9569,57.8223,2
19.7064,32.2795,63.9528,2
19.4888,32.5081,62.9604,2
19.0263,32.3586,68.4207,2
19.2147,32.1509,69.5678,2
19.1586,32.6513,73.3711,2
19.1571,32.5242,73.6827,2
19.2076,32.8730,79.0610,2
19.3514,32.6286,79.0630,2
19.1623,32.9325,84.3718,2
19.1789,32.5752,84.1559,2
19.2166,32.6147,89.1943,2
19.3635,32.8800,90.3656,2
19.0898,32.8315,93.7823,2
19.3763,32.1946,94.2447,2
19.2770,32.4451,99.6208,2
19.1136,32.8505,99.5336,2
19.1997,36.7285,0.4099,2
19.3801,36.2915,0.5226,2
19.0884,36.9130,4.7937,2
19.2848,37.6075,5.3267,2
19.1186,36.7725,9.7918,2
19.5003,36.9360,10.0019,2
19.0073,36.8467,16.2555,2
18.9803,37.1761,15.7437,2
19.0245,36.7018,21.9269,2
18.9329,36.6225,21.5289,2
19.2538,36.6047,26.7982,2
19.4130,36.9415,26.0096,2
19.1189,36.9275,30.9230,1
19.4761,37.3522,31.4610,1
19.2817,37.1978,37.8199,1
19.5219,36.3214,36.6843,1
19.3107,36.6938,42.9966,2
19.5364,36.5973,42.0241,1
19.0606,36.7836,47.2557,2
19.4014,36.5756,46.0600,2
18.8896,36.5336,52.3037,2
19.2480,36.5182,52.0260,2
19.0246,36.5074,57.6175,2
19.0911,37.0488,57.4000,2
19.1390,36.6786,63.5623,2
19.1797,37.1573,62.5817,2
19.2007,36.6693,67.8080,2
19.1970,37.3620,67.9946,2
19.1850,36.4484,72.9546,2
19.0531,36.7071,73.4814,2
19.1653,36.3476,78.6344,2
19.3109,36.4346,78.7698,2
19.2691,36.6074,84.3813,2
18.9063,37.1086,84.3934,2
19.2217,37.1796,89.3090,2
19.0870,37.2539,90.3941,2
19.0718,36.8080,95.2594,2
19.1949,37.0205,95.1270,2
19.0981,36.9679,99.9969,2
18.9672,36.5452,99.6738,2
19.3962,41.3410,0.3750,2
19.2985,41.1765,0.1388,2
19.2920,41.1952,4.5609,2
19.0525,40.7440,5.8167,2
19.5413,40.4019,11.3087,2
19.2279,41.3564,10.7795,2
19.4986,41.1156,15.1077,2
19.1894,41.2073,15.6815,2
19.3421,41.0329,20.7549,2
18.9933,40.9351,21.1549,2
18.8186,40.8186,25.3174,2
19.0871,41.4118,25.7227,2
19.3512,41.9073,32.3057,1
19.2372,41.3102,30.8941,1
18.8958,41.0612,37.0414,1
19.4294,40.8820,36.9388,1
19.2423,41.0132,42.0690,1
19.0396,41.1365,42.2028,1
19.1225,41.2524,47.8823,2
19.3460,40.7399,47.4182,2
19.0282,41.0816,52.1778,2
19.4660,41.2876,53.2081,2
19.4209,40.9715,57.6819,2
19.5589,41.0031,57.2174,2
19.4120,41.0958,63.9109,2
19.2591,41.0466,63.9210,2
18.9028,40.8770,67.9774,2
18.7715,41.3146,68.1423,2
19.3916,41.1694,73.9878,2
19.1194,40.8234,73.7291,2
19.3944,41.0375,78.5964,2
18.9707,41.1139,78.6703,2
19.1962,40.9810,83.9883,2
19.2693,41.2190,85.1932,2
19.3621,41.5307,89.0644,2
18.8903,41.0483,89.9027,2
19.3508,41.4160,93.4686,2
19.4611,41.1533,93.9648,2
19.3552,41.1035,100.0000,2
19.4103,41.1817,99.2636,2
19.1819,44.7779,0.3245,2
19.4901,44.8907,0.0000,2
19.0341,45.1270,5.4694,2
19.1219,45.4589,5.7958,2
19.4309,44.9277,11.2193,2
19.5037,45.7290,10.4474,2
19.0602,44.9679,15.2386,2
19.2129,45.5175,16.4428,2
19.1134,45.2516,21.0005,2
19.0835,45.4839,21.2341,2
19.2389,45.3707,26.6235,1
19.3316,45.0116,26.7640,1
19.2616,45.1328,31.6961,1
19.2794,45.5877,31.0559,1
19.4755,45.2701,36.5890,1
19.1032,44.9627,35.9716,1
19.3460,45.8574,41.2965,1
19.0204,45.4886,42.0824,1
19.3774,45.2326,47.0781,2
19.1654,44.5485,46.7967,2
19.4002,45.6207,53.3347,2
19.2987,44.5863,52.3141,2
19.4755,45.7501,58.5761,2
19.1633,44.8712,57.8744,2
19.2135,45.7328,63.2718,2
19.2139,45.2852,63.3578,2
19.3358,45.0458,67.8922,2
19.4846,44.7708,69.2399,2
18.8284,45.0878,74.1701,2
19.2106,44.8682,73.8974,2
19.2239,45.1983,78.6354,2
19.2036,45.0886,80.1646,2
19.1625,45.1510,83.9397,2
19.5659,44.7714,84.3902,2
19.1627,44.8361,89.0641,2
19.2739,45.0038,89.6035,2
19.5564,45.3143,94.0101,2
19.0412,45.1775,94.5607,2
19.2409,45.3569,100.0000,2
19.2098,44.9175,100.0000,2
19.4631,49.5434,0.0000,2
19.3350,49.4104,0.0000,2
19.3232,49.7414,5.9837,2
19.0644,49.5415,5.3871,2
19.2276,49.5081,10.5449,2
19.2529,49.6959,11.1365,2
19.0593,49.4220,15.5782,2
19.0974,48.9889,15.8016,2
19.3064,49.4272,21.0482,2
19.2942,49.8970,20.8427,2
18.9762,49.4466,27.2576,1
18.9783,49.6687,26.8947,1
18.7374,49.5968,31.8807,1
19.1571,49.2798,31.2836,1
19.1448,49.3831,36.5967,1
19.1416,49.8309,36.2349,1
18.8607,49.8357,42.0093,1
19.1329,49.4403,42.2099,1
19.1057,49.6255,46.8873,2
19.1502,48.8093,47.9545,2
19.1753,49.6747,52.8699,2
19.3205,49.4714,52.8257,2
19.0183,49.1223,57.8442,2
19.0746,49.9013,58.0823,2
19.0672,49.3922,63.2244,2
19.1969,49.5552,63.1922,2
18.9324,48.8284,68.2342,2
19.3226,49.3650,69.0393,2
19.2011,49.8808,74.2602,2
19.4208,49.1126,73.6928,2
19.4551,49.5554,79.2245,2
18.9329,50.0493,78.5517,2
18.8116,49.3683,82.9868,2
18.9935,50.2412,84.0205,2
18.9250,49.4813,89.0248,2
19.3834,49.2068,89.6091,2
18.9811,50.2534,94.9887,2
19.1814,49.3858,94.4600,2
19.0583,49.2372,100.0000,2
19.1000,48.8349,99.4170,2
19.3961,53.6085,0.0000,2
19.4445,53.4511,0.3162,2
19.0770,53.8570,5.0676,2
19.1622,53.9303,5.6372,2
19.1774,53.5427,11.3259,2
19.3284,53.5669,10.1998,2
19.4155,53.7188,15.7077,2
19.2335,53.7855,15.7611,2
19.4513,54.0620,21.3186,2
19.4855,53.6868,21.3978,2
19.4114,53.9899,26.7738,1
19.3368,54.2714,26.0459,1
19.1795,53.6199,31.3949,1
18.8128,54.0967,31.0659,1
19.2445,53.2577,37.1525,1
19.0534,53.3434,36.9393,1
19.0704,53.5120,42.1912,1
19.3705,53.4387,41.6097,1
19.2152,53.8460,48.0998,2
18.9963,53.5888,47.9563,2
19.6051,53.3863,52.2622,2
19.2867,53.5109,52.2520,2
19.2594,54.1490,57.2400,2
19.5102,53.5118,58.0676,2
19.5287,53.7818,63.0091,2
19.3542,53.6323,63.4186,2
19.1696,53.9426,67.7239,2
19.0078,53.2615,68.3928,2
18.9046,53.4767,73.1305,2
19.5065,53.3870,73.0409,2
19.2602,54.1903,78.8893,2
19.2028,54.0714,79.3865,2
19.2956,53.5095,84.4385,2
18.9384,53.4971,84.9263,2
19.4709,53.8155,88.5090,2
18.9689,53.4804,89.3878,2
18.9604,53.6103,95.6205,2
19.2907,53.7499,94.2281,2
18.8827,53.3158,99.1603,2
19.2255,53.7994,99.5174,2
19.2401,58.3354,0.9788,2
19.3646,57.8423,0.3691,2
19.4809,57.2926,6.0042,2
19.1016,57.7342,5.0857,2
19.2745,57.5614,10.3839,2
19.3156,57.9603,10.7167,2
19.1457,58.1028,16.3177,2
19.4098,58.0230,16.2589,2
19.3847,58.6977,21.6617,1
19.1928,57.6212,20.9221,1
19.1442,58.0482,25.9657,1
19.4490,57.4779,25.4995,1
19.1835,57.6420,30.9498,1
19.0831,57.6663,31.5840,1
19.0864,57.7330,36.8397,1
19.4134,58.3360,36.9160,1
19.2556,57.8398,42.3459,1
19.2886,58.2925,41.1609,1
19.1636,57.9965,47.3553,1
19.0227,57.5049,47.7716,1
19.0591,57.3683,53.0599,2
19.3023,57.8600,52.1743,2
19.1878,58.2594,57.0874,2
18.8977,57.7064,57.8814,2
19.1113,58.0876,63.7023,2
19.2663,58.0629,63.2939,2
19.2124,57.5067,67.9071,2
18.9403,57.8502,68.5372,2
18.9207,57.9165,73.2466,2
18.9967,57.7071,73.1240,2
19.3319,57.8443,79.3550,2
19.1218,57.7730,79.8841,2
18.8859,58.2801,85.0378,2
19.3637,57.7956,84.9240,2
19.1462,57.6830,89.2795,2
19.0965,57.6107,90.0287,2
19.0558,57.8858,94.0150,2
19.2167,57.5480,94.1466,2
19.1887,58.2118,100.0000,2
19.3124,57.8558,99.8322,2
19.3688,61.9363,0.4172,2
19.4577,61.8528,0.0000,2
19.1014,61.6652,5.0285,2
19.4708,61.7916,5.9258,2
19.1238,62.7395,10.1854,2
19.1817,61.8322,10.1825,2
19.4782,62.2476,16.3039,2
18.9474,62.3017,15.3038,2
18.9431,62.1769,21.1669,1
19.2212,62.3205,21.4894,1
19.5045,61.7482,27.0668,1
19.5870,61.9954,25.4815,1
18.9338,61.9667,32.5860,1
19.2139,61.9201,31.2362,1
18.9460,62.3676,36.7961,1
19.6305,62.2937,37.2571,1
19.1621,61.7780,41.6685,1
18.9367,62.3784,41.9128,1
19.4010,62.1460,47.2220,1
18.9766,62.1958,47.2591,1
19.3910,61.8906,52.9396,2
19.5387,62.1870,53.0242,2
19.3249,62.6747,58.0805,2
19.3505,62.0944,57.5075,2
18.9689,62.4853,62.6537,2
19.3597,62.2301,63.6168,2
19.1076,61.8680,68.6102,2
19.1521,61.7360,69.3903,2
19.0522,61.8072,73.5631,2
19.4611,61.4552,74.2691,2
19.0282,62.1846,78.6094,2
19.6089,62.1427,78.5933,2
19.1503,62.1322,84.2994,2
19.2983,62.1048,83.5219,2
19.1425,62.2873,89.1387,2
19.3451,62.1148,89.3648,2
19.4494,61.5838,94.3992,2
19.4570,62.6543,95.8798,2
19.2206,62.2426,100.0000,2
19.4655,62.1992,100.0000,2
19.3025,66.4725,0.0000,2
19.1447,66.1590,0.0000,2
18.8802,66.1887,5.1312,2
19.2315,66.4825,5.3572,2
19.1591,66.0413,10.9649,2
19.1902,66.1857,10.4331,2
19.0640,66.1566,15.5082,2
19.1531,66.5125,15.9930,2
19.5199,66.6793,22.0308,1
19.3224,66.4787,20.8089,1
19.3757,66.1190,25.5806,1
19.5158,65.9410,26.5352,1
19.0345,66.6538,32.2104,1
19.3164,66.6897,31.5826,1
19.6574,66.5396,36.3918,1
19.2244,66.2700,36.7169,1
18.8791,66.4318,41.4124,1
18.7054,66.2126,41.7273,1
19.0382,65.3849,46.9430,1
19.1758,66.1255,47.5621,1
19.4891,66.4707,53.1448,2
19.4324,66.0101,52.8511,2
19.4096,66.1850,57.4994,2
19.3166,65.8713,57.3507,2
19.0772,66.4509,63.2673,2
19.4170,66.0392,62.6702,2
19.3153,66.0762,68.1193,2
18.8392,66.4030,69.1917,2
19.0047,66.6223,73.6545,2
18.8574,66.0474,73.2060,2
19.1472,66.4416,79.8718,2
18.9243,66.1704,78.4994,2
18.9569,66.3444,84.2113,2
18.8478,66.3212,83.6078,2
19.2129,66.6966,89.7052,2
19.2460,66.1572,89.5071,2
19.3232,66.4550,94.6872,2
19.2540,65.9208,94.3697,2
19.3520,66.5684,100.0000,2
19.5063,66.4682,99.8834,2
18.9666,70.9579,0.3852,2
19.5702,71.1764,0.0000,2
18.9537,69.6674,5.7223,2
19.3418,70.5556,4.6501,2
19.1927,70.5817,10.9177,2
19.2651,70.7255,10.4643,2
19.4468,70.7158,15.1960,2
19.4884,70.8940,16.0222,2
19.2667,71.0239,20.2360,1
19.4588,70.3835,21.6002,1
19.2346,70.1534,26.0675,1
19.4149,70.4633,26.0050,1
19.0849,70.7190,32.4543,1
18.7824,71.3665,31.6808,1
19.3266,70.3954,36.8403,1
19.2490,70.2116,36.4393,1
19.4474,70.0606,42.3258,1
19.1364,70.2381,43.0912,1
19.0196,70.1873,47.2749,1
19.0568,70.5282,47.4461,1
19.2575,70.4892,52.2805,2
19.3392,70.4928,52.3838,2
19.5065,70.4899,58.4407,2
19.4559,70.9126,58.2403,2
19.2104,70.5071,63.0358,2
18.7771,70.7420,63.2801,2
19.3756,70.4912,68.7535,2
18.9350,70.1755,67.1829,2
19.1837,70.2946,73.2325,2
19.2775,70.3987,72.9677,2
19.7195,70.5152,78.4058,2
19.0766,70.4744,78.8597,2
19.4710,70.5025,85.1381,2
19.1240,70.6542,84.7215,2
19.4496,70.9199,89.3377,2
19.2094,69.7825,89.3757,2
19.4288,70.7954,94.6936,2
19.5504,70.4111,94.3788,2
19.1169,70.1896,100.0000,2
19.2682,70.7093,99.7928,2
19.1989,74.0833,0.1881,2
19.2303,74.4067,0.0000,2
19.1590,75.2661,4.7326,2
19.2768,74.4096,4.9842,2
19.2659,74.6734,10.5233,2
19.2771,74.5887,10.9684,2
19.1494,74.7076,15.9701,2
19.2559,74.9301,15.9480,2
19.3043,74.6392,20.5182,2
18.9250,74.2356,21.9340,2
18.7680,75.0950,25.9054,1
19.4478,74.0761,26.1982,1
19.5013,74.9508,31.4103,1
18.8219,74.3401,32.2735,1
19.1409,74.7153,36.9839,1
18.9500,74.8590,36.6323,1
19.2693,74.5634,41.3187,1
19.1251,74.9291,42.3023,1
19.2167,75.0063,47.2666,2
19.2218,74.5929,47.8467,2
19.2688,74.5698,51.8871,2
19.4315,74.5136,52.6676,2
19.6810,74.9773,58.7003,2
19.1029,75.0581,57.9081,2
19.2837,75.3431,63.0186,2
19.2144,74.4659,63.6021,2
19.0984,75.0437,67.5961,2
19.3203,74.5437,68.7863,2
19.2078,74.5762,73.4909,2
19.0404,74.9882,73.1599,2
19.1571,74.8404,79.7541,2
19.2087,74.6641,79.0842,2
18.7958,74.3773,84.0228,2
19.0679,74.2566,84.6394,2
19.2625,74.7789,89.1267,2
19.2264,74.8912,89.3412,2
19.2994,74.4980,94.7856,2
19.4390,75.1064,95.4006,2
19.2676,74.7463,99.7756,2
18.8490,74.3334,99.9160,2
19.1889,79.3710,0.6574,2
19.0732,79.1929,0.0000,2
19.3470,79.1892,5.8842,2
19.1120,79.2517,4.3268,2
19.4698,78.9399,10.5245,2
18.8030,78.8308,11.2041,2
19.1252,79.1614,15.8068,2
19.4231,79.0048,15.3236,2
19.2218,79.4277,21.3015,2
19.1872,79.6241,21.6322,2
19.3739,79.0426,26.6809,1
19.3631,78.2925,26.5133,1
19.1784,78.7974,31.4812,1
18.8994,78.4060,32.2022,1
19.3030,78.2235,36.5539,1
19.3866,78.8634,37.4646,1
19.4205,78.5404,42.0336,1
19.1209,78.5306,41.3781,1
19.0493,78.7551,47.5100,2
19.4194,79.1015,47.7436,2
19.1572,79.1283,52.5574,2
19.1222,79.5165,51.4663,2
18.8359,79.0622,57.7622,2
18.9231,78.6310,57.4325,2
19.3890,79.3111,63.9777,2
18.8927,78.5372,62.4401,2
19.4683,79.0725,68.4612,2
19.2565,78.9303,67.8605,2
19.3132,78.8915,73.0841,2
19.3254,78.8196,73.7980,2
19.1855,79.2148,79.0574,2
19.0338,79.0440,79.1247,2
19.3128,79.2581,83.9025,2
19.3441,78.4299,84.1505,2
19.1556,79.3817,89.3955,2
19.3321,78.4188,89.2978,2
19.0413,79.6900,94.4034,2
19.2252,78.9853,93.9421,2
19.1053,79.0688,100.0000,2
18.7504,78.7773,100.0000,2
19.3282,83.5233,0.0000,2
19.4667,83.1446,0.7961,2
19.2112,82.5437,5.6878,2
19.1218,83.0450,4.5366,2
19.5350,83.0016,11.3138,2
19.1243,82.8796,11.1861,2
19.1959,83.1388,15.1487,2
19.1190,83.2865,15.1399,2
19.1027,83.0318,21.0859,2
19.5064,83.0679,20.7074,2
19.7598,83.0279,26.2205,1
19.1390,83.0749,26.3547,1
19.3947,83.2791,32.1175,1
19.4193,83.2205,31.7671,1
19.4323,82.8245,38.0912,1
19.1080,83.0526,36.2362,1
18.9741,83.4501,43.2404,1
19.0971,83.2621,42.2153,1
19.4106,83.8235,48.1289,2
19.1628,83.3165,47.6824,2
19.2065,82.8291,52.2322,2
19.4402,83.5333,52.5278,2
19.2627,83.5171,57.0426,2
19.1213,83.7633,58.0444,2
18.9847,83.1931,63.6686,2
18.7012,83.2108,62.9717,2
18.8821,83.1825,68.3528,2
19.2057,83.0534,67.9104,2
18.9196,82.9507,74.1138,2
19.2571,83.1371,73.1643,2
19.1357,83.3790,79.1998,2
19.1151,82.3745,78.6099,2
19.1140,82.8858,84.0039,2
19.3738,83.1467,84.7054,2
18.9089,83.0664,88.5042,2
19.1252,82.8442,90.1143,2
19.2925,83.4623,94.5222,2
19.0066,82.8424,94.8696,2
19.5726,83.2816,99.8126,2
19.1728,83.1485,100.0000,2
19.4572,87.4464,0.0549,2
19.2704,87.5167,0.0000,2
19.0417,87.6781,5.2741,2
19.4003,87.8623,5.5235,2
19.2822,88.3285,10.6298,2
18.9924,87.2840,11.3022,2
18.9517,87.1427,16.3427,2
19.1562,87.3354,16.3262,2
19.0672,86.9278,20.3582,2
19.3269,87.4462,20.7063,2
18.9788,87.2872,26.8740,1
19.0434,87.1696,25.7205,2
19.1370,87.4698,32.6365,1
19.2541,87.3523,32.0104,1
19.3498,87.1951,37.9931,1
19.2057,87.4393,37.1178,1
19.2797,87.8260,41.8103,1
19.3672,87.4178,42.5966,1
19.1675,87.2633,47.7345,2
19.2821,87.1223,48.0412,2
19.3570,87.3462,52.3975,2
19.2834,87.5666,51.8345,2
19.2857,87.5642,56.7185,2
19.2498,87.5768,58.1852,2
19.3710,87.2701,62.6379,2
18.8506,87.6961,63.5094,2
19.4442,87.1509,68.8230,2
18.9100,87.1076,68.4840,2
19.3432,87.8721,73.5642,2
19.0374,87.0933,73.3403,2
19.6547,87.5955,79.5036,2
19.1627,87.3679,79.2970,2
19.1094,87.2810,83.8732,2
19.1210,87.3831,83.7997,2
19.2677,87.4538,89.3841,2
19.0450,87.3999,89.2212,2
19.2198,87.6979,94.1104,2
19.6452,87.3467,94.9428,2
19.0600,87.7111,99.9372,2
19.1317,87.1958,99.8658,2
19.2942,91.6308,0.0000,2
19.0682,91.3482,0.0000,2
19.3026,91.7776,5.6617,2
19.2102,91.6940,5.1789,2
18.8621,91.5142,10.3387,2
19.0027,91.4087,10.5939,2
18.9839,91.3657,16.5634,2
18.8900,91.5240,15.2063,2
19.0602,91.5196,20.5588,2
19.3253,91.9843,21.4735,2
19.4154,91.1650,26.1943,2
19.3040,91.8403,27.1925,2
19.4243,91.8479,32.8957,1
19.2298,91.4922,31.6676,1
19.0275,91.5992,35.9787,1
19.1046,91.5443,37.3169,1
19.4327,91.2899,43.1433,2
19.2402,91.6510,41.2964,1
19.0865,91.8939,47.4533,2
19.2321,91.6471,46.6468,2
19.1912,92.0014,53.1749,2
19.1855,92.0480,52.0020,2
19.0162,92.1380,58.1837,2
19.1527,91.5624,57.4914,2
19.2658,91.6382,63.1678,2
18.9786,91.6584,62.8931,2
19.0133,91.9590,69.5059,2
19.5991,91.7740,68.2883,2
19.1965,91.7006,73.4741,2
19.4743,90.9682,73.5363,2
19.3707,91.3254,78.8273,2
19.3293,92.0344,78.3004,2
18.9369,91.2951,83.4418,2
18.9172,91.2871,84.8273,2
19.1481,91.5884,88.9959,2
19.3372,92.1417,89.0299,2
19.5555,91.6883,94.7453,2
19.2906,91.6961,95.6654,2
19.3146,91.7413,99.7893,2
19.3783,91.2919,100.0000,2
19.7872,95.0382,0.1166,2
19.2649,95.7210,0.0000,2
19.2288,95.7139,5.3741,2
19.1130,96.3962,5.1372,2
19.3244,95.5888,10.9929,2
19.3572,95.9153,10.0126,2
19.0600,96.2953,15.4077,2
19.3387,95.5061,16.2937,2
19.0732,95.5005,20.6965,2
19.0998,95.9109,21.0873,2
18.9915,95.7811,25.7440,2
19.3392,96.0375,26.3038,2
19.2649,96.3151,31.5001,1
19.0217,95.9632,31.0126,1
19.1684,95.6098,36.4912,1
19.1605,96.0594,37.3949,1
19.3958,95.8904,41.9764,1
18.7390,95.8998,40.9656,1
18.8259,95.7410,47.5007,2
19.1203,96.2501,47.5995,2
19.1606,96.2054,53.4141,2
19.3130,95.5569,52.3564,2
18.9212,95.7767,57.3697,2
19.1447,95.8677,56.9029,2
18.9578,95.6374,63.1316,2
19.1117,95.7083,62.8048,2
18.9206,95.6291,68.3145,2
19.1484,95.8230,68.6305,2
19.3469,95.5994,72.8963,2
19.4648,95.9051,73.2069,2
19.2661,96.1099,79.8120,2
19.2606,96.1074,78.3426,2
19.2033,95.6890,84.3818,2
19.5328,95.8644,83.7417,2
18.9578,96.2832,89.7306,2
19.3001,95.6864,89.6076,2
19.0131,95.9056,94.1494,2
19.1387,95.5966,93.1082,2
19.1412,95.5198,99.8948,2
19.2109,96.3199,100.0000,2
19.2773,100.1487,0.4359,2
19.3014,100.0845,0.3556,2
18.7252,100.6267,6.0580,2
19.2540,99.5761,5.8683,2
19.0718,100.1601,9.8849,2
19.6558,99.5673,10.5608,2
18.7861,99.9876,15.5768,2
19.4380,99.8724,16.3588,2
19.0057,99.9154,20.9217,2
19.3096,100.1105,21.4137,2
19.2639,100.1984,25.8669,2
19.2883,100.4825,25.4758,2
19.3083,100.2030,32.3095,1
19.3557,100.0301,31.7940,1
19.0635,99.8836,36.1743,1
19.5079,100.1350,36.3840,1
19.2648,100.3478,42.6017,2
19.0250,99.0598,42.3030,2
19.0332,100.1867,47.8436,2
19.4333,100.5234,47.9866,2
19.5604,100.4137,53.3647,2
19.2024,99.6132,53.8727,2
19.2231,100.3686,57.6196,2
19.4033,99.2665,57.6895,2
19.1908,100.1388,63.6939,2
18.9917,100.1980,63.7712,2
19.6797,100.2120,68.1913,2
18.9562,100.5488,68.7897,2
19.2061,99.5141,73.2186,2
19.3368,100.1061,72.7110,2
19.3370,99.5295,79.6244,2
19.2522,99.8610,79.4424,2
19.2812,100.3975,84.2508,2
19.2383,99.9144,84.3420,2
19.5501,99.8492,89.7977,2
19.0344,99.3800,89.5774,2
19.2846,99.9670,93.9888,2
19.2714,100.0799,94.2924,2
18.9398,99.9243,100.0000,2
19.2939,99.7357,100.0000,2
21.7564,19.6482,0.0316,2
21.8469,19.6175,0.5778,2
21.9028,19.9333,5.0917,2
21.7856,19.9442,4.0866,2
21.5592,20.1411,10.8964,2
21.4028,19.9191,11.0148,2
21.5669,19.5414,16.4083,2
21.5361,20.3274,15.0917,2
21.5548,20.1529,21.0091,2
21.3423,19.2840,21.8143,2
21.6286,20.3500,26.7801,2
21.6983,19.9036,26.5607,2
21.8655,20.0249,32.5298,1
21.2791,19.5179,32.0730,1
21.4152,20.6130,37.5108,1
21.8965,20.2653,36.3813,1
21.2471,20.4486,41.3555,1
21.8959,20.2009,42.0671,1
21.6674,20.1396,47.2672,2
21.8641,20.4174,47.4463,2
21.4589,20.3918,51.6203,2
21.6677,20.2219,52.2174,2
21.7737,19.9921,57.6219,2
21.7716,19.6743,58.3293,2
21.1825,20.0857,63.1798,2
21.4710,20.1169,63.1181,2
21.7899,20.1680,68.6474,2
21.6373,19.8584,68.2701,2
21.6286,19.9480,74.2399,2
21.5976,20.1128,72.9829,2
21.7676,19.8256,78.4260,2
21.9082,20.2093,79.4359,2
21.6698,19.9721,84.0707,2
21.7348,20.3398,84.1764,2
21.9935,19.9408,88.7767,2
21.2346,19.4937,89.2668,2
21.5325,20.2048,94.7225,2
21.7476,20.0135,94.7436,2
21.4634,20.4268,99.2343,2
21.6392,19.9455,100.0000,2
21.5748,24.2131,0.0000,2
21.8576,24.2112,0.9848,2
21.6334,24.2171,5.1905,2
21.6918,24.0340,5.3360,2
21.5806,24.3081,10.7013,2
21.6593,24.2390,11.3108,2
21.6635,24.9923,15.8144,2
21.7707,23.9927,16.4899,2
21.4381,24.3473,20.9204,2
21.6693,24.1401,20.6580,2
21.5246,24.6730,26.5494,2
21.3212,24.5391,25.8700,2
21.7276,24.3765,31.8871,1
21.9496,23.9619,31.8843,1
21.8309,24.0175,36.4692,1
21.5215,24.3079,36.1369,1
21.6892,23.7880,42.7519,2
21.6817,24.7845,42.4397,2
21.5180,23.9709,47.4879,2
21.5729,24.5664,46.9041,2
21.9831,24.5930,52.5298,2
21.9385,23.9756,52.7344,2
21.3237,24.7645,57.0710,2
21.2909,24.0201,58.5559,2
21.7699,24.2471,63.6674,2
21.5559,24.3373,63.9838,2
21.5296,23.9806,68.6562,2
21.7270,24.2437,68.9227,2
21.5387,24.2488,73.8715,2
21.6364,24.6945,73.8690,2
21.5182,24.3689,79.4518,2
21.7338,24.4262,78.1983,2
21.0804,24.5931,84.4300,2
21.5746,24.4188,85.1742,2
21.8617,24.4992,89.0303,2
21.4276,23.4946,89.7904,2
21.8007,24.5676,95.0746,2
21.5481,24.0412,94.3242,2
21.5463,23.9172,100.0000,2
21.3185,24.1514,99.0319,2
21.6383,28.4203,0.0000,2
21.3924,28.4218,0.0000,2
21.5516,29.0083,5.3492,2
21.6855,28.2817,4.8709,2
21.5744,29.1722,10.3826,2
21.6512,28.1725,9.1487,2
21.4210,29.1353,16.0872,2
21.9071,28.3167,14.6111,2
21.3572,28.5402,21.1714,2
21.5769,28.2620,21.5225,2
21.4787,28.5134,26.4135,2
21.5052,28.1567,26.1021,2
21.9537,28.7548,32.0891,1
21.4217,27.9897,32.1272,1
21.7599,28.4622,36.6568,1
21.2862,28.6813,37.4352,1
21.4431,28.1923,42.7258,2
21.4506,28.9548,42.0507,1
21.5016,28.4346,47.1751,2
21.8042,28.6868,47.9125,2
21.6159,28.2841,52.6270,2
21.4938,28.8610,53.1327,2
21.5606,28.1431,58.6652,2
21.6063,28.3820,58.6696,2
21.4770,28.3254,63.0425,2
21.3156,28.5158,62.7767,2
21.4648,28.2097,68.1275,2
21.4112,28.4952,68.3433,2
21.5885,29.1272,73.6064,2
21.6999,28.6367,73.6528,2
21.6337,28.4273,79.0486,2
21.4616,28.2728,78.9558,2
21.1846,28.8699,85.2910,2
21.6130,28.6207,84.7511,2
21.3140,28.6995,89.2605,2
22.0371,28.3646,89.9278,2
21.5433,29.0801,94.4807,2
21.8120,28.6091,94.9390,2
21.6247,28.2209,98.7070,2
21.7938,28.2744,100.0000,2
21.6493,32.9917,0.4009,2
21.0860,32.8160,0.0000,2
21.8119,32.8089,5.5646,2
21.5245,32.3578,5.0467,2
21.2190,32.4545,9.7942,2
21.2914,32.6665,10.7933,2
21.5726,32.4819,15.3158,2
21.5155,32.3849,15.7581,2
21.2746,32.8420,20.7691,2
21.6542,32.8977,21.2166,2
21.7388,32.0116,26.0694,2
21.7996,32.7843,27.2400,2
21.9198,32.7215,31.4530,1
21.3873,32.4888,31.3748,1
21.4603,32.3561,37.0429,1
21.9183,32.9116,36.6809,1
21.7818,32.7356,42.0849,1
21.5583,32.5716,42.4308,1
21.6069,32.4131,46.9800,2
21.6401,32.7602,47.2119,2
21.3525,33.0069,53.1509,2
21.1815,33.0335,52.5271,2
21.6169,32.9730,58.7210,2
21.7795,32.7039,57.2069,2
21.1737,32.8950,63.8289,2
21.4160,32.5506,62.8793,2
21.4622,32.9541,68.5302,2
21.5331,33.4288,67.7038,2
21.6885,32.3169,73.6055,2
21.6087,32.8850,73.5536,2
21.5056,32.5479,78.4074,2
21.7054,32.7160,79.1650,2
21.5650,32.5737,84.7983,2
21.7833,33.0560,84.3968,2
21.8495,32.5068,89.3733,2
21.8180,32.8846,89.3285,2
21.3697,32.5704,94.3944,2
21.9238,32.8596,94.3539,2
21.3699,32.3981,99.7206,2
21.5456,32.9659,99.5167,2
22.0369,36.5591,0.0000,2
21.9166,37.2385,0.0000,2
21.6552,36.9641,5.3315,2
21.3197,36.0975,4.8408,2
21.9422,37.3987,10.3954,2
21.3874,36.9255,10.7458,2
21.6991,36.0840,17.3684,2
21.8054,36.7827,15.4302,2
21.7764,36.9907,21.0987,2
21.6706,36.8083,21.2536,2
21.7242,36.9451,26.4613,2
21.8575,36.3630,25.9168,2
21.5843,36.6231,31.3809,1
21.8365,36.7974,30.6643,1
21.4943,36.8595,36.8619,1
21.6902,36.9844,36.7727,1
21.3403,36.7098,41.7939,1
21.5219,37.0495,42.3073,1
21.7437,36.7269,48.1226,2
21.7135,36.8758,47.6701,2
21.4438,36.2095,52.3282,2
21.7284,36.8662,52.5632,2
21.4094,36.2554,58.6072,2
21.5374,36.7132,57.5589,2
21.8299,37.1065,62.6743,2
21.8119,36.7986,62.8526,2
21.5202,36.6071,67.7606,2
21.7342,36.7759,68.7297,2
21.6364,37.0067,72.6612,2
21.4056,37.0129,73.0468,2
21.6536,36.4249,78.9556,2
21.9009,37.0745,78.0220,2
21.7486,37.3888,85.6090,2
21.6740,36.4328,84.4279,2
21.8982,36.7860,89.9952,2
21.4110,36.9538,88.2289,2
21.3889,36.8403,94.5552,2
21.3188,36.6922,94.9017,2
21.5617,36.8604,100.0000,2
21.5103,37.2499,99.5054,2
21.9645,41.3865,0.0000,2
21.5211,41.1147,0.2993,2
21.7979,40.6505,5.4819,2
21.1556,40.9994,5.9901,2
21.2954,40.5729,10.6367,2
21.8564,41.1502,9.5740,2
21.2423,41.0820,15.1999,2
21.6063,41.1114,15.5446,2
21.9419,41.2298,21.6584,2
21.7631,41.0076,20.9554,2
21.5194,41.2570,25.9906,2
21.9240,40.8289,26.4230,2
21.5331,40.9174,32.6651,1
21.4911,40.9612,31.2469,1
21.5872,41.0222,36.2825,1
21.4941,41.2355,37.3556,1
21.5837,41.0703,41.9248,1
21.4785,40.7768,41.3269,1
21.4385,41.3238,47.1562,2
21.5097,40.9430,47.9908,2
21.3933,41.1357,52.5973,2
21.5925,41.1259,52.6602,2
21.7376,41.0439,58.7669,2
21.5878,40.5416,58.2139,2
21.6574,41.0624,63.0281,2
21.1560,40.4686,63.9817,2
21.4618,41.3423,67.6195,2
21.3696,41.2562,68.3698,2
21.6865,41.0485,73.5804,2
21.4429,40.6944,74.3856,2
21.8924,40.7410,78.3953,2
21.5094,41.1548,78.8565,2
21.6789,41.0379,84.1532,2
22.0616,40.8951,85.0305,2
21.8683,41.2039,88.5106,2
21.5852,40.8982,89.4837,2
21.3664,41.2795,95.2293,2
21.8130,40.9380,94.2071,2
21.6493,41.5795,100.0000,2
21.6694,40.9822,99.7483,2
21.7106,45.2313,0.2018,2
21.6804,45.3674,0.2789,2
21.4083,44.9889,5.2418,2
21.5752,45.1065,5.3837,2
21.7606,45.6194,11.2324,2
21.3160,44.9143,10.3815,2
21.5950,45.1916,15.5132,2
21.5181,45.4082,15.1247,2
22.0476,45.2695,21.5781,2
21.4629,45.4355,21.1027,2
21.7503,45.2036,27.0916,1
21.2805,45.5480,26.3751,1
21.3753,45.8488,32.5033,1
21.1642,45.3162,31.9318,1
21.6673,45.7178,37.4959,1
21.6320,45.9463,37.3105,1
21.5087,45.0975,42.7269,1
21.4204,45.1402,41.9855,1
21.6501,45.2051,46.7099,2
21.8114,45.1418,48.3784,2
21.6397,45.6433,52.9470,2
21.8420,45.4343,52.7492,2
21.7976,46.0089,57.7598,2
21.7379,45.2616,58.1478,2
21.5874,44.6158,63.0578,2
21.7789,45.0336,63.6184,2
21.6157,45.2057,68.8740,2
21.7152,45.3893,68.9290,2
21.6196,44.7698,73.4951,2
21.2181,45.4604,74.1323,2
21.7673,45.4099,79.4313,2
21.2636,45.2309,78.2399,2
21.5073,45.7480,84.7571,2
21.7114,45.2087,83.7137,2
21.6164,45.5964,89.6786,2
21.2618,45.2945,88.5170,2
21.7398,45.0553,94.1253,2
21.7425,45.4310,94.8530,2
22.0173,45.4537,99.6775,2
21.6828,45.1773,100.0000,2
21.6351,49.5877,0.0000,2
21.5912,49.4568,0.0000,2
21.5346,49.6044,5.2610,2
21.2965,49.3917,5.0291,2
21.6177,49.4993,10.3205,2
21.4888,49.4939,11.0078,2
21.6347,49.9006,16.3561,2
21.8783,49.8843,16.5709,2
21.3483,49.6679,21.6618,2
21.8588,49.2425,21.3813,2
21.5940,50.0278,25.6221,1
21.4251,48.9305,26.3881,1
22.0317,49.4604,31.6295,1
21.6890,49.4388,31.7620,1
21.6574,49.2200,36.7951,1
21.7273,49.7523,37.4914,1
21.6460,49.5804,42.4804,1
21.4600,49.2830,42.0429,1
21.3239,49.5958,47.8930,2
21.4369,49.6042,47.0539,2
21.3756,50.0904,52.1305,2
21.3231,49.5381,52.7658,2
21.7124,50.0741,57.5062,2
21.4633,49.9563,58.3643,2
21.7390,49.2967,63.7208,2
21.7396,49.5305,62.8654,2
21.6003,49.9682,67.8741,2
21.4190,49.2853,68.2156,2
21.5758,49.7613,73.9149,2
21.5911,49.5568,73.9962,2
21.2426,49.7952,78.5342,2
21.4902,49.5758,78.9097,2
21.6763,49.5162,84.0659,2
21.8847,49.6861,84.3616,2
21.7175,49.2621,90.5611,2
21.3614,49.5076,89.3305,2
21.5141,49.3374,94.3510,2
21.8166,49.1123,95.2286,2
21.7087,49.3594,100.0000,2
21.5474,49.1434,99.4548,2
21.7100,53.8653,0.1210,2
21.5006,53.6271,0.0000,2
21.2296,53.7026,5.5244,2
21.5925,54.2150,4.7609,2
21.4467,53.7241,10.6482,2
21.1987,53.8650,10.6505,2
21.1551,53.6492,15.3852,2
21.4883,53.2828,15.9976,2
21.9313,53.7637,19.9729,2
21.6361,53.6258,20.5021,2
21.6497,53.9481,25.9815,1
21.2502,53.0807,25.9829,1
21.5478,53.5294,31.2373,1
21.6925,53.8231,31.6787,1
21.7422,53.4873,36.2948,1
21.4745,53.5068,35.8165,1
21.4698,54.0157,42.5057,1
21.6840,53.7237,42.8297,1
21.3669,53.3948,47.9306,2
21.5845,53.4829,47.6444,2
21.4913,53.4330,52.1989,2
21.6433,53.7460,53.3900,2
21.5209,53.5921,58.6146,2
21.7761,53.7277,57.1142,2
21.4166,53.3680,63.1761,2
21.4773,54.1651,62.3722,2
21.3467,53.7576,68.6818,2
21.0615,53.1636,68.2893,2
21.8502,54.2505,73.4770,2
21.5448,53.4332,74.0008,2
21.8847,54.0610,78.9329,2
21.4112,53.6867,79.6378,2
21.4988,53.1396,84.0305,2
21.5231,53.1378,84.3265,2
21.6801,54.2422,88.8075,2
21.7251,53.9743,89.7335,2
21.3776,53.3647,94.7854,2
21.5970,53.5164,95.3827,2
21.4988,53.1161,99.8880,2
21.6750,53.7868,100.0000,2
21.8777,57.5603,0.0000,2
21.8880,57.3045,0.0000,2
21.8247,58.2589,5.5932,2
21.7160,57.5824,5.9497,2
21.3389,57.5526,10.7203,2
21.4803,57.9567,10.7417,2
21.9346,58.0249,15.4802,2
21.7142,57.6452,16.2461,2
21.5919,58.0149,20.1623,1
21.1288,57.4443,21.9255,1
21.3493,58.1144,25.9948,1
21.5309,57.8813,27.1377,1
21.6958,58.0102,32.2273,1
21.4523,58.2152,32.0296,1
21.7569,57.8482,36.6234,1
21.4050,57.6526,36.3836,1
21.6523,57.8262,42.3210,1
21.6765,57.5768,41.5604,1
21.5332,57.6622,46.9282,1
21.9181,57.4347,48.3800,2
21.6367,58.1906,53.0657,2
21.7023,58.3933,52.0904,2
21.5477,57.6389,57.0467,2
21.4467,58.4565,57.8080,2
21.9757,58.5205,64.6555,2
21.9600,58.6022,63.3205,2
21.6246,57.9832,68.4211,2
21.6089,58.1204,68.1881,2
21.3034,58.0038,73.3378,2
21.4611,57.8519,73.4981,2
21.8010,57.8447,79.5276,2
21.6202,57.8682,79.0265,2
21.3206,57.9962,84.6351,2
21.7771,57.4891,83.4510,2
21.4716,58.3101,89.5842,2
21.4240,57.4589,89.1317,2
21.4286,58.1754,95.2431,2
21.3690,58.1207,95.0622,2
21.3430,57.8696,100.0000,2
21.6116,57.3816,100.0000,2
21.7062,62.5791,0.0000,2
21.4699,62.0426,0.1456,2
21.5984,62.2866,4.7006,2
21.6583,61.8826,5.1915,2
21.9205,61.6858,10.3866,2
21.3240,62.1512,11.0504,2
21.6129,62.0702,16.4537,2
21.6450,62.3511,16.1471,2
21.0037,62.0823,20.5136,1
21.4131,62.5476,20.8652,1
21.9575,61.6830,25.7740,1
21.7314,62.0029,26.4695,1
21.5565,62.0625,31.4268,1
21.6148,62.2978,32.3862,1
21.5384,61.9872,36.5809,1
21.8729,62.3124,35.8926,1
21.1903,61.8562,42.2203,1
21.5723,62.2597,42.0175,1
21.8584,62.3369,47.4072,1
21.8080,61.6106,47.3259,1
21.6064,62.2859,51.7740,2
21.5269,62.2254,52.8702,2
21.8162,62.3337,57.8643,2
21.7139,62.0449,57.9681,2
21.7379,62.0917,63.3389,2
21.7712,62.3189,63.7746,2
22.0446,62.3161,68.1904,2
21.6813,62.2459,68.7278,2
21.8780,61.6000,74.4411,2
21.9490,62.2757,73.9803,2
21.5306,62.1072,79.2963,2
21.7057,62.3215,79.2607,2
21.7586,62.3413,83.6983,2
21.7454,62.6628,84.1972,2
21.8788,61.8301,89.4588,2
21.4507,62.5190,90.2939,2
21.5591,62.4566,95.5622,2
21.5724,62.1442,95.1037,2
21.4104,62.1383,100.0000,2
21.4789,62.3614,100.0000,2
21.5462,66.3823,0.8763,2
21.6897,66.5287,0.8004,2
21.5211,66.0017,6.1473,2
21.6063,66.5839,4.8820,2
21.6567,65.9867,10.5582,2
21.4494,66.0525,10.3748,2
21.1203,65.9678,16.1807,2
21.6485,65.9935,16.0634,2
21.4033,66.5324,20.9948,1
21.5139,66.2885,22.3324,1
21.4272,66.3838,26.7065,1
21.3865,65.8375,26.0152,1
21.7308,66.2132,31.4634,1
21.7611,66.0739,31.5346,1
21.2762,66.4120,36.9569,1
21.7381,65.9722,36.7462,1
21.3233,66.2420,42.8462,1
21.5148,65.9060,41.7653,1
21.2568,65.9271,47.7039,1
21.2897,66.4095,47.3813,1
21.4726,66.3840,52.1627,2
21.7471,66.1063,52.4384,2
21.4779,66.5226,58.1670,2
21.0546,66.3921,57.0224,2
21.5107,66.2833,62.9819,2
21.6791,66.5318,62.7712,2
21.4170,66.3050,67.6492,2
21.4836,66.7202,67.6679,2
21.5109,66.1381,74.6868,2
21.4714,66.1718,73.1688,2
21.5808,66.3968,78.5045,2
21.7767,66.3971,79.3733,2
21.5133,66.3887,84.1040,2
21.8705,66.3507,84.2149,2
21.4873,66.1610,89.5925,2
21.7429,66.1104,89.5370,2
21.6158,66.4233,93.8831,2
21.3940,65.9060,94.7533,2
21.3988,66.1669,99.4029,2
21.4983,65.9786,100.0000,2
21.6748,70.5714,0.0000,2
21.1714,70.3889,0.0000,2
21.6284,70.7122,5.4255,2
21.8316,70.3558,4.9583,2
21.7865,70.5762,10.4028,2
21.9483,70.6996,10.4310,2
21.4418,70.9243,15.8930,2
21.5839,70.7292,16.2295,2
21.6889,70.7915,21.2783,1
21.6899,70.3068,21.9578,1
21.3322,70.6191,25.6474,1
21.5593,70.3549,26.3837,1
21.6473,70.2394,31.5642,1
21.8577,70.1326,31.1519,1
21.7511,70.5496,36.9177,1
21.7834,70.2881,36.5824,1
21.4504,70.4219,42.7750,1
21.2387,70.1681,41.4224,1
21.8593,70.3420,47.2051,1
21.2560,70.4476,47.8017,1
21.6295,70.4940,51.8491,2
21.5134,70.5704,52.1357,2
21.7099,70.7918,57.6304,2
21.7241,70.4934,58.4683,2
21.9858,70.1982,63.5426,2
21.8399,70.2351,62.8703,2
21.4617,70.4865,68.2429,2
21.5393,70.7777,67.4731,2
21.3842,70.7273,73.9606,2
21.3672,70.6942,74.3476,2
21.5691,70.2239,79.3848,2
21.9236,70.2605,78.9670,2
21.7970,70.5609,83.3369,2
21.6676,70.2327,83.5752,2
21.2334,70.8834,89.0563,2
21.6456,70.7000,89.5546,2
21.6383,70.6406,94.8059,2
21.4269,70.2715,94.6843,2
21.5537,70.6551,100.0000,2
21.6477,70.2831,98.9094,2
21.4252,74.3335,0.0000,2
21.6274,74.7622,0.9291,2
21.6756,75.3096,5.6207,2
21.7961,74.6292,4.7259,2
21.4892,74.7333,10.2122,2
21.3787,74.8619,10.0236,2
21.2722,74.4002,15.6723,2
21.3808,74.6684,16.0897,2
21.6938,74.5386,20.4007,2
21.4638,74.9335,21.4972,2
21.6495,75.0973,27.1804,1
21.4823,75.1828,26.1855,1
21.7829,74.9494,30.5904,1
21.3857,74.3705,30.6879,1
21.7548,75.3575,36.7133,1
21.7498,75.1822,36.9463,1
21.5739,74.6631,42.3740,1
21.7539,74.8754,42.3190,1
21.5687,74.2590,47.8173,2
21.3220,74.9227,47.7463,2
21.3509,74.5545,53.6923,2
21.5631,74.3708,53.0320,2
21.4244,74.1607,58.1546,2
21.3956,74.8332,57.4884,2
21.7204,74.7919,61.8633,2
21.6553,74.6499,63.8663,2
21.6580,74.9637,68.0658,2
21.4209,74.7291,68.2407,2
21.8465,74.6908,73.0718,2
21.4134,75.0264,73.6006,2
21.5348,75.0549,78.4900,2
21.1319,74.4810,79.0684,2
21.5290,74.2687,84.7186,2
21.6116,74.8535,84.4203,2
21.3192,74.8277,89.9274,2
21.8070,74.9532,89.7302,2
21.2315,74.7324,94.2586,2
21.8354,75.0760,94.2616,2
21.5698,74.8114,100.0000,2
21.2438,74.0740,100.0000,2
21.0727,78.9949,0.2961,2
21.8262,78.7606,0.0806,2
21.7092,78.5947,5.7208,2
21.6338,78.7657,5.3338,2
21.5511,79.1814,10.3461,2
21.6244,78.7611,10.0574,2
21.6133,78.6783,16.1898,2
21.6974,78.7178,15.8964,2
21.4250,78.4661,20.7540,2
21.5689,79.1038,21.1274,2
21.7605,78.6530,26.1274,1
21.9078,78.3680,26.0898,1
21.3646,78.8887,31.3617,1
21.6994,79.0240,30.9261,1
21.4613,78.9473,37.2118,1
22.0655,79.1582,36.3359,1
21.5602,79.0017,41.8456,1
21.6730,78.2660,42.3818,1
21.4837,78.9145,48.1013,2
21.3266,79.0292,47.7654,2
21.6130,78.4631,53.3068,2
21.5367,78.7891,52.4763,2
21.5025,78.5903,57.9772,2
21.4595,79.1486,58.1535,2
21.9041,78.8839,62.7563,2
21.2850,79.6054,63.4889,2
21.4405,79.4553,69.0991,2
21.3087,78.7213,68.3549,2
21.3649,78.9184,74.0402,2
21.3043,79.0353,74.2685,2
21.6590,78.9247,78.6133,2
21.7451,78.5943,79.0688,2
21.5841,79.2850,83.9192,2
21.4794,78.5748,84.4292,2
21.4942,78.6887,89.0903,2
21.6864,78.6165,88.9666,2
21.7582,78.8975,95.2146,2
21.5071,78.9470,94.8150,2
21.8564,79.3391,100.0000,2
21.4532,78.6513,100.0000,2
21.8543,83.5067,0.0065,2
21.7245,83.3815,0.0745,2
21.6174,83.1874,4.8691,2
21.4417,82.9474,4.4635,2
21.6075,83.1457,10.9073,2
21.8311,83.5552,11.2355,2
21.4275,82.7283,16.2548,2
21.8554,83.6247,16.0320,2
21.1796,83.2676,21.3304,2
21.8294,83.5868,21.5074,2
21.4615,82.8492,26.5828,1
21.4205,83.6004,25.4635,2
21.6923,83.2538,31.4756,1
21.3939,82.5394,31.3132,1
21.4762,83.4914,36.4507,1
21.6695,82.7702,37.0822,1
21.1314,83.7865,42.0347,1
21.0200,82.9426,41.6674,1
21.4478,83.0485,47.0371,2
21.4157,82.8103,47.7793,2
21.8192,83.0815,52.6228,2
21.3537,83.1792,52.7466,2
21.5351,83.2767,58.0491,2
21.3681,83.5158,57.7909,2
21.9141,83.2840,64.1434,2
21.8140,83.2261,62.7963,2
21.4386,83.3178,68.4926,2
21.4611,83.4078,68.4404,2
21.7467,82.8653,74.1839,2
21.6791,83.5172,74.1729,2
21.5620,83.1083,79.8389,2
21.5208,83.3824,78.7567,2
21.2066,82.7897,84.4135,2
21.7192,83.2807,84.7835,2
21.6572,82.9253,89.7708,2
21.6129,82.9852,89.7099,2
21.5948,82.9764,94.6479,2
21.8617,83.5722,94.8309,2
21.5904,82.7280,100.0000,2
21.7862,83.3835,98.8626,2
21.5871,87.3303,0.3414,2
21.4887,87.2989,0.3097,2
21.4242,87.1962,5.3598,2
21.8466,87.6110,5.8009,2
21.5916,87.8169,9.6557,2
21.9834,88.0139,10.7546,2
21.7454,87.3570,15.6847,2
21.4568,87.3537,16.0674,2
21.6629,87.9644,21.1028,2
21.2812,87.8617,20.4422,2
21.4671,87.4499,26.5244,2
21.2899,87.1445,25.5754,2
21.7033,87.7234,30.9680,1
21.7781,87.6477,31.2494,1
21.1824,87.0470,36.5445,1
21.8873,87.3329,36.3387,1
21.6085,86.9798,42.3624,1
21.3834,87.1187,42.2930,1
21.9290,88.0278,46.8485,2
21.4596,87.5231,47.9528,2
21.1461,87.3946,52.3880,2
21.1941,86.9673,52.3477,2
21.5907,87.6709,58.0719,2
21.7685,87.3764,57.5423,2
21.5422,87.5771,63.6742,2
21.5494,87.0897,63.3257,2
21.6745,87.7382,68.0817,2
21.4454,87.5953,68.2173,2
21.4890,87.7447,72.9987,2
21.9902,87.1846,74.1176,2
21.5572,87.4498,78.8160,2
21.7503,87.2642,78.6609,2
21.9416,87.3772,83.8727,2
21.2809,87.9281,83.9346,2
21.9913,87.4881,89.5451,2
21.6129,88.0332,88.3776,2
21.6218,87.2889,94.6303,2
21.6088,87.2885,94.8309,2
21.5742,86.9743,100.0000,2
21.7222,87.2058,100.0000,2
21.8461,91.8321,0.4159,2
21.5850,91.9214,0.7854,2
21.7406,91.4079,5.2433,2
21.6937,91.8303,5.2244,2
21.4656,92.0542,9.9902,2
21.3907,91.1808,10.0545,2
21.8284,91.9632,15.7525,2
21.6782,91.5758,15.1935,2
22.0226,91.9914,21.2298,2
21.4078,91.5115,20.7064,2
21.5985,91.6719,26.1452,2
21.2881,92.2186,26.4346,2
21.6703,91.4522,30.7979,1
21.5623,91.4820,31.9337,1
21.7602,91.8085,37.3362,1
21.9397,91.6959,37.3917,1
21.6777,91.0089,42.0280,1
21.4054,91.6484,41.7098,1
21.7001,91.8733,47.9702,2
21.9028,91.0761,46.7689,2
22.1645,91.8818,52.7438,2
21.5854,91.5619,51.6647,2
21.4245,91.5454,57.5368,2
21.4619,92.3466,57.7689,2
21.6346,91.6517,63.4526,2
21.4835,91.9530,63.3797,2
21.3215,91.5467,68.3350,2
21.5353,91.7317,68.7384,2
21.6823,91.6806,73.7270,2
21.1487,91.8123,73.9284,2
21.3820,91.6631,79.2713,2
21.8132,91.7320,79.1082,2
21.7683,91.4870,84.4165,2
21.4547,91.9120,83.4057,2
21.7423,91.5843,89.9564,2
21.4228,91.6059,89.5040,2
21.6657,91.2647,95.0549,2
21.2098,91.3786,93.9555,2
21.7446,91.6990,100.0000,2
21.8736,91.4842,100.0000,2
21.5922,95.7636,0.6533,2
21.9953,95.6600,0.4169,2
21.6428,95.8888,5.3867,2
21.5123,94.7140,6.0306,2
21.4400,95.7170,10.4162,2
21.4222,95.8615,10.5042,2
21.4356,95.8343,15.7730,2
21.7645,95.3874,15.3868,2
21.7240,95.5975,20.6009,2
21.4609,95.7592,21.0040,2
21.5370,95.4809,26.7024,2
21.8442,95.2163,25.5390,2
21.7795,96.2604,30.5144,1
21.7420,96.2808,31.1477,1
21.8949,95.7361,36.9994,1
21.4351,96.0898,37.2593,1
21.9239,96.2217,42.1007,1
22.2006,96.1947,42.3755,2
21.3795,95.3305,46.6459,2
21.3922,96.2027,47.6120,2
21.4563,95.7487,52.5027,2
21.7390,95.5258,52.8064,2
21.6390,95.5348,58.6887,2
21.5198,95.4916,58.3212,2
21.5898,95.9120,62.5656,2
21.7414,96.4412,62.5265,2
21.6498,95.5539,69.7659,2
21.8269,95.8741,67.8071,2
21.3817,96.0134,73.0030,2
21.3127,95.7921,73.7509,2
21.6550,95.6576,79.4074,2
21.4066,95.9775,79.0544,2
21.6991,96.1441,83.9829,2
21.4467,95.2830,83.2010,2
21.5438,95.7572,88.9306,2
21.4047,96.2465,89.9116,2
21.3266,95.6568,94.9398,2
21.4537,95.5469,94.5677,2
21.7971,96.1439,99.6323,2
21.6711,95.7876,99.4959,2
21.5195,99.6207,0.5815,2
21.8894,99.8768,0.0000,2
21.7899,100.3648,4.7060,2
21.5493,99.9823,4.8778,2
21.6561,99.7900,10.2562,2
21.5587,99.5533,9.4981,2
21.7626,99.7779,16.8569,2
21.9733,99.8481,16.9590,2
21.7665,99.8064,19.7617,2
21.7166,100.0094,21.2683,2
21.5332,99.6568,26.1023,2
21.7203,99.8937,26.1356,2
21.2751,100.0274,31.0230,1
21.7627,99.7798,31.4311,1
22.0117,99.9080,36.6218,1
21.6961,99.4644,37.4675,1
21.7777,100.1573,40.4167,1
21.5271,99.6181,42.6673,2
21.7895,100.1164,46.7669,2
21.8778,99.9213,48.2711,2
21.6320,100.1520,52.4014,2
21.8603,100.1825,53.3530,2
21.6145,99.9859,58.1923,2
21.8675,100.3050,57.9638,2
21.2075,100.2431,62.4385,2
21.5859,99.9653,62.4490,2
21.6534,100.6463,68.2647,2
21.7321,100.7067,68.8524,2
21.4500,100.0711,73.9246,2
21.8657,100.3642,72.2993,2
21.4077,99.9790,78.4397,2
20.8389,99.7823,78.9456,2
21.4739,99.7009,84.2313,2
21.6476,99.8594,84.8964,2
21.5905,99.7385,88.9114,2
21.5364,100.3340,89.0618,2
21.6981,100.0284,95.7335,2
21.6570,99.7905,95.1050,2
21.7330,99.8809,99.4180,2
21.6862,100.0191,99.2417,2
23.9983,19.8089,0.0000,2
23.8769,20.3849,0.6040,2
24.1367,20.0808,5.5611,2
23.9671,19.6685,4.8104,2
23.8259,20.4204,11.0647,2
23.7314,20.0160,10.3250,2
23.9163,19.8392,16.4923,2
23.9436,20.0648,15.9016,2
23.7418,20.0326,21.5838,2
24.2419,19.6557,20.2933,2
23.9598,20.3328,26.4956,2
24.0834,19.5919,26.0298,2
23.5081,19.9573,30.4968,1
24.2139,20.4664,31.6493,1
23.6449,20.1127,37.7717,1
24.0425,20.3555,36.5995,1
23.7731,19.9787,41.1419,1
24.4002,20.0419,42.5387,2
23.8551,19.5371,48.0813,2
23.7225,20.1047,47.5900,2
23.9622,19.7646,52.5568,2
23.7574,20.2428,52.9174,2
23.9431,19.8295,58.9484,2
23.6870,19.5366,57.8537,2
23.8958,20.3293,63.4810,2
23.9533,20.1501,63.3990,2
24.3681,20.0760,68.0805,2
23.9871,19.2144,68.4047,2
24.1660,20.1807,73.8335,2
24.0772,20.3310,74.3968,2
24.0369,19.9052,77.7906,2
24.1430,20.1546,79.0237,2
23.8098,20.2895,84.0819,2
23.9405,19.9832,84.4355,2
23.7176,20.1688,89.1132,2
23.8102,20.2656,88.9762,2
24.1241,20.0304,93.9127,2
24.2203,20.0931,94.9339,2
24.1488,20.4498,100.0000,2
24.0708,20.1114,99.8286,2
23.6307,24.2750,0.6895,2
24.0640,23.8903,0.5488,2
23.8855,23.5829,5.7721,2
23.7583,24.7447,5.8370,2
23.9018,24.3483,11.7383,2
24.1474,24.2820,11.9709,2
23.9709,24.3851,15.3214,2
23.6124,24.1242,15.8087,2
24.0132,23.7846,21.3830,2
23.7813,24.3931,21.5201,2
23.8683,23.9214,27.0876,2
24.1220,24.2561,27.0500,2
23.9640,24.0244,31.0781,1
23.9258,24.4420,32.2738,1
23.9521,24.5745,36.7350,1
23.7910,23.8186,36.5890,1
23.6936,24.8134,42.3249,2
23.9282,24.7271,41.4541,1
23.9199,24.8104,47.2964,2
24.4367,24.4462,48.0214,2
24.2143,24.2110,52.3875,2
23.9243,23.9144,52.5986,2
23.9465,24.7173,58.1914,2
24.4199,23.5627,57.2862,2
23.8763,24.6583,63.1031,2
23.6538,24.1370,62.5591,2
23.6686,24.8102,68.2452,2
23.9820,24.1826,68.2953,2
23.7792,24.1173,73.8528,2
24.2311,24.4948,73.0747,2
24.1451,24.3532,78.6350,2
23.9838,24.3822,78.9709,2
24.0434,23.9516,85.2069,2
23.5615,24.3839,84.3939,2
24.0760,23.9980,90.0583,2
23.9258,23.8547,88.9263,2
23.9723,23.7316,95.6371,2
24.1572,24.7586,95.5976,2
23.8770,23.9497,98.6611,2
23.8661,24.7402,99.5861,2
23.9054,28.2547,0.1875,2
24.2046,27.9593,0.0000,2
24.2447,28.6410,5.1335,2
24.2888,28.0115,5.7288,2
23.9337,28.6030,9.3327,2
23.8952,28.6421,10.4947,2
24.1984,28.7876,15.3102,2
24.1122,28.1233,15.8165,2
24.0786,28.1705,21.4461,2
23.8463,28.2468,21.4060,2
23.7802,28.1550,26.8364,2
23.9691,27.9848,26.7436,2
23.8660,28.0001,30.3253,1
24.1281,28.1631,30.9570,1
24.0752,28.6628,36.4486,1
24.1299,29.0375,37.5154,1
24.1856,28.5153,41.8834,1
23.9362,28.5533,41.4765,1
23.7935,27.9927,47.4860,2
23.9640,28.2252,47.7787,2
23.7384,28.2141,53.0218,2
24.1331,28.1823,52.7476,2
23.7916,28.3619,57.9667,2
24.0594,28.5163,58.0313,2
23.7317,28.5375,63.4334,2
24.0852,28.2052,63.6157,2
23.6839,28.2918,68.2833,2
23.6949,28.3338,68.5318,2
23.5822,28.3026,72.8100,2
24.3557,28.4848,73.7471,2
23.9938,28.6024,79.4364,2
23.6347,28.8141,79.5703,2
23.9341,28.3854,82.6591,2
23.6986,28.5767,84.8108,2
24.0931,28.3983,90.4366,2
24.1484,28.3029,90.5647,2
23.7281,27.9795,94.5263,2
23.7956,28.3116,95.1359,2
23.9406,28.4186,100.0000,2
23.4849,27.9665,99.8073,2
23.7788,32.5620,0.7021,2
23.9325,32.2349,0.0000,2
24.2895,33.0913,5.5611,2
23.6349,32.7236,5.4550,2
23.9525,32.4606,10.3450,2
23.8194,32.2881,11.2093,2
24.1238,32.5461,15.9656,2
24.0253,33.3344,16.2258,2
24.1143,32.6430,20.8354,2
24.2239,32.8273,20.6379,2
24.0381,32.8828,25.2679,2
23.7629,32.7404,25.3536,2
23.5941,32.5504,31.8247,1
24.0549,33.1063,31.6201,1
23.8728,32.2394,36.6498,1
24.0889,32.8574,36.9744,1
24.0568,33.0145,42.1429,1
24.2208,32.4136,42.0686,1
23.8512,32.8694,46.8612,2
23.8830,32.0737,47.6656,2
24.1967,32.9048,53.0379,2
24.1152,32.8415,52.9388,2
24.0832,32.4349,57.7946,2
23.9614,32.5309,57.1116,2
23.7004,32.7006,63.6108,2
23.9492,33.4610,62.6980,2
24.0364,33.0189,68.9539,2
24.0784,32.9527,68.4488,2
24.2799,33.0165,73.2581,2
24.0117,32.1674,74.4451,2
23.9922,33.0362,78.8927,2
23.5761,33.4228,79.0129,2
23.7473,32.9753,85.2285,2
23.9069,32.6018,84.3296,2
23.7252,32.4244,90.3646,2
23.9209,32.3803,89.2477,2
24.1619,32.0388,94.8642,2
24.4398,33.2409,95.0234,2
24.2107,33.0236,99.9371,2
24.1323,33.1682,99.3681,2
24.0627,36.9505,0.0516,2
23.9503,36.9116,0.1578,2
24.1711,36.9851,5.1742,2
23.7794,36.7004,5.3937,2
23.8062,37.1259,10.7413,2
24.1761,36.6505,10.1108,2
24.1746,36.8811,15.6882,2
24.0871,37.0405,15.1616,2
24.2243,36.7190,21.9026,2
23.6807,36.9373,20.9598,2
23.5523,37.0396,25.3538,2
23.8890,37.1734,26.0508,2
23.7666,37.0822,31.4542,1
23.8664,37.2246,30.9953,1
23.8554,37.1020,36.2261,1
24.3024,36.7771,37.2794,1
24.1219,36.7964,41.8658,1
23.9388,37.0559,41.6120,1
23.7067,37.2874,47.0010,2
24.0182,36.7814,47.2895,2
24.2334,36.8166,52.4532,2
23.8934,36.6911,52.2965,2
23.8475,37.3411,58.2505,2
23.8783,37.1366,57.1011,2
24.2225,37.2307,64.2761,2
24.1497,36.9733,63.8035,2
23.8222,36.7235,68.3889,2
24.2211,36.5853,67.9400,2
23.9947,37.0574,73.3327,2
24.0815,37.2526,74.2844,2
24.0180,36.8149,79.8152,2
23.9504,37.1242,79.9265,2
24.1144,36.5430,83.5910,2
23.8878,37.0550,84.4329,2
24.3888,36.9726,89.3100,2
23.7207,37.1962,89.4707,2
23.6461,36.8488,94.2390,2
23.8622,36.8440,94.2843,2
23.8498,36.6189,99.6414,2
23.7458,36.6973,99.5527,2
24.0647,41.1129,0.5974,2
24.3247,41.2558,0.2248,2
24.0954,41.1926,5.2883,2
23.9415,40.7461,5.6826,2
23.9411,41.4875,10.9839,2
23.8222,41.4266,9.2459,2
24.3334,40.6511,16.0370,2
24.0329,41.3897,15.6251,2
23.5183,40.9544,20.9431,2
23.5375,41.0662,20.5147,2
24.0772,40.9788,27.2963,1
23.8961,41.1817,26.2093,2
23.6227,40.9912,31.9557,1
24.0678,40.9647,30.8506,1
24.0763,41.1785,37.2638,1
23.8925,40.5473,37.1090,1
23.9455,41.4701,42.1196,1
23.9383,41.1778,41.8068,1
23.8183,41.0233,46.9082,2
23.9015,41.6345,47.8897,2
24.0090,41.5181,52.2191,2
24.4455,40.9145,53.6335,2
24.3472,40.5267,58.6283,2
23.8906,40.8822,58.1571,2
23.7458,41.2032,62.6875,2
23.9828,41.4532,63.3512,2
23.8754,41.2151,67.7178,2
23.7796,40.9235,68.8145,2
24.0285,41.2132,73.6705,2
23.7897,41.4991,73.3353,2
24.0312,41.0190,79.2289,2
23.8263,41.3684,79.6365,2
24.1456,41.0999,83.9930,2
24.5118,40.7551,84.6511,2
24.0139,41.0339,89.5663,2
23.8453,41.1807,89.6321,2
24.4829,41.3739,94.9948,2
24.0625,41.6045,94.2516,2
23.9108,40.4805,100.0000,2
24.1170,40.7540,100.0000,2
23.8036,45.1604,0.0598,2
24.2662,45.0057,0.1456,2
24.1023,45.4337,5.5659,2
24.0997,45.0967,6.1070,2
23.9251,45.1900,11.2001,2
23.8213,45.3592,10.1649,2
24.4512,45.9558,15.7344,2
24.0513,45.2647,15.6152,2
23.9713,45.2510,20.2923,2
24.0000,45.2505,21.2087,2
23.9319,45.1551,26.7532,1
24.0540,45.6820,26.5632,1
23.9078,45.4482,30.5886,1
24.3681,45.3455,32.6712,1
23.7735,44.9279,37.0250,1
24.0199,45.3646,36.9350,1
23.8217,44.8176,42.2468,1
23.6908,44.8501,41.9149,1
24.0335,45.8595,47.8581,2
24.2340,45.4593,47.5518,2
24.4485,44.8663,52.4250,2
23.8803,45.5312,52.1422,2
24.1001,45.4371,58.3014,2
24.1064,45.7247,57.8701,2
24.0534,45.0422,62.6755,2
24.3003,45.0195,63.4785,2
24.0536,45.6157,67.5919,2
24.1256,45.2457,68.1211,2
23.8972,45.5742,74.0498,2
23.9218,44.9214,73.1499,2
24.0980,44.8798,78.8883,2
24.4836,45.4010,79.3185,2
23.7352,44.8950,84.6084,2
23.8909,45.6152,84.2821,2
24.6586,45.1215,89.6683,2
23.7885,45.6028,89.7439,2
23.7751,45.1980,95.4728,2
24.2177,44.8688,94.5539,2
24.3316,45.2430,100.0000,2
24.1728,44.8935,99.5802,2
23.9026,49.8651,0.5599,2
24.1113,49.4619,0.6148,2
23.9368,49.6771,5.7692,2
24.3067,49.4868,5.1319,2
24.2264,49.9152,10.3046,2
23.7464,49.8694,9.7555,2
23.6288,49.4232,15.8407,2
23.7354,49.5402,15.9227,2
23.8513,50.0837,21.2675,2
24.1731,49.0368,20.3202,2
24.0394,50.0301,25.8108,1
23.9760,49.1032,25.9565,1
23.9860,49.3259,30.9262,1
23.6818,48.9079,31.8172,1
24.0669,49.6515,36.3875,1
24.1486,49.6857,36.8458,1
23.9160,49.2789,42.2013,1
24.2708,49.8150,41.9772,1
24.0551,49.1433,47.7335,2
23.7812,49.6808,48.8530,2
23.8334,50.3505,52.8769,2
23.7974,49.2350,53.8141,2
24.0460,49.3038,57.7930,2
24.0335,49.4711,58.0677,2
24.3021,49.1353,63.4802,2
23.9328,49.3240,63.6940,2
23.6551,48.7638,68.5333,2
23.9197,49.0678,67.5658,2
24.3335,49.6126,73.6940,2
24.3864,49.7803,74.5688,2
23.7114,49.1085,79.2559,2
24.0303,49.8486,78.1320,2
24.0881,49.7705,84.6786,2
23.8660,49.6293,83.8227,2
23.8888,49.1608,89.0944,2
23.8992,49.3264,89.0943,2
23.6874,50.0620,94.4866,2
24.0134,48.9460,95.4157,2
23.9808,49.3405,99.7824,2
24.1213,48.5878,99.5879,2
23.9236,53.6450,1.2527,2
23.8799,53.9813,0.9058,2
24.0815,53.4821,4.6209,2
24.0965,54.1777,5.5361,2
24.1941,54.4618,10.9450,2
23.7272,53.6995,11.2114,2
23.8976,54.1359,15.7560,2
24.0142,53.5790,15.8692,2
23.9899,53.2016,20.8318,2
23.7007,53.5621,20.6551,2
24.1497,53.9912,26.5959,1
23.6938,53.6548,25.6422,1
23.9179,53.8784,32.0750,1
24.0419,54.0618,31.7088,1
23.9007,53.9463,37.2953,1
23.8425,53.7979,36.6950,1
23.5456,53.8162,41.4580,1
24.0130,53.2236,41.7454,1
23.8606,54.0447,47.1017,2
23.7324,53.7935,47.2599,2
24.1055,53.3806,52.7370,2
24.4413,53.6124,52.7249,2
23.6152,53.4283,58.1246,2
23.8814,53.8685,58.1072,2
23.6838,53.9888,62.5366,2
23.7944,53.7531,63.9414,2
23.7466,53.7285,68.4991,2
24.0788,54.0394,68.2190,2
24.1497,54.0833,74.5762,2
24.0478,53.7314,73.4469,2
23.6556,53.6008,79.0035,2
23.9255,53.8635,78.2203,2
23.9110,54.2826,84.7083,2
24.0706,53.8014,84.0278,2
23.5966,53.8214,88.2495,2
23.8823,53.6831,89.2501,2
24.3816,54.2315,95.2533,2
23.7623,54.2606,95.0463,2
23.7590,53.6940,100.0000,2
23.8276,53.7264,100.0000,2
23.7272,57.8137,0.0000,2
24.1211,57.6223,0.1459,2
23.6693,57.5547,4.6722,2
23.8895,57.9489,5.4455,2
23.5929,57.8441,10.1510,2
24.0542,57.8144,10.4859,2
23.7984,58.4121,15.1477,2
23.8674,57.9270,15.6638,2
23.7946,57.3512,20.7069,1
23.7555,58.3985,22.1850,1
23.9372,57.4733,26.6848,1
23.7512,57.7300,26.0014,1
23.8473,57.7883,30.9222,1
23.8070,58.2007,31.5622,1
23.9724,57.2251,37.3160,1
23.8103,58.2319,36.9192,1
23.8350,57.3914,43.1927,1
24.1080,58.1537,43.0147,1
23.9922,58.3005,47.1291,1
24.0949,57.7057,47.1165,1
23.9668,57.5145,52.7963,2
23.8850,57.2985,52.4027,2
23.8784,58.1506,58.0373,2
24.2369,58.0508,57.6178,2
23.9357,57.7903,63.4019,2
23.9593,57.7062,63.1622,2
24.0396,57.5928,68.5796,2
23.6316,58.2264,68.6846,2
24.2732,57.5598,74.2509,2
24.1345,57.8401,73.4959,2
23.7303,57.4910,78.5718,2
23.6962,58.3735,78.1963,2
23.9771,58.0254,84.3893,2
24.0364,58.1787,83.9876,2
23.9649,57.8067,90.1249,2
24.3673,57.5366,88.4581,2
24.0612,58.2158,95.7153,2
24.0949,58.3135,95.5669,2
24.2403,58.1591,99.3589,2
23.9457,57.9847,99.9501,2
23.9397,62.5754,0.0000,2
24.1072,62.2002,0.0000,2
23.7320,61.5949,5.5059,2
23.9347,61.8575,4.3251,2
24.0339,62.0531,10.1695,2
23.7546,62.0337,10.7613,2
23.8814,61.7487,15.7604,2
24.1565,62.1173,15.8237,2
23.8822,61.8384,20.5912,1
23.6150,62.4596,21.2839,1
23.9639,62.1939,26.4856,1
23.8005,62.0077,26.0787,1
24.4497,62.4113,31.6629,1
24.2206,62.4772,30.8887,1
23.9028,62.1004,37.1479,1
23.9026,62.0757,36.6114,1
24.1572,61.6723,41.8916,1
23.5786,61.7964,42.2639,1
24.0146,62.0113,47.9304,1
24.2182,62.0845,47.4936,1
23.8569,62.2933,52.0345,2
24.3065,62.4473,52.0321,2
23.7896,62.2316,57.7256,2
24.0563,61.9974,58.6571,2
23.9490,62.8314,63.4592,2
23.6775,62.7312,63.7072,2
24.0234,62.2993,67.8265,2
23.5865,62.0927,69.1104,2
24.0265,62.6180,74.3448,2
23.9515,62.4604,74.4455,2
23.9313,62.0411,79.0176,2
23.4650,62.1894,79.3076,2
23.9763,62.2087,84.1888,2
23.5480,62.6040,84.0266,2
23.8238,62.5127,89.9630,2
24.0020,62.3361,88.8962,2
23.9312,62.4937,94.3983,2
23.7477,62.1288,94.7879,2
24.0769,61.6918,98.7253,2
24.1316,61.7804,99.6950,2
23.5107,66.6227,0.1752,2
24.0094,66.4068,0.0000,2
23.7503,66.1803,4.8888,2
23.8931,66.3896,5.7664,2
23.6513,66.3131,10.8821,2
23.7626,66.2579,10.7596,2
23.9496,66.5181,15.8368,2
23.8850,65.9640,15.9131,2
23.9674,66.0179,21.3437,1
24.2010,66.1178,20.6888,1
23.7945,65.8122,27.3180,1
23.8576,66.0583,25.7524,1
23.8698,66.1072,32.2980,1
23.6976,65.8542,31.8548,1
23.9259,66.2489,37.1219,1
23.9747,66.3017,36.1393,1
23.6137,66.1057,41.5631,1
24.0012,65.7762,41.8817,1
23.9128,66.3039,47.5679,1
23.8821,66.1155,47.9907,1
23.8834,66.7415,52.4690,2
23.9441,66.2742,52.7472,2
23.8634,66.3446,58.6601,2
24.1571,66.6325,57.2238,2
23.7113,66.3811,63.5433,2
23.8435,66.1065,63.8548,2
24.0845,66.6332,68.2003,2
23.8434,66.6005,68.2897,2
23.8252,66.0418,73.4286,2
24.1224,65.8629,73.9987,2
23.8057,66.2527,78.8742,2
23.9032,66.2297,78.7252,2
23.8331,66.7117,84.2231,2
23.9222,66.1224,84.0066,2
23.8191,66.5454,89.0969,2
23.4981,66.3333,89.3340,2
23.8302,66.5893,93.3701,2
24.2626,66.6322,94.4228,2
23.8572,66.4671,100.0000,2
23.8206,65.8308,100.0000,2
24.1386,70.5734,0.0879,2
24.0716,70.7486,0.0000,2
23.8772,70.3899,5.1824,2
24.1015,69.9893,4.5886,2
23.8110,70.5726,10.9424,2
24.2736,70.4404,10.9416,2
24.0894,70.6888,15.7773,2
23.8675,70.2067,15.2237,2
24.0168,70.5100,20.8449,1
24.0803,70.4662,20.5960,1
23.8941,70.7725,25.8040,1
23.9892,70.5097,25.9354,1
23.8887,70.0548,31.6338,1
23.6744,70.8480,31.5330,1
23.8330,70.8745,36.3262,1
23.7978,69.9775,37.4969,1
24.3219,70.0242,41.6974,1
23.9613,70.3716,42.0896,1
23.9238,70.6486,46.8879,1
23.9859,70.1915,47.1625,1
23.6000,70.4050,52.3452,2
24.1361,70.5085,52.6928,2
23.9429,69.8876,56.8963,2
23.8836,70.6099,57.7773,2
23.7746,70.4542,62.9944,2
24.1032,70.7432,62.8812,2
23.9374,70.6092,68.6334,2
24.2779,70.5179,69.0054,2
23.7154,70.3350,72.6163,2
23.9776,70.7206,72.4065,2
23.9850,70.7076,79.2210,2
23.7082,70.7583,78.9520,2
24.0656,70.4886,84.4010,2
24.1692,70.4651,84.3526,2
24.1973,70.4863,88.9110,2
24.0826,70.9568,90.1181,2
24.0904,69.8231,94.4189,2
23.8304,70.5398,95.5810,2
23.7313,71.1990,99.8088,2
23.7940,70.7799,100.0000,2
24.0774,74.5060,0.2510,2
23.7407,74.4977,0.0000,2
23.7834,75.0527,4.9741,2
23.9033,74.4728,5.7820,2
23.8141,75.0794,11.0606,2
23.8582,74.7457,10.2895,2
24.0565,74.6785,15.5807,2
23.9566,74.2622,15.7515,2
24.0773,74.7783,21.5285,2
23.8719,74.5991,20.4940,2
23.8662,75.3266,26.4536,1
23.8303,74.4350,25.5165,1
23.7813,74.9646,31.3654,1
23.7557,74.4824,31.9037,1
23.9311,74.5487,36.6879,1
24.3885,75.1027,37.5764,1
23.5969,74.6915,41.7829,1
24.0561,75.0548,42.2685,1
23.7729,74.5385,47.6787,2
24.0914,74.7791,47.4333,2
23.9574,74.8176,52.9896,2
24.0734,74.7439,52.6071,2
23.9299,74.5027,57.4982,2
24.0562,74.5230,58.3017,2
23.9371,74.9827,63.4764,2
24.1160,74.5939,63.3623,2
24.0949,74.2714,69.2719,2
24.4006,75.0210,68.8240,2
24.0651,74.6398,73.6291,2
24.1402,74.4449,73.1539,2
23.8679,74.9337,78.5144,2
23.9023,74.7048,78.4414,2
23.4594,74.4289,84.3410,2
24.0446,74.8852,84.5153,2
23.8221,74.4847,89.6612,2
23.9050,75.0090,89.6644,2
24.2041,74.5972,95.2706,2
24.3543,74.7530,94.9865,2
23.7613,75.0051,100.0000,2
23.8485,74.9127,100.0000,2
24.0255,79.1910,0.2594,2
23.9196,79.1974,0.5559,2
23.8365,78.9468,4.3788,2
24.0641,79.3143,5.1345,2
23.9741,78.8813,10.3344,2
23.9938,78.7121,10.4087,2
23.7665,79.1241,15.9091,2
23.8611,78.9585,15.6791,2
24.1761,78.8151,21.3702,2
23.8063,79.1916,21.5713,2
24.1643,79.3887,26.4620,1
24.1950,79.4346,25.7548,1
23.8267,78.4987,32.1095,1
23.6457,78.4134,31.0303,1
23.5997,79.0290,36.2998,1
23.6093,78.9348,36.8507,1
23.5734,78.7333,42.0679,1
23.8760,78.8485,42.6949,1
24.3767,78.8534,46.7075,2
23.9005,79.0057,47.3418,2
24.0695,79.6109,51.7750,2
23.8460,79.4097,52.3706,2
24.1053,79.1366,58.5132,2
24.3300,79.0473,57.0218,2
23.8073,79.6032,62.4508,2
24.0467,78.1930,62.4823,2
24.1248,78.9582,68.2328,2
23.7845,78.3484,68.7678,2
23.8907,78.4908,73.6993,2
24.0636,78.8872,73.7422,2
23.9550,78.7353,78.9745,2
24.0944,79.2578,79.3427,2
23.8123,79.1382,84.4433,2
23.8054,78.8081,84.5504,2
24.2227,78.4039,90.2937,2
24.1802,79.0071,89.3533,2
24.0255,78.7552,94.6480,2
23.6524,78.4249,95.9030,2
23.9600,79.0085,99.9846,2
23.7818,78.8552,100.0000,2
23.9080,82.9322,0.2397,2
23.9850,83.2758,0.3525,2
23.9133,83.1072,6.0044,2
23.7586,82.5958,5.5409,2
23.8215,82.8347,10.9689,2
23.9184,82.7788,11.4938,2
23.6252,83.1319,14.8448,2
24.0015,82.9656,16.1991,2
23.9439,83.5631,20.8378,2
23.6265,83.2291,20.9264,2
23.5835,82.8413,25.9472,2
24.2584,83.3701,26.1419,1
24.0415,82.5461,31.2965,1
24.0276,83.2075,31.3093,1
23.9397,83.2593,36.8374,1
24.1196,83.2535,37.0977,1
24.2901,83.4061,42.9757,1
23.8130,82.6802,42.0351,1
23.9022,83.5957,46.8034,2
23.9316,83.2794,47.4185,2
23.9131,83.2655,53.1711,2
24.2545,83.1677,52.2237,2
24.2543,82.8346,58.7900,2
24.2162,83.6047,58.2374,2
23.5249,82.8462,63.3113,2
23.8122,83.0633,63.4643,2
23.9134,82.7922,68.8639,2
24.0503,83.0832,68.7767,2
23.9664,83.5573,73.7598,2
24.2122,82.5958,73.9138,2
23.8678,82.9002,79.5266,2
24.1252,82.5560,79.3051,2
24.0662,82.9410,83.7929,2
23.6293,83.0566,84.1218,2
24.1068,83.2387,88.9437,2
23.9951,83.0817,89.0063,2
23.6295,83.3453,94.9600,2
24.0587,82.9394,94.8224,2
23.6723,82.8619,100.0000,2
23.9998,82.6693,99.4712,2
23.8743,87.6560,0.0000,2
23.9755,87.4420,0.0000,2
24.0010,86.9649,4.9353,2
24.2342,87.8198,5.6846,2
24.1674,86.8206,10.0520,2
23.8851,88.0931,10.3698,2
24.0963,87.4819,15.9675,2
23.9427,87.0084,14.4389,2
24.2037,87.1835,20.1191,2
24.0350,87.4941,21.4366,2
24.1705,87.0927,25.8783,2
23.8836,87.6149,25.2645,2
23.9730,87.6481,32.0244,1
24.0891,87.6873,30.2054,1
24.2701,87.4675,37.5094,1
23.7124,86.8423,37.7353,1
23.7621,87.2752,42.3690,1
24.1019,87.6919,42.2170,1
23.7365,87.5804,47.7297,2
23.5844,87.7940,46.1249,2
24.1543,87.1782,52.9843,2
24.0494,87.3573,52.8571,2
23.9301,87.5826,58.9874,2
23.6791,86.4120,57.6869,2
23.8506,87.2551,62.6947,2
24.1219,86.9540,63.3833,2
24.0751,87.4634,68.6646,2
24.1372,87.3845,68.2478,2
24.0446,87.5485,74.1291,2
23.6049,87.3134,73.1515,2
24.0596,87.5864,78.8102,2
23.8015,87.5475,78.8807,2
24.2327,87.9003,84.7109,2
23.9939,87.9161,84.3309,2
23.8515,87.1658,89.1219,2
23.9461,87.5073,88.7661,2
23.8576,87.4323,95.0587,2
23.9422,87.4418,94.1176,2
23.7650,87.3502,100.0000,2
23.9936,87.1138,99.8817,2
24.2497,91.7422,0.0000,2
23.7422,91.3649,0.0033,2
24.0026,91.7486,5.4572,2
23.8733,91.4256,6.2867,2
23.8361,91.1914,9.7070,2
23.8767,91.8609,10.2383,2
24.2429,91.5768,16.3443,2
23.7958,91.3563,15.8350,2
24.0439,91.5253,21.1989,2
24.0651,91.1528,20.8822,2
23.8436,91.4379,26.5192,2
23.8464,90.9774,26.1975,2
23.7345,91.7278,31.9818,1
23.5124,91.3467,31.7556,1
23.6656,91.8137,37.3668,1
23.9150,91.3468,35.6868,1
24.1102,92.1797,43.0031,2
23.9084,91.2511,42.5241,1
23.9220,91.7224,47.5198,2
23.9660,91.8875,47.9013,2
23.8428,91.3020,51.3820,2
23.8781,91.2509,52.8412,2
23.8802,91.5107,58.3007,2
24.0268,91.5439,58.7379,2
24.0950,91.4542,62.9723,2
24.1050,91.6398,62.5973,2
24.1263,91.9561,69.0117,2
24.2559,92.1997,69.2860,2
24.0155,91.5164,72.7694,2
23.9495,91.7347,73.7060,2
23.5697,91.4930,79.2700,2
23.7422,91.6287,79.1632,2
24.1710,92.0927,84.0216,2
23.9841,91.6435,84.5352,2
24.0548,92.0064,88.3080,2
24.0310,91.7252,89.3561,2
23.4946,91.5606,94.3816,2
24.2830,91.6915,94.3391,2
23.5368,91.7561,100.0000,2
23.9042,91.7600,99.8259,2
24.1608,96.0873,0.0000,2
23.6683,96.3989,0.4661,2
23.6949,95.3184,5.3670,2
23.7189,95.6945,5.2395,2
23.9293,96.1274,11.4437,2
23.8516,95.4503,10.7207,2
24.2737,95.6685,16.2147,2
23.7799,95.7959,15.2085,2
23.9495,95.7545,21.3567,2
24.3030,95.6728,20.0528,2
23.9069,95.8793,26.4167,2
23.9159,96.2358,26.3839,2
23.9264,95.5562,30.7056,1
24.0132,95.8631,31.0493,1
23.9385,95.7463,36.5299,1
23.7887,95.9110,36.7292,1
23.8292,95.5310,42.0403,1
24.1323,95.8515,41.9867,1
24.0091,96.1988,47.6136,2
23.9994,95.9810,47.2894,2
23.9842,95.6428,51.8563,2
24.0159,95.8935,52.4877,2
24.1545,95.5730,57.0090,2
23.8079,95.3272,58.0638,2
23.7970,96.0849,63.6398,2
23.7624,95.5470,63.4251,2
24.1433,95.1857,68.5619,2
23.5079,95.6249,68.9679,2
24.5493,95.7178,73.0607,2
23.8447,95.8093,73.3491,2
23.7624,95.6614,79.1452,2
23.9135,95.5250,78.6123,2
23.8646,95.4896,83.8570,2
24.0761,95.7204,83.3338,2
24.1524,95.9145,88.7821,2
23.8743,95.5518,89.8121,2
23.8730,95.7676,94.6422,2
23.6513,96.2111,95.0680,2
23.7979,95.8470,100.0000,2
23.9585,96.2565,100.0000,2
23.9221,99.8252,0.0000,2
23.5047,100.3744,0.0000,2
24.1224,100.3229,4.7227,2
23.7612,100.5234,5.2281,2
23.8153,99.6864,10.4556,2
24.2489,100.2056,10.6172,2
24.2651,100.4187,15.9565,2
24.5026,99.9258,16.3385,2
23.8688,100.2709,20.9284,2
24.0396,100.7170,21.5286,2
24.0427,99.7676,26.4099,2
23.7458,100.2661,26.7467,2
23.9114,100.4991,32.3404,1
23.9773,100.1697,31.2847,1
23.8929,99.6766,36.6029,1
23.9265,99.5019,37.1305,1
24.1518,99.9976,40.7566,1
23.8968,99.5820,41.8005,1
24.2378,99.2697,46.9602,2
24.1133,99.7894,46.9792,2
24.3538,100.1135,53.0987,2
24.0463,100.0485,53.2636,2
24.3284,99.4949,57.8771,2
23.9387,99.8712,58.3853,2
23.9987,100.5776,63.7080,2
24.2203,99.6403,62.7549,2
23.8026,100.3969,67.9375,2
23.7598,99.6636,69.7976,2
23.9189,100.1590,73.1139,2
24.1392,99.4679,73.1947,2
23.8011,100.0657,78.5508,2
24.2522,100.1510,78.6026,2
24.1469,99.8820,83.9153,2
24.1265,99.2642,84.5779,2
23.8047,99.7856,90.4528,2
23.8411,100.2868,89.6133,2
24.0240,99.9248,94.5855,2
24.2530,100.2791,94.4870,2
23.7382,99.8247,100.0000,2
24.1831,100.1665,99.1916,2
26.4665,20.3911,0.0868,3
26.7118,19.6037,0.3424,3
26.1117,20.3176,5.5696,3
26.6761,20.1499,5.0612,3
26.2176,19.9249,10.2710,2
26.5852,20.3827,9.7780,3
26.3235,20.0187,15.3988,2
26.4034,20.4383,16.2354,2
26.5852,19.7845,21.0709,2
26.1627,20.0718,21.2174,2
26.5078,20.3940,26.6603,2
26.1438,19.5943,26.5758,2
26.6159,19.9926,30.8153,1
26.7327,20.1468,31.6645,1
26.0822,20.0049,37.1855,1
26.4164,19.7960,36.8136,1
26.1926,20.4992,42.5527,2
26.2109,19.6495,42.2442,2
26.2172,19.8745,46.8008,2
26.1135,20.0488,47.2350,2
26.8151,20.1783,52.0557,2
26.0087,20.1195,52.4331,2
26.5821,20.0846,56.9035,3
26.1119,19.7974,58.1158,3
26.1052,20.0458,62.4898,3
26.3170,20.1110,63.8886,3
26.3649,19.7550,69.1676,3
26.2792,20.2321,68.1146,3
26.3339,19.7596,73.8453,3
26.4766,19.8516,73.4087,3
26.3872,19.7525,78.1884,3
26.3864,19.9677,78.8829,3
26.4200,20.1982,84.1300,3
26.0913,19.8084,84.5030,3
26.3431,19.8351,89.0815,3
26.4394,19.9335,89.8500,3
26.4917,19.9061,95.2117,3
26.3435,20.0803,93.6425,3
26.1216,19.7250,99.8407,3
26.3387,20.0466,100.0000,3
26.1788,24.4179,0.9046,3
26.2451,24.0114,0.0000,3
26.3329,24.0528,4.3980,3
26.0244,24.5166,5.9041,3
26.6358,24.2784,10.0309,3
26.2282,23.7631,9.7614,2
26.3668,24.3722,16.7687,2
26.2992,23.8032,15.7285,2
26.2593,24.0632,21.2245,2
26.0729,24.2497,21.3784,2
26.5997,24.3036,26.8373,2
26.2270,24.1192,26.9897,2
26.0415,24.0896,32.1432,1
26.2736,24.1248,31.4463,1
26.3392,24.5364,37.3042,1
26.3181,24.5382,37.0130,1
26.4876,23.9020,42.9745,2
26.3598,23.3860,42.9350,2
26.3168,24.0919,47.0656,2
26.4037,23.9440,47.0800,2
26.2052,24.1229,52.3740,2
26.4864,24.2918,52.8281,2
26.4379,24.1826,57.3846,3
26.6768,24.4888,58.7011,3
26.5227,24.0724,61.9839,3
26.0700,24.4015,63.1070,3
26.2318,23.4619,68.4145,3
26.0994,23.9932,68.8461,3
26.1100,23.9304,73.7770,3
26.4903,24.0897,74.4178,3
26.0601,23.7743,78.1777,3
25.9854,24.3115,78.4585,3
26.0338,24.3245,84.6225,3
26.5260,24.4731,83.7515,3
26.3710,24.3596,89.2362,3
26.3487,23.8350,89.1599,3
26.3901,24.6628,95.3126,3
26.4480,24.2344,94.6992,3
26.0263,23.9599,99.5986,3
26.4307,24.4940,100.0000,3
26.5523,28.4427,0.0000,3
26.3058,28.2036,0.3289,3
26.2440,28.3915,5.6100,3
26.1676,28.7102,4.5894,3
26.3771,28.3938,10.9400,2
26.0409,27.9618,10.9013,2
26.2376,28.3938,15.4596,2
26.4984,28.5108,15.9098,2
26.0819,28.5715,20.5565,2
26.1841,28.0114,20.9744,2
26.5287,28.4891,26.0949,2
26.3376,28.4521,26.3488,2
26.3513,28.1091,31.6322,1
25.9647,28.5937,31.0276,1
26.5513,27.6875,37.6793,1
25.9879,28.0611,36.9916,1
26.4395,28.3360,42.5516,2
26.1565,28.3011,41.9542,2
26.2081,27.8408,47.3561,2
26.2928,28.7445,46.7254,2
26.1879,28.7821,52.7782,2
26.4257,28.5571,52.8605,2
26.6800,28.4485,57.3891,3
26.4435,28.2511,57.8398,3
26.3898,28.1746,62.9027,3
26.4110,28.2565,63.6446,3
26.1186,28.1242,69.3741,3
26.0097,28.4130,69.3468,3
26.3101,28.8251,74.0104,3
26.3143,28.3819,72.6245,3
26.2520,28.4907,79.0632,3
26.8090,28.5053,79.2624,3
26.5488,28.5832,84.1675,3
26.2996,28.3159,84.4326,3
26.2817,28.6085,88.9691,3
26.3452,28.8867,89.3614,3
26.6844,28.4702,94.7086,3
26.3391,28.3276,93.7466,3
26.4918,29.0789,100.0000,3
26.4241,28.3663,100.0000,3
26.3079,32.7117,0.0000,3
26.2099,32.7418,0.4536,3
26.5028,32.1578,4.5243,3
26.4326,32.4075,5.7105,3
25.9898,32.6021,10.5092,2
26.4119,32.3222,9.5429,2
26.3500,32.7895,16.2932,2
26.2441,32.8643,16.0324,2
26.5803,32.6150,20.1877,2
26.3023,32.6581,21.3117,2
26.0093,32.5380,26.7498,2
26.2950,32.5399,27.2690,2
26.1018,33.0015,32.0896,1
26.2708,32.6217,31.5607,1
26.3522,32.4532,36.6280,1
26.2447,32.5346,36.6867,1
25.8676,32.6609,41.8415,1
25.9424,32.5266,41.9148,2
26.5708,32.4698,47.7023,2
26.5924,32.4432,47.3447,2
26.6615,32.7003,52.8185,2
26.2343,32.8377,52.6118,2
25.9494,32.5250,57.3031,2
26.3382,32.3565,58.1338,3
26.3247,32.2572,62.9116,3
26.4399,32.9760,62.7067,3
26.0963,33.2169,68.4162,3
26.3341,32.4098,68.5287,3
26.6588,32.7079,74.2167,3
26.3216,32.3238,73.3426,3
26.0922,32.6969,79.5593,3
26.3480,32.5392,78.5526,3
26.3869,32.2601,83.6435,3
26.4958,32.5483,84.0618,3
26.2820,32.8493,89.5564,3
26.1672,32.4195,89.3761,3
26.3762,32.6209,94.6746,3
26.3250,32.6207,94.3466,3
26.5372,32.4869,100.0000,3
25.9037,32.5670,99.4502,3
26.1200,37.5688,0.1248,3
26.5610,37.0987,0.4916,3
26.2760,37.3240,5.6865,3
26.3241,36.9211,5.1948,3
26.3262,36.8290,10.7171,2
26.6638,36.4805,11.0975,2
26.2421,37.2230,15.6228,2
26.3983,36.7945,14.9242,2
26.6636,36.5593,21.0946,2
26.1053,36.4410,20.9502,2
26.1971,36.4915,26.2981,2
26.0194,36.8797,26.2521,2
25.8197,36.6852,31.8132,1
26.1031,36.9956,31.7953,1
26.1122,36.8384,37.2546,1
26.1405,36.7804,37.4172,1
26.1443,36.9799,41.5657,1
26.2836,36.9761,40.9030,1
26.2089,36.9709,47.4813,2
26.2113,36.5107,47.6827,2
26.2513,37.0057,52.8217,2
26.2263,37.1639,52.3344,2
26.5539,37.2385,58.4198,2
26.2797,37.6062,57.9707,2
26.3640,36.8355,62.5930,3
26.5748,36.6704,63.6177,3
26.5477,37.0231,68.0751,3
26.2476,36.0390,68.3628,3
26.4763,36.7709,73.3892,3
26.2562,37.2067,73.6570,3
26.6874,36.6709,79.0560,3
26.2291,37.4645,79.0372,3
26.7414,36.7161,84.9743,3
26.3394,37.0931,83.6007,3
26.3855,36.5214,89.6022,3
26.0121,36.8139,90.0215,3
26.4253,36.4719,93.7877,3
26.4152,37.3165,94.2549,3
26.7353,36.8402,99.0207,3
26.0036,37.0731,100.0000,2
26.6122,40.6932,0.0592,3
26.3171,41.0097,0.0000,2
26.2432,41.1050,5.4144,2
26.3663,41.4144,4.6625,2
25.9535,41.3577,10.0546,2
26.2399,40.8690,10.2096,2
26.0241,40.8818,16.1141,2
26.3150,41.2040,15.5414,2
26.4964,40.9001,19.9984,2
26.3791,41.2828,20.7730,2
26.5556,40.7974,26.6512,2
26.6647,41.0637,26.2025,2
26.2947,41.5411,31.7803,1
26.7446,41.1364,31.2520,1
26.1991,41.0711,35.8214,1
26.2208,40.9168,36.9620,1
26.7042,41.0691,41.1439,1
26.1330,41.1313,42.1518,1
26.6407,41.3407,47.8335,2
26.2724,41.3824,46.9205,2
26.5094,40.9679,51.9076,2
26.4344,41.4719,52.4283,2
26.6283,40.5559,57.2963,2
26.2864,40.9414,57.5612,2
26.3425,40.8941,62.9784,2
26.3715,40.8524,63.1049,2
26.1867,40.6909,68.8029,2
26.6573,41.3720,68.5869,3
26.1875,40.9666,74.2127,2
25.8595,40.9437,74.0513,2
26.0881,41.1796,79.1359,2
26.0249,41.0787,78.6386,2
26.3990,41.2536,84.4100,2
26.3303,41.1393,83.6225,2
26.3096,40.8137,89.9895,2
26.4524,41.2568,90.3304,2
26.2498,40.8879,94.5600,2
25.9953,40.5956,95.0474,2
26.0368,40.7302,99.9491,2
26.2333,41.3183,100.0000,2
26.1561,45.5546,0.3644,2
26.0336,45.3388,0.0000,2
26.1675,45.8240,5.3253,2
26.2723,45.2886,5.7003,2
26.1755,45.1039,10.8547,2
26.0125,45.5604,9.7237,2
26.2666,44.7835,15.2613,2
26.5753,45.5765,16.3651,2
26.0260,44.9478,21.2226,2
26.4589,45.0233,20.7632,2
26.0895,45.7606,26.0783,2
26.3220,45.2882,26.8686,2
26.1253,45.6136,30.9396,1
26.5489,44.7486,31.5267,1
26.6409,45.4723,37.0527,1
26.1061,45.0427,37.5143,1
26.4103,45.5302,42.1422,1
26.2594,45.4932,42.2349,1
26.2818,44.8390,47.8454,2
26.4038,45.0813,47.9580,2
26.3646,45.3422,53.0735,2
26.4495,45.3513,52.5373,2
26.7125,45.0430,58.2677,2
26.2990,45.3996,58.5114,2
26.2535,45.4437,63.2907,2
26.1875,45.6406,63.5135,2
26.2289,45.5942,68.0053,2
26.3100,45.1344,68.7967,2
26.2199,45.4907,73.9814,2
26.2407,45.8121,73.3116,2
26.0340,45.5200,77.8727,2
26.6142,45.2937,78.2339,2
26.1261,44.7729,84.4020,2
26.0504,45.4138,84.0581,2
26.2207,45.4160,89.7854,2
26.5450,45.0730,89.4588,2
26.1887,45.3121,94.3477,2
26.2310,45.1375,94.8835,2
26.3164,45.4150,99.9465,2
26.1998,45.3205,99.5414,2
26.4296,49.3880,0.1023,2
26.3598,49.9541,0.1908,2
26.3304,49.2660,5.6644,2
26.2617,49.0160,5.1656,2
26.3541,49.2281,10.4672,2
26.3015,49.4569,11.1436,2
26.0535,50.0838,15.7731,2
26.4318,49.5120,14.9265,2
26.1045,49.3164,21.5495,2
26.0389,49.2170,21.1351,2
26.4104,49.6065,25.8238,2
25.9962,49.6354,27.0324,1
26.2467,49.1303,31.3640,1
26.3946,49.4037,32.2825,1
26.5008,49.5290,35.8649,1
26.1773,49.3093,36.4688,1
26.3540,49.5371,41.2682,1
26.4767,49.4785,42.2841,1
26.4648,49.2436,47.9979,2
26.2874,49.9274,46.9215,2
26.6034,49.2025,53.9060,2
26.1254,49.7907,52.4504,2
26.4588,49.4615,57.3491,2
25.7564,50.2260,57.9312,2
25.7271,49.5645,63.5027,2
26.1728,49.2612,63.1480,2
26.5563,49.5037,69.1527,2
26.5420,49.4050,67.6358,2
26.2705,49.6316,73.7142,2
26.4427,49.7327,73.9496,2
26.2607,49.6297,80.0651,2
26.0178,49.6199,79.8634,2
26.0809,49.7740,84.7779,2
26.0204,49.6874,84.0749,2
26.3037,49.3762,90.1300,2
26.2934,49.3347,89.2505,2
26.2476,49.1498,94.5008,2
26.3393,49.5950,95.3389,2
26.3640,49.3313,99.4945,2
26.3747,49.4385,99.9578,2
26.3683,53.8400,0.1349,2
26.2817,53.4438,0.0000,2
26.4854,53.5571,4.5901,2
26.5477,53.4015,5.2808,2
26.4140,53.6852,9.2872,2
26.3939,54.0821,10.9196,2
25.8910,54.3224,15.1265,2
26.1001,53.9188,16.0159,2
26.3319,53.5134,21.7181,2
26.3079,53.2145,21.6688,2
26.3596,54.0187,26.6021,1
26.7941,53.5912,26.3238,1
26.4598,53.5931,31.9803,1
25.7263,53.6624,31.5275,1
26.2879,53.4211,37.2952,1
26.2149,53.7443,36.8235,1
26.4159,54.1135,42.2028,1
26.4841,53.7277,41.8523,1
26.2875,53.5991,47.6525,2
26.3371,53.4459,47.2574,2
26.0106,53.6288,52.6322,2
26.6775,54.0887,52.1145,2
26.3561,53.7500,57.7795,2
26.2825,53.5780,58.8311,2
26.2326,53.7865,61.8934,2
26.4805,54.0395,62.6319,2
26.2134,53.8197,68.4308,2
26.4091,53.5980,69.3527,2
26.1818,54.4917,74.3052,2
26.4822,53.3721,74.1391,2
26.4366,53.0483,78.2451,2
26.3873,53.6442,78.6891,2
26.5316,53.4191,83.9829,2
26.1864,53.8373,83.3508,2
26.2163,53.1674,89.3172,2
26.4604,53.9065,89.1099,2
26.4225,53.6287,95.4174,2
26.2898,52.7923,95.1842,2
26.2240,53.6020,100.0000,2
26.0308,53.7066,100.0000,2
26.3886,57.7151,0.4960,2
26.1163,57.7071,0.0000,2
26.3749,57.7974,5.8775,2
26.3748,57.9174,5.3932,2
26.4624,57.9670,9.6216,2
26.5337,57.9306,10.8687,2
26.2346,57.3467,14.6500,2
26.1269,58.0499,16.4384,2
26.3762,57.5791,20.6606,2
26.5879,57.5015,22.1035,2
26.6910,58.5352,26.5061,1
26.2475,58.0016,26.7701,1
26.1856,57.5644,31.4370,1
26.1613,58.2670,31.2707,1
26.3349,58.1896,37.4820,1
26.3575,58.0100,36.3336,1
26.5204,58.2738,41.1701,1
26.6684,57.6845,42.4026,1
26.3313,57.8766,47.2652,2
26.1173,58.0519,47.2254,2
26.0539,57.5842,51.9854,2
26.2109,58.0403,52.2760,2
26.5109,57.8590,57.7500,2
26.3191,58.3133,57.2091,2
26.6471,58.1828,63.1471,2
26.5524,57.7980,63.3007,2
26.2075,58.1847,68.0674,2
26.3055,58.0985,68.9451,2
26.1516,58.1207,73.1932,2
25.8857,57.6703,74.1015,2
26.3133,57.7342,78.9751,2
26.3203,58.0813,78.1415,2
26.2953,57.9320,83.5278,2
26.0400,57.7853,84.2148,2
26.3182,57.7278,89.1750,2
26.2368,57.9843,90.0960,2
25.8717,58.0816,94.6813,2
26.4209,58.2504,94.3593,2
26.5047,57.5185,100.0000,2
26.2673,57.9086,99.5055,2
26.4032,62.5812,0.0000,2
26.3537,62.3620,0.0000,2
26.5879,61.9764,5.2050,2
26.1172,62.1432,5.2647,2
26.4430,61.9144,10.1853,2
26.4083,62.5244,10.8408,2
26.6853,62.2719,16.0491,2
26.4516,62.5517,16.4083,2
26.0988,62.3454,21.1853,2
26.2770,61.5734,20.2826,2
26.2429,61.6659,26.1439,1
26.4587,61.9310,26.3575,1
26.1018,62.1949,31.8330,1
26.0312,61.8797,30.9454,1
26.4176,62.1545,36.8172,1
26.2901,62.2021,37.0135,1
26.2167,61.9146,42.0758,1
26.2778,62.7235,41.9133,1
26.3737,62.2450,48.0687,2
26.1536,62.5072,47.2947,1
26.8161,62.2140,52.0171,2
26.2764,62.5061,52.6723,2
26.3039,62.3210,57.7222,2
26.2736,61.8219,58.7591,2
26.0713,62.1561,63.3978,2
26.3131,61.7291,62.6585,2
26.4203,61.8713,67.3850,2
26.3932,61.8435,68.7367,2
26.2755,62.0303,73.7103,2
26.0881,61.8576,73.5542,2
26.0869,62.3194,78.7937,2
26.0259,61.9376,78.9980,2
26.2266,62.2252,84.4975,2
26.7961,62.4505,83.3923,2
26.2437,62.0253,89.7612,2
26.1291,61.9459,88.8515,2
26.1953,61.9358,94.5803,2
26.0785,62.3999,94.9729,2
26.0260,62.1131,99.2174,2
26.5842,62.5895,99.9721,2
26.1453,66.1165,0.0000,2
26.2944,66.7269,0.4778,2
26.5100,66.3670,4.6864,2
26.1618,66.3340,4.6626,2
26.3766,66.5573,10.7990,2
26.4168,65.7559,11.1930,2
26.0023,66.2700,16.0987,2
26.3875,65.9324,15.2403,2
26.3732,66.4690,20.4990,2
26.3943,65.8612,21.3648,2
26.1390,66.3399,26.2721,1
26.5479,66.3884,26.0162,1
26.3877,66.9585,31.9490,1
26.3040,66.0657,31.2707,1
26.4518,66.0500,36.8434,1
26.6033,66.3609,36.3025,1
26.7514,66.8445,42.3559,1
26.5709,66.2357,42.4675,1
26.2311,65.9092,48.6644,2
26.0345,66.4051,47.5114,1
26.4190,66.2889,52.5920,2
26.3435,66.4597,52.6307,2
26.3021,65.9195,58.9016,2
26.4229,66.3785,57.5825,2
26.1151,66.5738,63.0780,2
26.4400,65.9101,63.9313,2
26.4961,66.2915,68.6549,2
26.4640,65.9147,69.2600,2
26.4124,66.1046,73.1359,2
26.5132,66.3791,73.9255,2
26.3211,66.0150,79.2017,2
26.2763,66.3093,80.1359,2
26.4896,66.5938,85.5708,2
26.3927,66.3517,83.8709,2
26.2253,65.7017,89.8689,2
26.0624,66.5866,89.4522,2
26.3414,66.3031,95.4299,2
26.5577,66.3071,94.2873,2
26.5006,66.0234,99.2226,2
26.4155,66.6813,99.7975,2
26.3967,70.4016,0.3610,2
26.5348,70.4475,0.0000,2
26.0244,70.8040,4.6949,2
26.3902,70.7595,5.0125,2
26.2825,70.8260,10.1222,2
26.1338,70.4560,11.1653,2
26.6379,70.4967,15.4334,2
26.5286,70.0255,15.9133,2
26.3070,70.9145,21.7501,2
26.1273,70.5766,20.7673,2
26.2571,70.7115,26.1483,1
26.3546,70.8135,27.0734,1
26.3735,70.5616,31.0253,1
26.6329,70.6750,31.6471,1
26.3328,70.6345,37.2280,1
26.4949,71.0096,36.9635,1
26.6666,70.8436,42.0752,1
25.9823,70.5520,42.8845,1
26.1607,70.5511,47.4510,2
26.5042,70.4100,46.9337,2
26.4298,70.3033,51.7138,2
26.6839,70.8044,53.5733,2
26.4906,70.7304,58.0795,2
26.2786,70.6799,57.6181,2
26.1019,70.4267,63.8036,2
26.0693,70.1614,63.4535,2
26.2328,70.6720,68.9160,2
26.4081,70.3366,69.0625,2
26.4642,70.5344,73.6734,2
26.3906,70.4327,72.8686,2
26.4658,70.7335,77.7968,2
26.4179,71.0533,78.3836,2
26.3011,70.4717,85.0407,2
26.5400,70.2628,84.3816,2
26.7763,70.3389,89.4681,2
26.4185,70.3433,90.3553,2
26.2213,70.1096,94.4743,2
26.4464,70.2869,94.8879,2
26.4283,70.1636,99.7181,2
26.3856,70.7370,99.7306,2
26.3461,74.6517,0.3639,2
26.4197,74.6248,0.2392,2
26.2333,74.8741,5.4988,2
26.7900,74.6360,5.1925,2
26.1863,74.4270,10.2981,2
26.4488,74.9581,10.6742,2
26.2566,74.5888,15.3311,2
26.2044,74.3483,16.4684,2
26.6832,74.1561,21.1973,2
26.3703,74.7995,20.7563,2
26.5203,74.8600,26.8328,1
26.1683,74.3219,26.5332,1
26.1232,75.0532,30.5156,1
26.2221,74.5521,31.4128,1
26.3680,74.8557,37.1620,1
26.4668,74.6854,37.8965,1
26.5932,74.6432,42.0368,1
26.2492,74.8458,41.6193,1
26.1579,74.0866,47.1691,2
26.5287,74.6912,47.3203,2
26.3714,74.4362,52.6442,2
26.4939,74.8288,53.1207,2
26.5686,74.9356,57.5381,2
26.2470,75.3163,58.0518,2
26.3520,74.4789,63.1122,2
26.4591,74.7413,62.8982,2
26.2583,75.0944,68.7549,2
26.4226,74.8691,67.8295,2
26.3703,75.0572,73.5537,2
26.5113,74.9004,74.0980,2
26.3260,75.0028,78.2150,2
26.3224,74.9507,79.0955,2
26.5349,74.6897,83.9368,2
25.9880,74.6550,84.4690,2
26.4680,74.3171,90.0613,2
26.1209,74.7005,89.1893,2
26.3992,74.7651,95.0758,2
26.6846,74.8562,94.4485,2
26.4080,75.3204,100.0000,2
26.5049,74.2588,100.0000,2
26.2622,78.7433,0.0000,2
26.3375,78.7600,0.0942,2
26.2811,79.1581,5.3769,2
26.3910,79.2412,5.5406,2
26.3146,78.3213,10.7832,2
26.1334,78.9215,10.7118,2
26.5824,79.5001,15.3289,2
26.0526,79.0451,15.9107,2
26.0754,78.9424,21.3514,2
26.0698,78.6490,20.7306,2
26.2733,79.1556,26.1525,2
26.3269,79.6212,25.8376,2
26.1852,79.1508,32.0730,1
26.3988,79.4901,31.7377,1
25.9206,78.9765,36.5566,1
26.5926,79.2368,36.0473,1
26.5859,79.2292,41.9430,1
26.3001,79.3650,41.1195,1
26.4049,79.2754,47.3241,2
26.4454,78.9783,46.9764,2
26.1540,79.1609,52.3137,2
26.0109,78.9841,52.3750,2
26.0760,78.9689,58.2784,2
26.3198,78.6275,58.1356,2
26.5228,79.6113,63.8788,2
26.1147,79.2048,63.2862,2
26.0854,79.0325,69.3804,2
26.5550,78.6433,68.4279,2
26.4141,78.4284,72.8365,2
26.3467,78.9977,72.7648,2
26.3934,79.2735,78.8382,2
26.3278,79.1188,79.1669,2
25.9821,78.6758,84.0126,2
26.1436,79.3875,84.5278,2
26.0938,78.8831,90.0389,2
26.1865,79.2028,90.1653,2
26.5590,79.0015,95.3624,2
26.2113,79.6931,94.8573,2
26.5451,78.8388,100.0000,2
26.4245,78.6687,99.5208,2
26.2749,83.4895,0.0000,2
26.2432,83.5509,0.0000,2
26.5666,82.8196,4.8049,2
26.2863,83.7199,4.9432,2
25.9692,82.7373,10.9923,2
26.0448,83.5143,10.5612,2
26.3093,83.2471,15.3890,2
26.3434,82.8000,16.4639,2
26.1103,83.2896,20.5353,2
26.2091,83.0457,22.5433,2
26.3129,82.9114,26.0935,2
26.0149,83.1091,27.2413,1
26.3830,83.4289,31.1240,1
26.2751,83.2191,31.2163,1
26.3958,83.3425,37.1135,1
26.2856,83.4852,36.7133,1
26.2460,83.5904,41.5518,1
25.9752,82.8976,42.2989,1
26.5725,82.9597,48.2758,2
26.3212,83.1232,46.9435,2
26.7061,83.1128,51.9656,2
26.8073,83.2760,53.0310,2
26.6521,83.3422,58.3822,2
26.3267,83.3780,57.8777,2
26.3117,83.1938,62.9595,2
26.4167,83.3084,63.5674,2
26.4437,83.7579,68.9474,2
26.2743,83.2938,69.1274,2
26.1258,83.7622,73.2969,2
26.4958,83.1599,73.6587,2
26.0552,83.4301,78.3032,2
26.0272,83.5058,79.8422,2
26.1823,83.4588,84.6088,2
26.2975,83.5586,84.1287,2
26.4193,82.7818,88.8682,2
26.5496,83.3233,89.4025,2
26.6974,83.7271,94.9564,2
26.0247,83.1244,94.3205,2
26.3337,82.8770,99.4019,2
25.8633,83.2081,98.8506,2
26.2517,87.5767,0.0000,2
26.0988,87.3481,0.0000,2
26.3529,87.0586,5.2109,2
26.2465,87.3650,6.0807,2
26.3558,87.5198,10.2139,2
26.3604,87.2860,10.5411,2
26.4456,87.2184,15.5905,2
26.2185,87.2167,15.8761,2
26.2430,87.8178,22.3922,2
26.2022,87.4566,21.5716,2
26.2626,87.0701,27.1849,2
26.4530,87.4640,27.0410,2
26.4698,87.3540,31.0906,1
26.2171,87.7299,31.9200,1
26.2785,87.8984,36.7635,1
26.5133,87.4344,37.8086,1
26.4664,87.3823,42.0159,1
26.3127,87.1508,41.4219,1
26.3775,87.2084,47.1003,2
26.2980,87.3841,47.3721,2
26.6634,87.5671,53.6855,2
26.2280,87.6035,52.4399,2
26.2036,88.0121,57.5107,2
25.8694,87.1560,56.8906,2
26.1255,87.1108,63.1755,2
25.9059,87.7272,62.2200,2
26.2902,87.2712,68.8337,2
26.3861,87.7245,68.2403,3
26.2228,87.4923,74.1988,2
26.4808,87.4650,73.8005,3
26.3085,87.4914,79.9648,2
26.2673,87.2591,78.7268,2
26.3937,86.7319,84.1430,2
26.4919,87.2105,84.3039,3
26.7377,87.4679,88.3541,3
26.0338,87.2931,89.0718,2
26.3365,87.2800,95.3199,2
26.0975,87.3062,94.8455,2
26.3840,87.4125,98.7944,2
26.3324,87.3232,100.0000,2
26.4604,91.6512,0.1566,3
26.5863,91.9240,0.1377,3
26.7449,91.3905,4.6704,3
26.3136,91.4668,4.0305,3
26.1853,91.6820,10.4973,2
26.1605,91.5916,10.5879,2
26.4588,91.3865,16.2264,2
26.0977,91.4279,16.6390,2
26.1110,91.3813,20.4261,2
26.1503,91.6205,21.4059,2
26.3121,91.4815,25.6944,2
26.1704,91.1151,26.6841,2
26.4770,91.5668,31.7997,1
26.4910,91.6093,32.2758,1
26.1110,91.4743,36.6082,1
26.4452,91.1487,37.5661,1
26.4281,92.1040,42.0850,2
26.2057,91.7761,42.6205,2
26.1729,90.9797,46.4553,2
26.3681,92.0410,46.7180,2
26.2613,91.4744,53.5918,2
26.7675,91.7063,53.0806,2
26.4898,91.1948,58.2440,3
26.1119,91.5275,58.4646,2
26.3320,91.9097,63.8075,3
25.9644,90.9256,63.7389,3
26.5563,91.6559,68.6172,3
26.4944,91.8413,68.2690,3
26.5070,91.4750,73.8060,3
26.3558,91.3211,73.3127,3
26.7626,91.3114,79.1323,3
26.4317,91.5627,79.2831,3
26.3816,91.3179,84.4789,3
26.2068,92.1012,84.4251,3
26.1758,91.6816,89.0113,3
26.3673,91.5112,89.0602,3
26.1479,92.3094,94.7825,3
26.2294,91.3975,94.9724,3
26.1881,91.2506,99.9838,3
26.3078,91.4538,99.5544,3
26.2376,95.6486,0.0000,3
26.3711,96.4573,0.6659,3
26.7042,95.6192,6.1005,3
26.3612,96.0854,5.4920,3
26.2471,96.0053,10.7688,2
25.9622,95.7522,10.9625,2
26.3713,95.9303,15.4138,2
26.3670,95.7606,15.6877,2
26.1799,96.0639,21.2254,2
26.3647,96.4047,21.2895,2
26.5559,95.8714,26.1392,2
26.1040,95.8619,24.9840,2
26.3703,95.8841,31.4702,1
26.2973,95.4141,32.2717,1
26.2483,95.4978,37.1144,1
26.3379,95.6820,36.6101,1
26.3147,96.1932,42.3400,2
26.3089,96.0452,42.1190,2
26.3961,95.8348,47.6633,2
26.2270,95.4477,47.8218,2
26.6168,95.4619,52.7212,2
26.2260,96.0545,52.7549,2
26.9813,95.6990,58.6634,3
26.6427,95.9496,57.9133,3
26.3348,95.7925,63.7245,3
26.1413,95.7412,63.0168,3
25.9706,96.0471,68.9525,3
26.1889,96.0985,67.6292,3
26.3206,95.7516,73.7281,3
26.3323,95.7664,73.4903,3
26.2940,96.1984,78.6580,3
26.7669,95.5989,79.0674,3
26.4300,95.7020,84.9017,3
26.4248,95.7280,84.8962,3
26.1127,95.6198,89.7550,3
26.4761,95.8863,89.4101,3
26.2655,96.1289,94.8570,3
26.1413,95.5105,95.4936,3
26.1720,95.8713,100.0000,3
26.4242,95.5622,99.4921,3
26.6898,99.6877,0.0000,3
26.3903,99.9343,0.2869,3
26.0222,99.9369,5.6020,3
26.4520,99.8283,4.7523,3
26.3585,99.6063,11.1685,2
26.3473,99.7910,9.9991,2
26.1892,99.5314,16.0369,2
26.1552,100.1199,16.0582,2
26.5090,100.0756,21.6152,2
26.5930,100.0775,21.2119,2
26.2043,99.7037,26.9568,2
26.4369,100.2060,26.0204,2
26.6406,99.9314,31.1780,1
26.2011,100.4714,31.0234,1
26.1656,100.8696,37.3126,1
26.1692,99.6756,36.0058,1
26.3352,100.2184,42.8647,2
25.9370,99.6024,42.0455,2
26.8733,100.2658,47.5548,2
26.0708,99.3640,47.3878,2
26.2959,99.9197,52.4414,2
26.1661,99.7067,53.3263,2
26.1385,99.9172,57.8752,3
26.4570,99.7445,58.3838,3
26.1999,99.9514,63.9794,3
26.1219,100.2163,63.6602,3
26.3778,99.9647,69.4839,3
26.3130,100.0612,68.2528,3
26.3460,100.2892,73.5466,3
25.8941,100.1541,73.1450,3
26.4642,99.9996,79.4189,3
26.1261,99.8394,78.7774,3
26.0193,100.3334,83.3978,3
26.5353,100.1273,84.1111,3
26.3848,100.0953,89.2735,3
26.3754,100.2194,89.0013,3
26.3850,99.2121,93.7720,3
26.4287,99.8746,94.3101,3
26.3052,99.8812,99.5057,3
25.9880,99.4096,100.0000,3
28.5997,20.2909,0.0000,3
28.7552,19.9624,0.0222,3
28.7028,19.8663,4.6483,3
28.8374,20.4781,6.0928,3
28.5736,19.7800,10.2492,3
28.6490,19.9843,10.0274,3
28.3883,20.0150,14.0243,3
28.6641,19.7166,16.1796,3
28.8937,20.3214,20.8794,2
28.4572,19.7556,21.1964,2
28.3550,20.4181,26.1505,2
28.7842,19.4656,25.8528,2
28.3031,20.3064,31.4988,2
28.7985,20.0190,31.8132,2
28.6167,19.9389,36.7962,2
28.7653,20.1296,38.2478,2
29.0205,19.4664,42.0337,2
28.6030,20.3840,41.9474,2
28.7771,19.2989,46.6116,2
29.1027,20.0151,46.8692,2
28.7328,19.6841,52.4899,3
28.3937,19.7634,52.4234,3
28.9083,20.1392,58.2140,3
28.6791,20.2469,57.4580,3
28.5377,20.1223,63.0183,3
28.6814,19.9508,63.7846,3
28.9453,19.8122,67.5411,3
28.5419,19.7309,68.8369,3
28.8683,19.6907,73.3070,3
28.3884,20.0403,73.6618,3
28.8420,20.1491,79.2525,3
28.3758,19.8121,79.4218,3
28.5765,19.5117,84.6145,3
28.5688,20.3188,84.2013,3
28.6288,20.4090,88.8224,3
28.9711,19.8082,89.5549,3
28.7186,19.8719,94.3558,3
28.6102,19.6956,95.7178,3
28.5880,20.3477,100.0000,3
28.7568,19.9593,100.0000,3
28.7986,24.2407,0.0000,3
28.3205,24.6632,0.0000,3
28.7233,24.1400,5.3436,3
28.4562,24.3157,5.3662,3
29.2364,24.2495,11.2004,3
28.3845,24.5166,10.6395,3
28.7382,24.2956,16.6426,2
28.7352,23.9753,15.4815,3
28.8476,24.3448,20.2874,2
28.7871,23.8858,21.2718,2
28.5231,24.1261,26.0434,2
28.9880,24.3311,26.9463,2
29.2633,24.2246,32.3299,2
28.5443,24.5870,31.1752,2
28.6805,24.3716,37.1892,2
28.4297,23.9504,37.1478,2
28.6107,23.7913,42.0698,2
28.6604,24.2636,42.3699,2
28.7773,23.9801,47.1630,2
28.8698,24.0476,47.1709,2
28.3834,24.2019,52.8042,3
28.2891,23.8895,51.9207,2
28.8419,23.6368,57.8554,3
28.8278,24.2669,57.6748,3
28.7535,24.5216,63.1041,3
28.2364,24.5548,63.3580,3
28.6776,23.6164,68.2719,3
28.5091,23.8456,68.3528,3
28.5770,24.0695,74.0540,3
28.7353,24.0619,73.3730,3
28.5932,24.1363,79.2394,3
28.4757,24.6481,79.2398,3
28.1366,24.2361,84.7309,3
28.7620,24.0868,84.1800,3
28.7199,24.4414,88.7661,3
28.5632,24.7021,89.4902,3
28.9898,25.1062,94.4908,3
28.4448,24.1309,95.2863,3
28.9320,24.8921,99.9816,3
28.7818,23.9970,98.7465,3
28.6763,28.0749,0.3217,3
28.3079,28.1993,0.1338,3
28.7587,28.4068,6.1968,3
28.9981,28.2158,6.0679,3
29.0367,28.3839,10.5490,3
28.6741,28.2276,10.2535,3
28.9481,28.5523,15.5124,3
28.4990,28.1936,15.7075,3
28.8668,28.1630,21.5035,2
28.7236,28.4639,21.5655,2
28.8529,27.9997,25.7738,2
28.6383,28.5278,26.9981,2
28.6972,28.9322,31.2256,2
28.5767,28.3293,31.1703,2
28.9161,27.5901,36.5903,2
28.9139,28.3274,37.3785,2
29.1237,28.4452,42.6897,2
29.1680,28.5417,42.0812,2
28.8647,28.7763,47.3490,2
28.5874,28.9363,47.2331,2
28.9230,28.4999,53.5451,3
28.5144,28.1658,53.0588,3
28.4581,28.4560,58.6689,3
28.3272,28.5417,58.5006,3
28.6790,28.1429,63.0266,3
28.5165,28.4418,63.0195,3
28.5816,28.5609,69.2106,3
28.7498,28.8242,69.2105,3
28.5669,28.5035,73.4717,3
28.3878,28.5278,73.1581,3
28.7811,27.9543,79.0329,3
28.3701,28.6232,78.7507,3
28.5863,28.7590,84.0497,3
28.7064,28.3615,84.4642,3
28.8928,28.6717,89.2403,3
28.9260,28.1461,89.1024,3
28.6586,28.7351,94.1518,3
28.8625,28.4046,94.5200,3
28.9038,28.1803,100.0000,3
28.6489,28.4660,100.0000,3
28.7194,32.9882,0.0000,3
28.5957,32.7506,0.5407,3
28.8382,32.8344,5.7937,3
28.7792,31.9886,5.9843,3
28.5167,32.7257,10.6168,3
28.6937,32.2998,9.5570,3
28.4837,32.8795,15.0662,2
28.5082,32.7570,15.2758,2
28.5756,32.6561,21.1940,2
28.4748,32.6739,21.2521,2
28.4296,32.6960,25.9575,2
28.7090,32.8485,26.2277,2
28.8669,32.8688,32.0329,2
28.7648,32.9618,31.7715,2
28.3508,32.3940,36.7365,2
28.6668,32.7389,36.4386,2
29.0860,32.6008,42.1014,2
28.5501,32.3306,42.0421,2
28.6897,32.6055,48.1960,2
28.6589,32.6058,47.7761,2
28.6500,32.7934,51.9921,2
28.4300,32.6682,52.5158,2
28.5224,32.6681,57.9993,3
28.5422,32.4759,58.0030,3
28.4800,32.4504,63.4249,3
28.6794,32.4884,62.7064,3
28.4816,32.5921,69.4340,3
28.7974,32.2317,68.7747,3
28.5324,32.6301,73.3898,3
29.0888,32.2913,73.8410,3
28.5471,32.8532,79.0941,3
28.9351,32.8470,78.6006,3
29.2675,32.7982,83.9352,3
28.7253,32.8208,84.5069,3
28.7834,32.9215,89.9078,3
28.5147,33.2640,90.4581,3
28.8444,32.6432,94.7648,3
28.6195,32.5733,93.6434,3
28.9903,32.9848,99.1617,3
28.8622,32.6293,99.9005,3
28.7828,36.3193,0.0000,3
28.7001,36.8662,0.0000,3
28.7736,37.1600,5.4668,3
28.6384,37.6488,4.8009,3
28.8389,36.9151,11.5325,3
28.7616,37.0225,10.7792,3
28.4725,36.5814,15.6516,2
28.8757,36.9120,15.6861,2
28.9587,36.2474,20.4047,2
28.1849,37.2046,21.0043,2
28.8775,36.8093,26.8274,2
28.6589,36.9651,26.4475,2
28.7518,37.3475,30.7667,1
28.6705,36.9015,31.6031,1
28.6046,36.6817,37.6071,1
28.6701,37.5735,37.1062,1
28.6263,37.0079,42.1597,2
28.9526,36.4918,41.2047,2
28.7564,37.0928,47.5114,2
28.8187,36.9997,46.6282,2
28.7405,37.2371,52.7175,2
28.4222,36.7419,52.9100,2
29.0433,36.2552,58.0754,3
28.4978,36.9944,58.1887,3
28.6376,37.0316,63.7278,3
28.6513,36.4410,63.8707,3
28.8499,37.0112,68.0756,3
28.8813,37.4548,68.3604,3
28.7031,36.5225,73.3244,3
28.4693,36.8814,73.5138,3
28.7588,36.5745,78.8636,3
28.4935,36.8984,78.1312,3
28.7145,36.7585,84.3010,3
28.3538,37.0385,84.0612,3
28.7276,36.2811,88.8523,3
28.6062,37.2548,89.7373,3
28.7102,36.5648,94.1837,3
28.7395,37.0523,94.8413,3
29.0261,36.6374,100.0000,3
28.3456,36.9054,100.0000,3
28.4759,41.3053,0.7205,3
28.5463,41.1927,0.7898,3
28.7303,41.2886,4.3762,3
28.8036,41.2078,4.6001,3
28.4913,41.2338,10.3750,3
28.9066,41.1459,10.5545,3
28.6501,41.1404,16.1909,2
28.7910,40.9257,16.4092,2
28.8158,41.1682,21.0985,2
28.7842,40.5031,21.1733,2
29.0122,41.1186,26.3575,2
28.5650,41.2005,26.2183,2
28.9461,40.7935,31.3528,1
28.5640,41.6030,31.4841,1
28.5746,40.4255,36.3864,1
28.7898,41.2098,36.5165,1
28.5651,41.6106,43.4535,2
28.9142,41.5204,42.9910,2
29.1271,40.9621,46.9293,2
29.0509,40.7633,46.8541,2
28.4831,41.0132,51.6394,2
28.3976,40.8659,52.0336,2
28.8967,41.0546,58.1832,3
28.7777,40.9906,58.3888,3
28.7746,40.9571,62.3159,3
28.7883,40.6742,63.3480,3
28.7000,40.6445,68.5503,3
28.7225,41.1111,68.4946,3
28.5537,41.2301,73.3404,3
28.4693,41.2550,74.1524,3
28.8055,40.9905,77.9776,3
28.9805,40.4661,79.2404,3
29.1063,41.0975,84.3561,3
28.7601,41.1121,85.3858,3
28.5156,40.7620,89.3099,3
29.0324,40.8796,89.6888,3
28.8984,41.2863,95.2459,3
28.9678,41.1451,94.5083,3
28.7137,40.9509,100.0000,3
28.5777,41.1976,99.2496,3
28.7108,45.1770,0.3378,3
28.8246,45.6883,0.6688,3
28.6709,44.9798,4.8496,3
28.7448,45.3105,5.3921,3
28.5772,45.6943,9.7900,2
28.5661,44.9400,10.4218,2
28.9335,45.1768,15.8402,2
28.8171,45.1626,15.9808,2
28.7344,44.9239,20.8205,2
28.7551,45.6478,21.6933,2
29.1033,45.4088,26.1091,2
28.6714,45.2290,26.1118,2
28.7608,45.3920,30.9921,1
28.9018,44.7121,31.4677,1
28.9141,45.4454,36.6636,1
29.0780,45.1311,35.8411,1
28.7748,44.7296,41.6895,2
28.8088,45.1249,42.3956,2
28.4526,45.5207,46.5229,2
28.9479,45.1206,48.1340,2
28.5161,45.8406,52.1527,2
28.3254,45.2761,53.2486,2
28.8424,45.6120,58.3000,3
28.5202,45.4931,57.9412,3
28.5423,45.3170,63.1297,3
28.9674,45.1087,62.8771,3
28.5445,45.8322,68.0997,3
28.9436,44.9537,68.6744,3
28.7367,45.6332,74.2284,3
28.7006,45.1020,74.4967,3
28.5568,44.5828,78.0181,3
28.3612,45.4419,80.0546,3
28.2762,45.0284,84.2550,3
28.9933,45.0268,84.5059,3
28.6342,46.0453,89.5460,3
28.7553,45.2884,89.2663,3
28.8742,44.9155,93.7359,3
28.6542,45.5078,94.4465,3
28.7215,44.8969,100.0000,3
28.8146,45.2691,100.0000,3
28.4055,49.0690,0.0000,3
28.7870,49.6430,0.0000,3
28.8333,49.8999,5.2188,3
28.7461,49.4113,5.2000,3
28.7181,49.9847,10.9840,2
28.8492,49.3376,10.0772,2
28.7621,49.8468,16.6512,2
28.1937,50.2076,15.9980,2
28.8660,48.9517,20.9342,2
28.8488,49.1213,19.6085,2
28.7513,49.4587,27.0365,2
28.6522,49.4477,26.6646,2
28.8909,49.2611,32.0512,1
28.5799,49.4786,31.9143,1
28.8532,49.5692,36.3018,1
28.3102,49.4173,37.3277,1
28.7742,49.5463,42.1017,2
28.7460,49.1755,42.4954,2
28.8535,49.3671,47.5869,2
28.3409,49.5277,47.3019,2
28.9361,49.4141,53.0659,2
28.6060,48.7879,52.5188,2
28.7236,49.5189,57.9777,3
28.5829,49.3766,57.3316,2
28.2849,49.4417,62.7853,3
28.9002,48.8191,63.3034,3
29.1085,49.4188,68.4197,3
28.7695,49.6250,68.2168,3
28.4826,49.6695,72.7302,3
28.8507,49.3561,73.6858,3
28.5791,49.9030,79.0719,3
28.6199,49.3687,78.8733,3
29.1636,49.0786,84.7520,3
28.7978,49.9356,84.5251,3
28.6849,49.7797,89.5886,3
28.8352,49.9021,89.5199,3
28.5993,49.2805,94.9621,3
28.5086,49.3687,94.2531,3
28.7859,49.2480,99.3566,3
28.4621,49.3024,99.7598,3
28.7345,53.6357,0.1852,2
28.7743,53.9064,0.0000,2
28.4588,53.8507,5.3689,2
28.8796,53.2210,5.0256,3
28.6249,53.7342,10.5443,2
28.7780,53.6498,11.2125,2
29.0225,53.3488,15.8120,2
28.8438,53.8598,15.5856,2
28.7352,53.2092,21.0431,2
28.3921,53.8366,20.4947,2
28.7168,53.7800,26.3537,2
28.5578,53.6211,26.9063,2
28.5993,53.6906,31.3006,1
28.8883,53.7076,31.1970,1
28.6856,53.6119,37.5384,1
28.6753,53.2694,37.0914,1
29.0414,54.0433,41.5538,1
28.6305,53.6750,42.0960,1
28.7604,53.5810,46.9106,2
28.8746,53.3471,46.9674,2
28.4583,53.8679,52.6848,2
28.8609,53.4487,52.0051,2
28.5954,53.6295,57.9993,2
28.3477,53.8278,57.4476,2
28.5547,54.0363,62.0663,2
28.7487,53.7798,62.7485,2
28.5948,54.0505,69.4025,2
28.8972,54.2500,68.0754,2
28.3682,53.6684,74.0866,2
28.3133,53.4063,73.2765,2
28.7555,53.7525,78.5598,2
28.7202,53.3408,78.7342,2
28.4313,53.6391,83.8103,2
28.8223,53.6764,84.0972,2
29.0378,53.7992,89.2896,3
28.5675,53.3299,89.4407,2
28.7457,53.1099,94.0548,3
28.5810,53.3548,94.7585,2
28.7206,53.6475,100.0000,2
28.5672,53.6704,99.4983,2
28.7411,57.9175,0.0000,2
28.6532,57.8834,0.1405,2
28.7478,57.6784,5.6450,2
28.7888,57.6774,4.6918,2
28.5546,57.4532,10.6303,2
28.9209,58.3212,9.9816,2
28.8416,57.9201,14.5915,2
28.6177,57.7616,16.3949,2
28.5100,58.0637,20.9991,2
28.3950,57.7291,21.8184,2
28.6495,58.1665,26.7413,1
28.5946,57.5097,25.7399,2
28.9745,57.9403,30.7120,1
28.8510,57.3587,31.1659,1
28.7005,58.6509,37.2501,1
28.5877,57.9032,37.3020,1
28.9686,57.8204,41.9960,1
28.5182,58.0943,42.6182,1
28.2965,57.7757,46.7617,2
28.7144,57.5234,46.7084,2
28.9089,57.8451,52.6016,2
28.7705,58.1860,52.4223,2
28.6049,57.7771,58.4355,2
28.6706,57.8074,58.0902,2
29.0505,57.9170,63.0232,2
29.0728,58.2937,63.7503,2
28.5841,57.7148,67.5040,2
28.8772,57.9178,67.5206,2
28.9246,57.7935,73.5772,2
28.3816,58.0424,73.9351,2
28.6746,57.7693,80.2606,2
28.4435,57.6783,79.3015,2
28.4813,57.5683,84.7763,2
28.8052,58.0400,84.3014,2
28.5458,57.8189,89.4341,2
28.8535,58.0225,89.0098,2
28.8421,57.3912,94.5766,2
28.4558,57.6376,95.7001,2
28.3901,57.6490,100.0000,2
28.5902,57.9414,100.0000,2
28.8151,61.9647,0.0000,2
28.7903,62.2958,0.0104,2
28.7563,62.2137,5.2170,2
28.5632,62.3280,5.4091,2
28.2680,61.8575,10.2860,2
28.6440,62.4664,12.1275,2
28.1924,62.1966,15.8243,2
28.6481,62.2681,15.8644,2
28.6119,62.1140,21.3309,2
28.7765,62.1619,20.7609,2
29.2480,62.2131,26.6970,1
28.5826,62.1621,26.4066,1
28.3018,61.8903,31.2114,1
28.5641,61.7843,31.6009,1
28.9637,62.1444,36.2515,1
28.4780,61.9921,36.1343,1
28.7451,62.5112,41.8173,1
28.6994,61.9766,41.7905,1
28.7221,61.9063,46.9642,2
28.3604,62.1246,47.9019,2
28.8257,62.5529,52.2943,2
28.8544,61.7745,52.9862,2
29.0130,62.2548,58.7256,2
28.5645,62.0650,57.4369,2
28.6912,62.1862,63.1709,2
28.5894,61.9580,63.3305,2
28.6524,61.7597,67.4724,2
28.5651,61.6906,68.0033,2
28.5996,62.0614,73.3512,2
29.1224,61.7269,74.2888,2
28.6517,61.9080,79.2412,2
28.5936,61.8632,79.8423,2
28.2453,62.0318,84.3056,2
28.9658,61.9857,85.5410,2
28.8360,61.3951,88.7468,2
28.7316,61.7621,89.7476,2
28.5935,61.7465,94.2545,2
28.8546,61.4984,95.2595,2
28.8991,62.0058,99.2978,2
28.7954,61.9594,99.2424,2
29.0660,66.0505,0.0000,2
28.7412,66.2954,0.7431,2
28.6081,66.2048,5.4308,2
28.7241,66.3848,5.3991,2
28.7171,66.1908,10.9427,2
28.6122,66.5571,11.2202,2
28.5487,67.0371,15.4332,2
28.5431,66.4778,16.0103,2
28.6986,66.5613,21.1789,2
29.0974,66.2998,20.6254,2
28.5739,66.4572,26.5588,1
28.7255,66.0609,26.8701,1
29.0716,66.3246,32.4842,1
28.8575,66.9814,31.8153,1
28.7115,66.5685,36.6253,1
28.7656,66.7150,37.2519,1
28.6780,66.3759,42.4841,1
28.8291,66.5408,42.2750,1
28.5193,66.1162,47.5990,2
28.8505,66.5264,47.0308,2
28.6540,65.9635,51.9359,2
28.7005,66.7232,52.6815,2
29.0658,66.2666,57.9103,2
28.4860,66.2116,57.2998,2
28.3751,65.9639,63.2005,2
28.5369,66.1658,63.3628,2
28.3745,66.3401,68.8451,2
28.8711,66.4708,68.3950,2
28.5595,66.2911,74.5109,2
28.7388,66.2837,73.9661,2
28.6942,66.3835,78.8240,2
28.6012,66.6146,77.9722,2
28.7799,66.1728,83.2579,2
28.4893,66.3050,84.2613,2
28.8322,66.5582,88.7003,2
28.7597,66.5344,89.5831,2
28.7847,65.7360,94.2417,2
28.9574,66.2319,95.8484,2
28.4285,66.7849,99.6946,2
28.8567,66.2272,100.0000,2
28.8033,70.3423,0.4006,2
28.6310,70.5797,0.0000,2
28.6167,70.9054,5.6105,2
28.8615,70.5423,6.1013,2
28.7419,70.3283,10.9539,2
28.8687,70.7152,10.3248,2
28.7405,70.9443,16.0282,2
28.3887,70.3377,15.4518,2
28.5333,69.8929,21.9979,2
28.5090,70.2851,20.0818,2
28.8575,70.4991,26.1403,2
28.6246,70.7027,26.0758,2
28.2864,70.1389,30.9072,1
28.7393,70.8053,32.3119,1
28.3572,70.7124,36.5346,1
29.2689,70.9414,37.6931,1
28.8447,70.6409,41.9040,1
28.5643,70.2863,42.4141,1
28.9963,70.4193,47.0072,2
28.3875,70.5997,47.9831,2
28.9401,70.9398,52.8393,2
28.7022,70.9110,52.0765,2
28.5960,71.0396,57.3574,2
28.6773,70.7157,57.9361,2
28.9141,70.9840,63.3977,2
28.9622,70.2477,63.0791,2
29.1652,71.1092,67.7826,2
28.6817,70.5671,68.6293,2
28.9390,71.0781,73.7029,2
28.9086,70.7208,73.6736,2
28.3446,70.8319,79.2500,2
28.7621,70.2319,79.9269,2
28.7147,70.1839,83.5594,2
28.8197,70.7385,83.9790,2
28.7767,70.7266,89.5436,2
28.5439,70.8147,89.8925,2
28.7977,70.2762,94.0713,2
28.6995,70.8052,95.2570,2
28.8011,70.3912,99.5979,2
28.6808,70.5241,100.0000,2
28.5883,74.6178,1.0275,2
28.9945,74.4720,0.7344,2
28.4598,74.6066,5.1030,2
28.6687,74.9228,5.3164,2
28.8072,74.6163,10.7134,2
28.7000,74.3203,10.7678,2
28.7034,74.5227,15.5771,2
28.6041,74.6634,16.6690,2
29.1023,73.9190,21.2967,2
28.8752,74.6720,21.5167,2
29.0150,74.3253,26.3827,2
29.0756,74.3655,26.2582,2
28.5945,75.0524,32.1746,1
28.7167,74.7465,30.7194,1
28.9688,74.6309,36.7709,1
28.8785,74.7961,37.3440,1
28.8049,74.7980,42.2605,1
28.4597,74.6921,42.6473,1
28.5045,74.5223,46.9286,2
28.7149,75.1576,47.6420,2
28.2488,74.9314,52.4105,2
28.7861,74.6920,52.2014,2
28.6699,74.6044,58.0486,2
28.5070,74.3994,58.2608,2
28.9060,74.9109,62.8335,2
28.5362,74.5321,63.6031,2
28.5192,75.0021,68.7395,2
28.9318,75.0558,68.6924,2
28.3905,74.9199,73.7420,2
28.6096,75.1455,73.6085,2
28.5783,75.0741,78.7448,2
28.5683,74.3987,78.5373,2
28.5373,74.9232,83.7010,2
28.3126,74.8278,83.8935,2
28.6810,75.1216,89.5095,2
28.9861,74.7164,89.9772,2
28.5747,74.7691,94.2704,2
28.5214,74.6694,94.0726,2
28.7161,74.6460,100.0000,2
28.4216,74.9474,100.0000,2
28.9815,79.5185,0.0212,3
28.6137,79.0936,0.0000,3
28.3361,79.1932,5.1460,3
28.3907,78.7949,5.1573,3
28.6866,78.9545,11.2108,2
28.4265,78.9017,10.0868,2
28.9354,78.7789,15.6176,2
28.8941,79.3448,16.5258,2
28.3556,79.0922,21.1877,2
28.6740,78.9673,21.6955,2
28.8919,79.2164,26.4192,2
29.1383,78.8272,25.5078,2
28.6312,78.9647,32.2305,1
28.5820,79.0947,30.8403,1
28.9005,78.9679,36.7018,1
29.1105,79.2683,36.3222,1
28.6623,79.7683,43.0947,2
28.8688,78.3933,42.7713,2
28.5572,79.3444,47.0071,2
28.7820,78.7553,47.1868,2
28.8086,78.5517,53.8178,2
28.4788,78.6224,52.9441,2
28.9426,78.8503,57.3590,2
28.4997,78.6384,58.0488,2
28.6702,79.0751,63.3403,3
28.8491,78.8244,62.7888,3
28.7155,78.9309,68.5475,3
28.5419,79.1400,67.8319,3
28.5961,79.2861,73.1186,3
28.8943,78.5246,72.8916,3
28.3854,78.9824,79.3122,3
28.9427,79.3112,79.3787,3
28.5179,78.6952,84.6044,3
28.9685,78.6380,84.8575,3
28.3001,79.0643,89.4218,3
28.6434,78.9567,89.0468,3
28.7734,78.9656,95.2045,3
29.0023,78.9854,94.3275,3
28.4566,79.4568,100.0000,3
28.8617,78.9653,100.0000,3
28.9451,82.9725,0.0149,3
28.4630,83.1192,0.7721,3
28.8999,83.1984,3.9165,3
28.5531,83.1886,5.1552,3
28.6908,83.2307,10.2595,2
28.6827,83.1131,10.1747,2
29.0535,83.0150,14.6624,2
29.0409,82.9040,16.2394,2
28.5480,83.3287,21.0286,2
28.8843,83.0938,20.7250,2
28.7356,83.0431,25.3512,2
28.5639,84.0185,25.4051,2
28.7324,83.0850,32.4972,1
28.4620,83.1883,31.9220,1
28.6484,82.9276,36.8310,1
28.6223,83.0642,37.3075,1
28.7648,83.3234,42.2704,2
28.8762,83.5492,41.9619,2
28.8481,82.7690,46.2419,2
29.0495,83.0579,47.4947,2
28.4392,82.7765,52.2751,2
28.8128,83.0029,52.4637,2
28.5353,83.5076,58.3290,3
28.5874,83.3631,57.7721,3
28.6167,83.1430,63.4795,3
28.5058,83.3086,64.4068,3
28.7208,83.1686,68.3790,3
28.7799,82.6748,69.2716,3
28.8804,82.9645,73.7000,3
28.5727,83.2477,73.7149,3
28.7299,82.8494,78.7066,3
28.9134,82.9978,77.6256,3
28.6541,83.8813,84.6350,3
28.5674,83.1427,84.5505,3
28.3330,82.9011,89.6729,3
29.0031,83.0261,90.2572,3
28.5333,82.1422,95.1087,3
28.7923,83.3788,95.0854,3
28.7226,83.0803,99.8897,3
28.5921,83.0378,99.0945,3
28.4413,87.3194,0.0000,3
28.2826,87.2681,0.0000,3
28.6215,86.6544,6.0394,3
28.3970,87.1230,4.6323,3
28.9440,87.4949,10.2897,3
28.5755,87.4223,9.9030,3
28.7604,87.2038,16.0493,2
28.7814,87.1903,14.7631,2
28.6348,86.9336,21.0919,2
28.6329,87.1920,20.4049,2
28.9216,87.2323,27.4925,2
28.6912,87.4739,26.3354,2
28.7525,87.6962,32.1311,1
28.3309,87.6251,31.8275,1
28.6914,87.8822,37.7185,1
28.8651,87.2054,36.2459,1
28.8351,87.7763,41.0909,2
28.9015,87.2920,41.2008,2
28.7781,87.6412,47.1927,2
28.4727,87.8820,47.0341,2
28.9161,86.9145,52.8396,2
28.7617,87.6304,53.3781,2
28.5215,87.5247,57.2115,3
28.4086,87.1949,58.0994,3
29.0196,87.9261,62.9804,3
28.7453,87.6513,63.5406,3
28.6503,87.3913,68.3660,3
28.6425,87.2660,68.3612,3
28.6030,87.0278,74.1155,3
28.7875,87.9314,73.8690,3
28.6008,87.1805,78.9711,3
28.7948,87.2950,78.2122,3
28.5364,87.3738,84.5807,3
28.3870,87.4479,84.3211,3
28.5939,87.1923,89.1055,3
28.7124,87.7065,90.0726,3
28.4594,87.3123,93.6401,3
28.7060,87.5477,95.5223,3
28.3269,87.0420,100.0000,3
28.3605,87.4201,100.0000,3
28.4280,91.6187,0.0000,3
28.9593,91.6409,0.0000,3
28.4366,91.6957,5.9421,3
28.5299,91.4471,4.8871,3
28.9953,91.0064,11.1691,3
28.6088,91.5575,10.3560,3
28.7321,91.3600,16.3187,2
28.9040,91.2839,16.1232,2
28.6129,91.5944,21.8152,2
28.5494,91.8569,21.2812,2
28.6454,91.6892,26.4400,2
28.4525,91.3969,25.7932,2
28.6289,91.9825,31.8695,2
28.3977,91.4969,31.6958,1
28.8330,91.3837,36.2234,2
28.6729,91.7497,36.9595,2
28.5073,92.1053,42.0559,2
28.7230,91.3804,42.6585,2
28.7986,91.6733,46.7926,2
28.9030,91.8060,47.8759,2
28.6916,91.5565,52.5405,2
29.1400,91.4162,52.0385,3
28.6096,91.4190,58.5247,3
28.4130,91.4106,57.9900,3
28.9379,91.7929,63.9674,3
28.7534,91.5179,63.5857,3
28.4108,91.0660,68.9092,3
28.7263,91.8681,67.9949,3
28.9412,91.7801,73.6686,3
28.7257,91.6830,73.2558,3
28.6072,91.6783,78.7348,3
28.3903,91.6674,79.3654,3
28.8979,91.7386,84.6197,3
28.8817,91.6028,83.1511,3
28.9162,91.3110,88.9082,3
28.4635,92.3243,89.6940,3
28.4759,91.3739,94.7365,3
28.7927,91.6627,94.2725,3
28.7476,91.3956,100.0000,3
28.6955,91.3512,100.0000,3
28.7609,95.6470,0.3650,3
28.8100,96.1500,0.3551,3
28.6414,95.2823,5.3565,3
28.7526,95.8048,3.7577,3
28.8200,95.5159,10.8692,3
29.0243,95.7136,10.7456,3
28.6908,95.9472,15.8412,3
28.5808,95.5180,16.5847,2
28.7719,96.0386,21.2522,2
28.8794,95.5207,21.0942,2
28.7853,96.1773,27.6523,2
28.7657,95.5911,25.7180,2
28.5032,95.5572,30.1284,2
28.5491,96.0045,31.6166,2
28.6325,95.3029,37.3673,2
28.7866,95.7856,35.7408,2
28.5861,95.9196,42.0910,2
28.7226,95.9951,42.1826,2
28.8141,95.5364,46.7570,2
28.7797,95.9942,47.6279,2
28.7105,95.6923,52.7371,3
28.7601,95.9213,53.9352,3
28.5000,96.7573,57.2663,3
28.7613,95.4310,58.0479,3
28.8806,95.7992,63.6444,3
28.5995,95.1745,63.4712,3
28.6903,95.6456,68.2158,3
28.7655,95.5451,68.6087,3
28.9219,96.4075,74.3865,3
28.7166,95.8668,73.4841,3
28.5911,96.0511,78.7936,3
28.7574,95.5007,79.6325,3
28.6197,96.1159,83.8586,3
28.5329,96.1879,83.8975,3
28.3706,95.4775,89.9020,3
28.8363,95.5607,89.1578,3
28.8188,96.1842,94.7024,3
28.7951,96.0515,95.8133,3
28.4531,95.5889,99.7468,3
28.8497,95.7139,100.0000,3
28.7086,100.0005,0.0537,3
28.8902,99.7088,0.0000,3
28.4412,100.0680,5.1654,3
28.8981,99.9986,5.0412,3
28.6349,100.5170,9.7413,3
28.5587,100.0108,10.2081,3
28.7823,99.9831,15.9175,3
28.7078,99.9691,15.1441,3
28.7194,99.4710,20.7167,2
28.7821,100.3569,22.2273,2
28.5986,99.7405,26.5769,2
29.0582,100.4598,25.7983,2
28.6561,100.2551,32.0388,2
28.8026,99.8654,31.8704,2
28.8701,99.7204,37.5072,2
28.8826,99.7774,37.3046,2
28.8468,100.2553,42.8932,2
28.6821,100.0995,40.7859,2
28.9074,100.3059,48.0464,2
28.4969,100.2886,47.8778,2
28.5540,100.3168,52.8631,3
28.3446,100.1753,52.2480,3
28.3490,100.1100,57.8621,3
28.9650,100.0545,58.2840,3
28.7860,100.3063,62.7147,3
28.7239,99.9578,63.4847,3
28.7354,99.8158,68.2521,3
29.0139,99.4917,68.7757,3
28.9325,100.1737,74.6697,3
28.8719,100.1152,73.4508,3
28.7647,100.2045,78.9491,3
28.5356,99.6387,79.0401,3
28.3881,99.8585,82.9947,3
28.8508,100.3462,84.2500,3
29.0505,100.4042,89.7136,3
28.6616,99.8952,89.7549,3
28.6560,100.1645,95.0481,3
28.6383,100.3287,94.6226,3
28.6885,99.7067,99.8647,3
29.1159,99.7299,100.0000,3
30.9617,19.3358,0.2795,3
30.9414,20.0957,0.4949,3
31.0996,20.0985,4.8292,3
31.1940,19.9431,4.2639,3
31.2181,20.3399,11.2669,3
31.4868,20.2321,10.7833,3
31.2709,19.7339,14.9535,3
30.9572,20.3832,15.4589,3
31.1458,20.1720,21.1748,3
30.7971,20.1028,20.8419,3
31.3932,20.3411,26.1226,2
31.4058,20.1031,25.4800,2
31.0370,20.4906,31.1690,2
31.0390,19.5920,30.9784,2
30.8858,19.6318,36.5330,2
31.4003,19.9892,37.2349,2
31.2709,19.6675,41.6895,2
31.2058,19.8097,42.4551,2
31.3881,19.5634,47.1900,3
31.0130,19.8421,47.0644,2
30.9542,19.9954,52.7140,3
31.2433,19.9925,53.1907,3
30.9343,19.6396,57.7424,3
31.1451,20.2581,58.6249,3
31.1107,20.2259,63.8423,3
30.8968,19.9370,64.5434,3
31.2239,20.1532,68.8679,3
30.7855,19.8060,67.9149,3
31.1364,19.8893,73.7319,3
30.9904,19.5121,74.1267,3
30.7002,19.7817,78.2896,3
30.8767,20.0606,79.5649,3
30.7404,19.8328,83.3360,3
30.9315,20.0216,84.5941,3
30.6289,20.1652,88.9874,3
30.8094,20.0202,89.7873,3
31.0325,19.6721,94.6863,3
30.9076,20.1812,95.2745,3
31.2549,19.9941,100.0000,3
30.8484,20.5349,99.4867,3
30.6466,24.6202,0.0000,3
31.0760,23.9013,1.1818,3
31.4170,24.6745,5.3073,3
31.2488,24.1946,5.8243,3
30.9705,24.6859,10.2959,3
30.9832,24.0706,10.6225,3
30.9750,24.3567,15.5490,3
31.2108,24.6660,15.8282,3
31.4963,24.5488,22.1217,3
31.0404,23.7121,20.6996,3
30.9318,23.9246,25.2178,2
31.2576,23.6525,26.7802,2
31.4897,23.9770,31.7727,2
30.9729,24.4586,30.9817,2
31.0263,24.5469,36.8177,2
30.7269,24.5830,36.1941,2
31.0684,24.3853,42.1652,2
31.5601,24.4307,42.0041,2
31.1732,24.2735,47.3906,3
31.1014,24.0803,47.4749,3
30.9515,23.6417,53.2017,3
30.9395,24.2529,52.2514,3
30.9066,23.8988,58.3689,3
31.2906,24.2183,57.6264,3
30.7140,24.4492,62.8196,3
30.8292,24.2193,62.9908,3
30.7490,23.7963,68.5893,3
30.9215,24.3636,68.4943,3
31.2621,23.9609,73.8006,3
31.1803,24.0227,74.2478,3
30.7194,23.9606,78.0955,3
30.9055,24.1642,79.3631,3
31.0216,24.0319,83.4359,3
30.8098,24.3036,84.6513,3
30.9688,24.5738,88.9987,3
30.9745,24.1187,90.2384,3
31.0794,23.6710,95.2127,3
31.4218,24.1356,94.2883,3
31.2255,24.7998,100.0000,3
30.7280,24.4369,100.0000,3
30.8617,28.8077,0.2192,3
31.3156,28.1026,0.1994,3
30.8736,28.4954,6.0018,3
30.7673,28.0104,5.7409,3
31.0498,28.7724,10.1227,3
31.0629,28.6275,10.6314,3
30.6949,29.2678,15.8956,3
30.7845,28.5153,16.0040,3
31.2514,28.6992,20.9457,3
30.7082,28.5595,20.2314,3
31.2957,28.2012,26.6333,2
30.9214,28.2734,25.9153,2
31.1958,28.2346,31.9632,2
30.9336,28.3516,31.5967,2
31.0834,28.1438,37.1940,2
30.9984,28.5842,36.8340,2
31.1699,28.2976,41.7105,2
31.1380,28.2729,42.8347,2
31.0662,28.0090,47.0757,2
30.8528,28.7429,47.7552,3
31.0404,28.5081,52.5877,3
31.2247,28.5770,52.9816,3
31.0143,28.2316,58.2273,3
31.3629,28.7529,58.6856,3
31.0850,28.1301,62.7173,3
31.3285,27.8625,63.9103,3
30.8951,28.9981,68.3857,3
31.1971,29.1366,68.2560,3
30.9832,28.2126,73.1833,3
30.9867,28.2546,73.0591,3
31.0105,28.5560,78.4994,3
31.0201,28.8430,78.2376,3
31.4390,28.2188,84.3110,3
31.3085,28.8964,84.4454,3
30.9137,28.1862,89.1862,3
31.4305,28.3061,89.6355,3
30.8439,28.0742,94.7500,3
30.9877,28.3455,93.9973,3
31.0379,28.8858,99.5735,3
31.2321,27.3817,99.5988,3
30.6706,33.0024,0.4394,3
30.8458,32.7184,0.6009,3
31.3241,32.5098,4.1587,3
30.8729,32.8614,6.3126,3
31.0418,32.4495,11.7260,3
31.1338,32.2632,10.4669,3
31.2526,32.6105,16.1867,3
30.7316,32.2013,15.4220,3
30.9962,32.7318,21.3710,2
31.5459,32.4100,20.8956,3
30.9105,32.9554,26.8828,2
30.9631,33.2513,25.9613,2
31.2586,33.0679,30.8982,2
31.1682,31.8141,31.9911,2
30.8323,32.8018,37.2196,2
31.2767,32.8986,36.8701,2
30.9765,32.6093,41.5473,2
31.0103,32.5444,41.7112,2
30.7044,32.2485,45.7934,2
30.9911,32.7397,46.0271,2
31.1000,32.5948,52.0432,3
30.9664,32.9468,52.1445,3
31.0684,32.7356,57.4836,3
31.2543,32.7527,57.7688,3
31.5253,32.9354,62.3148,3
30.9748,33.3716,62.6668,3
31.0659,33.0009,68.7472,3
31.2119,32.8529,68.4337,3
30.8942,32.7620,73.4828,3
30.9564,33.0763,73.4937,3
31.3939,32.7086,78.8678,3
30.6891,33.2675,78.9444,3
30.5985,32.9279,84.1854,3
30.8664,32.9109,82.9362,3
30.9098,32.5418,89.8998,3
31.5007,32.5581,89.7037,3
31.6023,32.6330,94.9709,3
30.8052,33.2193,94.3804,3
31.1063,32.7037,100.0000,3
30.9658,32.7040,100.0000,3
31.5088,36.7896,0.0000,3
30.8909,37.6479,0.0644,3
31.2756,37.0511,6.3674,3
31.0031,36.5100,6.1929,3
31.2333,36.9790,11.2939,3
31.1553,37.3131,10.6496,3
31.2330,37.0000,15.6268,3
31.0116,36.7242,15.9222,3
30.9615,36.9729,21.2536,2
31.0937,36.9089,20.7696,2
30.9962,36.3409,26.2559,2
30.8555,36.8721,25.9585,2
30.6425,37.5178,31.4632,2
31.3420,36.6840,32.4280,2
30.8223,36.8949,36.2960,2
31.5728,36.7673,37.2563,2
31.1427,36.8344,42.3641,2
31.3245,37.0426,42.1865,2
31.1565,37.4166,47.1600,2
30.6819,36.5132,46.8574,2
30.8764,36.5880,52.6198,3
31.1021,36.9131,52.2664,3
31.2514,37.0024,58.6854,3
31.2220,36.7372,58.5475,3
31.1073,37.0815,63.5181,3
31.0278,36.8731,63.0922,3
30.8820,36.1987,68.0742,3
31.0925,37.1678,68.8190,3
30.9967,36.6381,73.5943,3
30.8576,36.2075,72.9116,3
31.3276,37.3993,79.3243,3
31.0410,36.4242,78.8668,3
31.1750,37.0911,84.5549,3
31.2945,37.4250,84.0080,3
31.6137,36.2361,89.0845,3
31.0926,37.0068,89.3829,3
30.9535,37.5029,94.4651,3
30.8488,37.3494,95.1614,3
31.2716,36.9009,99.3120,3
31.0696,36.3880,100.0000,3
31.1833,41.3753,0.0000,3
31.2022,40.7815,0.4833,3
31.1875,40.8126,5.5283,3
31.2706,41.0762,4.8519,3
31.0882,41.2184,10.1113,3
30.8511,41.2091,10.9380,3
31.4826,41.2523,15.1849,3
31.4606,41.3691,14.7868,3
30.8466,40.9052,21.4717,2
30.5767,41.0169,21.4432,2
30.4858,41.2767,26.7493,2
30.8833,40.7066,25.8846,2
30.5182,40.9548,31.6887,2
30.8088,41.3442,31.6302,2
31.1046,40.9320,37.2136,2
31.3107,40.9304,37.2226,2
31.2070,41.1780,42.9438,2
30.9073,40.9262,41.7168,2
31.1976,40.9709,47.0205,2
31.3853,41.5955,47.2041,2
30.7792,41.6117,52.8669,3
31.1368,41.0841,52.2314,3
30.9700,41.2559,57.6710,3
31.1392,41.0566,57.3663,3
31.3769,41.2308,63.3232,3
31.1636,40.5148,62.9113,3
30.7472,41.0900,68.5840,3
31.0809,41.4062,67.6724,3
30.8928,41.1769,73.8162,3
30.7895,41.4116,74.4558,3
31.1377,40.5999,79.0272,3
31.1207,40.9711,79.6210,3
31.0294,41.6840,84.6021,3
31.1078,41.3288,84.9760,3
31.2324,41.0299,89.1437,3
30.8282,40.3204,89.5608,3
30.9751,40.9524,95.2513,3
31.0302,41.6212,94.4503,3
30.8584,40.6753,100.0000,3
31.2829,40.8743,99.4680,3
31.3587,44.8280,0.5051,3
30.9384,45.3823,0.5385,3
31.1479,45.1746,5.9612,3
31.1105,46.3679,4.4106,3
30.7086,45.5614,10.5104,3
31.2112,44.9336,10.5534,3
31.1441,45.1000,15.9054,2
30.7803,45.3816,16.5122,2
30.8051,44.8738,21.6476,2
30.7895,45.5153,21.0803,2
30.9691,45.7031,26.7799,2
31.1086,44.6174,26.6719,2
30.8385,45.1967,31.5826,2
31.4321,45.1872,30.8676,2
31.3466,45.4809,37.2236,2
31.3503,45.7801,36.3962,2
30.7744,45.5159,41.9740,2
31.0183,44.9267,42.3972,2
31.1331,45.2165,46.6743,2
31.2945,45.3399,47.9273,2
30.6320,45.2802,52.2731,2
31.0599,45.5461,52.8166,3
31.0563,45.2670,57.1149,3
30.8713,45.5995,57.6420,3
31.2807,45.5111,63.5975,3
31.1192,45.1324,63.0823,3
31.1807,44.6255,69.0429,3
30.9526,45.2373,68.3822,3
31.0447,44.8691,73.7601,3
31.1715,44.6498,73.0338,3
31.2318,45.4761,79.0967,3
30.9162,45.4778,78.3459,3
31.0252,44.8712,84.1295,3
30.8466,45.4899,84.4271,3
30.9385,45.5902,88.9955,3
31.0456,45.0787,89.8449,3
31.1813,45.6537,94.7783,3
30.4607,45.1339,95.5195,3
30.9876,44.6879,100.0000,3
31.1574,45.0450,99.8766,3
30.8832,49.6305,0.0283,3
30.8195,49.4708,0.0000,3
31.3448,49.7418,5.2020,3
31.0688,49.7778,5.1764,3
31.2043,49.9169,10.2809,3
31.3819,49.8802,10.6506,3
30.9639,49.5445,15.6672,2
30.8941,49.6334,15.2777,2
30.9849,49.3761,20.3700,2
31.1843,49.4052,21.7021,2
31.0037,49.3517,25.8635,2
31.0604,49.4871,26.6867,2
31.0660,50.1019,31.8071,1
30.8553,49.1522,31.8463,1
30.8490,49.6521,37.2899,1
31.2366,49.2129,37.3028,2
31.1171,49.2913,42.0256,2
31.1469,49.2718,42.2562,2
31.3418,49.7629,47.4094,2
31.0995,49.3123,47.1135,2
30.7452,49.5490,52.9728,2
31.0385,49.2105,52.6646,2
31.3210,49.7431,57.8800,3
31.4621,50.2833,57.6547,3
31.0035,49.6817,62.7014,3
31.2225,49.5041,63.3437,3
30.9375,49.2374,67.4283,3
31.3496,49.7561,68.7577,3
31.1223,48.7824,73.3087,3
31.0014,49.1493,72.8374,3
30.8572,49.4884,78.9721,3
31.2341,50.0926,79.2903,3
31.0175,50.0138,83.4196,3
30.6369,49.2077,84.6166,3
31.0863,49.1352,89.1101,3
30.8043,49.1012,90.2492,3
31.0239,50.0046,94.2918,3
31.1509,49.5418,95.1767,3
31.1035,49.7692,100.0000,3
30.8344,49.6935,99.9484,3
30.8973,53.8924,0.4608,3
30.9559,53.5790,0.0000,3
30.6917,53.6115,5.6592,3
30.9380,54.1125,5.1606,3
31.0124,53.5975,11.0171,2
30.8608,53.6455,10.2526,2
30.9403,53.6948,15.7328,2
31.2630,53.6810,16.0670,2
31.0872,54.1053,20.9014,2
30.9927,53.9077,20.8946,2
31.1523,54.3856,25.8263,2
31.3590,53.5365,26.9846,2
31.1898,53.8643,31.5035,1
31.0025,53.4676,31.5821,1
31.0159,53.7415,36.1368,1
31.0572,54.0630,37.3141,1
31.0572,54.4529,41.8166,2
31.0353,53.2491,41.9034,2
31.4102,53.5746,46.6045,2
31.2270,53.8010,47.7837,2
30.9932,53.3821,52.5398,2
31.1636,53.6625,52.8256,2
30.9453,53.8117,57.8932,3
30.9115,53.7262,57.7014,3
31.1761,53.9462,63.4087,3
30.7256,53.3948,62.8396,3
30.8934,53.5214,68.8837,3
31.1924,53.5571,68.7169,3
31.1184,53.6744,74.2583,3
30.9204,53.7000,73.1588,3
30.8520,53.2760,78.4544,3
31.0693,53.5935,78.8124,3
30.9928,54.2160,83.6419,3
30.8038,53.4306,84.1746,3
31.1556,53.8698,89.9460,3
31.0310,53.5653,90.2904,3
30.4958,53.7030,94.9518,3
31.4274,53.1860,94.5268,3
30.7811,53.1447,99.8977,3
31.2192,54.0460,99.7341,3
31.1859,57.8354,0.2783,3
31.2835,57.8365,0.5385,3
30.8100,58.0917,5.7800,2
31.2387,57.5392,5.1603,3
31.1131,58.0277,10.5843,2
31.3385,57.5060,10.4062,2
30.7151,58.0811,16.0668,2
31.7224,58.2026,15.9552,2
31.1036,57.7998,21.1179,2
31.1079,57.3053,21.1511,2
31.0728,58.4209,26.2500,2
30.8995,57.9753,26.3530,2
31.0265,57.5110,31.5009,1
30.9368,57.8298,31.9450,1
30.9177,57.8284,37.1127,1
30.9988,58.6775,36.9665,1
30.8043,57.6429,41.6353,1
30.8876,58.0558,41.5520,1
30.9864,58.2376,47.1085,2
31.1869,57.3898,47.1831,2
30.8754,57.9847,52.1142,2
31.4666,57.4029,53.1995,2
31.2283,57.9877,57.9220,2
31.4236,58.6360,57.7911,2
31.0842,57.7290,62.5732,3
31.1453,57.9696,62.3528,3
31.1438,57.9797,68.1204,3
30.9193,58.0219,69.2255,3
31.1323,58.1289,73.2681,3
30.9698,58.0771,73.0050,3
31.0941,58.0428,78.9281,3
31.1165,57.9121,78.6363,3
30.8170,57.8676,84.8628,3
31.2575,57.7911,84.0275,3
30.9647,57.7629,89.6176,3
31.2641,58.5736,89.0588,3
31.1829,58.0574,94.5720,3
30.8474,57.9773,95.7968,3
31.1064,57.6586,99.9214,3
30.8246,57.9003,100.0000,3
30.9141,61.1286,0.1384,2
30.9523,61.8801,0.0000,2
31.1327,61.9829,5.7284,2
31.2431,62.0241,5.0027,2
31.0782,62.0616,9.6501,2
31.4355,62.3196,10.2946,2
30.6694,62.0511,15.4955,2
31.0405,61.4561,15.5534,2
30.9704,62.0476,20.9345,2
31.0631,62.5616,20.7951,2
30.8704,61.5871,26.0602,2
30.7724,62.3933,26.2677,2
31.2405,62.5450,31.1464,1
30.9832,62.5048,31.6736,1
31.1569,62.4152,37.2904,1
31.1347,62.5242,36.8080,1
31.1565,62.0522,42.6155,2
30.9125,61.6004,42.4327,2
30.8486,61.7695,48.0009,2
31.2459,62.0025,45.8457,2
31.1593,62.3040,52.8900,2
31.1468,62.0508,52.4263,2
30.8314,61.8960,58.0555,2
31.1202,62.3422,57.1915,2
30.7208,61.9914,62.6479,2
31.0898,61.7123,63.7480,2
30.8882,62.5831,68.6832,2
30.8416,62.7337,68.5538,2
31.0859,62.0857,73.9175,2
31.1577,61.8458,73.5774,2
31.0758,62.2801,79.2472,2
31.0855,61.9402,78.6466,2
30.8143,62.2830,83.9025,2
31.0143,62.1766,84.2125,2
31.0515,61.8338,89.6081,2
30.9901,62.0793,90.0527,2
31.1537,61.9340,94.6624,2
31.3725,62.0131,94.7568,2
31.1855,62.1698,99.8136,2
30.9039,62.1022,100.0000,2
31.3168,65.8762,0.8814,2
30.9949,66.5932,0.0000,2
30.7305,65.9219,5.0977,2
31.1574,66.3251,5.1380,2
31.2762,66.3164,10.6662,2
31.6748,66.3134,10.1784,2
31.1488,66.5360,15.9400,2
31.0840,66.7605,16.4681,2
31.0292,66.1227,21.2672,2
30.9228,66.5813,21.2647,2
31.5866,66.7578,25.7764,2
30.9489,65.7416,25.2469,2
31.0754,65.9581,32.3995,1
31.2842,66.2343,31.4148,1
31.3497,66.8302,36.3758,1
30.8404,66.2255,37.0577,1
30.9499,66.4515,43.0804,2
30.7714,66.1821,41.4118,1
30.8853,66.2274,47.0048,2
31.1566,66.3611,47.5179,2
30.9913,66.2514,52.4562,2
31.0029,66.4415,51.6698,2
31.1102,66.0552,57.7253,2
30.7403,66.2082,58.0337,2
31.1440,65.9599,63.3623,2
31.2806,66.1677,63.1584,2
30.6389,66.0467,68.5563,2
31.2437,66.1360,69.7557,2
31.1154,65.9338,74.3278,2
30.8020,66.4143,73.2196,2
30.7811,66.6044,78.8175,2
31.3978,66.0104,78.1675,2
30.9567,67.1829,84.6275,2
31.1634,66.4919,83.9681,2
31.5985,66.4532,89.6558,3
31.2496,65.9338,89.0340,2
31.0035,66.6132,94.0878,2
31.0392,66.2531,93.9496,2
30.9508,66.4785,99.2584,2
31.3349,66.4562,100.0000,2
31.0543,70.1986,0.0000,2
31.1250,70.3308,0.0944,2
30.8729,70.6617,5.5262,2
30.7271,70.5465,4.5023,2
30.6804,70.3481,11.9248,2
31.2077,70.9439,10.8305,2
31.0937,70.7949,15.4697,2
31.1467,70.8794,16.1392,2
31.3012,70.5811,21.8987,2
31.0110,71.1616,21.3394,2
30.9758,70.1726,25.9118,2
30.8608,70.4997,25.6788,2
31.3112,70.5595,31.6140,1
30.8196,70.2956,30.4688,1
31.3762,70.1010,36.1712,1
31.3353,70.6426,36.9025,1
31.1207,70.8125,42.1552,1
30.7439,70.7463,42.3164,1
31.2869,70.1516,47.0037,2
31.1311,70.2430,46.1920,2
31.0921,70.7948,52.5671,2
31.1623,70.6473,52.6368,2
31.0798,70.9311,57.4126,2
31.2072,70.1721,57.4973,2
31.2918,70.1634,63.0371,2
31.5249,70.8340,62.7893,3
30.9395,70.4753,69.0770,2
30.8523,70.2077,68.7777,2
30.7164,70.2530,73.6417,2
31.0459,70.1169,73.8611,2
31.1634,70.3276,79.7777,2
31.1206,70.2249,79.7578,2
30.9480,70.5800,83.9671,2
31.1775,70.3819,84.0001,2
31.0206,70.3757,90.0096,2
30.8011,70.5152,89.5184,2
31.0277,70.8168,93.9849,3
31.1662,70.1528,94.4825,2
30.7831,70.4267,99.7109,2
31.3803,70.5987,100.0000,3
30.8311,74.9589,0.8191,3
31.2266,74.3432,0.0000,3
31.0743,74.5637,6.5297,3
30.9562,74.7238,4.9630,3
31.0990,75.1516,10.5837,2
31.0088,74.4147,11.1307,2
31.0239,74.6808,14.6200,2
31.0272,74.6165,14.8765,2
31.2506,74.5763,22.0004,2
31.3355,74.5209,21.7373,2
31.3747,74.5691,25.7995,2
30.6216,74.8510,25.8291,2
31.1347,74.5665,31.1891,1
30.9403,74.3469,31.2980,1
30.9053,74.7326,36.8942,1
30.8384,75.0671,36.7623,1
31.3531,74.8092,42.1398,2
30.9544,74.9213,42.1220,2
31.2243,75.2182,47.0050,2
31.1753,74.9124,47.5975,2
30.9660,74.6130,52.3396,2
30.9319,74.4848,52.5793,2
30.9011,74.8675,57.9232,3
31.0865,74.6548,57.9292,3
31.0032,74.9707,62.9367,3
31.1277,74.3449,63.5139,3
30.9408,74.4632,67.8517,3
30.8090,74.5924,69.1704,3
30.9240,74.0741,73.8669,3
30.8298,74.9813,73.4737,3
30.9978,75.0960,79.2562,3
30.8034,74.4071,78.0556,3
31.5733,74.4780,84.7954,3
30.9462,74.4129,84.2213,3
30.9873,74.9774,89.8809,3
30.9346,74.3049,88.8751,3
30.5961,74.6545,94.7309,3
30.8241,74.3577,94.7288,3
30.9262,74.6730,99.8164,3
31.1024,74.5673,99.7556,3
30.6763,78.9323,0.0443,3
31.0171,79.5209,0.0814,3
31.0213,79.0971,6.3196,3
31.1032,78.2803,5.4792,3
30.8768,78.3706,11.3751,3
31.3489,78.6758,10.0770,3
31.0847,78.6818,15.7219,2
30.9100,78.8272,15.0873,2
31.2180,79.3085,21.0025,2
31.0454,79.1361,21.0536,2
31.3985,78.5525,26.7463,2
31.0298,78.6110,27.4393,2
31.5297,78.8850,31.8013,1
30.9584,78.8543,31.0127,1
30.7966,79.5006,36.8227,1
31.0627,78.7042,36.9371,1
30.7519,78.7152,41.5054,2
31.3112,78.4518,41.5157,2
30.6431,78.6804,47.1387,2
31.2482,78.8808,47.1631,2
31.1126,78.8145,53.8365,2
30.9344,79.0715,53.0448,2
30.9287,78.9970,57.6443,3
31.1074,78.9776,57.8246,3
30.8215,79.5065,63.4511,3
30.7349,78.8213,62.3732,3
31.2050,78.9408,68.4231,3
30.8842,78.8527,68.8146,3
31.2638,79.2013,72.9081,3
31.0154,79.0234,73.3168,3
30.7208,78.5614,79.6973,3
30.8143,78.9616,78.8692,3
31.0219,78.8514,84.6051,3
31.0598,78.7597,84.2362,3
30.7971,79.0901,89.1332,3
30.9280,79.1013,89.2700,3
30.9824,79.2977,94.2503,3
31.1523,79.2322,95.3203,3
31.4879,78.7547,99.5660,3
31.2161,79.2294,99.6046,3
31.1496,83.9752,0.0523,3
31.2373,83.6309,1.2519,3
31.1018,83.5338,4.8689,3
31.0576,83.0240,4.3205,3
30.7320,83.2869,10.7512,3
30.8443,83.6251,9.9713,3
31.1041,83.0333,15.8429,2
31.2323,83.3851,16.1434,2
31.1687,82.7761,21.6199,2
30.8406,83.1261,20.8770,2
31.1227,83.0125,26.2365,2
31.3764,82.7693,26.3146,2
30.8298,83.3602,31.2156,2
31.0603,82.7605,32.2247,2
31.0672,83.1992,37.2566,2
30.8023,82.9734,36.9271,2
30.7002,82.6615,41.6946,2
30.8244,83.0547,42.3665,2
31.2026,83.7007,47.3571,2
31.0835,83.1504,47.5286,2
31.1323,83.4345,53.0907,3
31.1565,83.6109,52.6450,3
30.9303,83.0235,57.8418,3
30.8359,82.9739,57.3248,3
31.1214,83.2640,62.2734,3
30.9218,83.7055,63.4728,3
31.1435,82.9586,68.5647,3
31.0497,82.9189,68.1742,3
30.9584,82.7113,73.0224,3
31.0127,82.9035,73.5338,3
30.7315,83.3983,79.9876,3
31.2581,83.4971,79.2604,3
31.1057,83.1839,83.7533,3
31.1906,83.3471,83.9790,3
31.1578,82.9497,89.1586,3
31.2077,83.2871,89.3577,3
30.9831,83.2103,93.8191,3
30.9011,82.7784,94.7428,3
31.2704,83.3010,99.7442,3
30.9113,82.9317,100.0000,3
31.0662,87.4283,0.0000,3
30.8164,87.3552,0.0000,3
31.0792,87.4044,5.5634,3
30.6788,87.0368,5.2134,3
30.9232,87.2753,10.5808,3
30.9036,87.4261,10.7983,3
31.0656,87.5846,14.7030,3
30.9354,87.6361,15.3573,3
30.8526,87.3305,21.0440,2
30.9457,87.9215,21.1959,2
30.8721,86.9366,26.5186,2
30.8673,88.0142,26.5298,2
31.1646,87.4430,32.1397,2
30.5736,87.0074,32.0960,2
31.3527,86.9978,35.9328,2
31.0861,87.5140,36.9158,2
31.0407,86.8129,41.9178,2
31.0075,87.2039,41.1459,2
31.1696,87.6282,46.9711,2
31.0154,87.2193,47.1248,2
31.1513,87.5236,53.1690,3
31.2634,87.3169,54.0526,3
31.3626,87.1710,57.9580,3
30.6555,87.3766,58.7316,3
31.6089,87.3320,63.3253,3
31.1737,87.9623,62.6664,3
31.5837,87.2733,67.8360,3
30.9896,87.1255,68.6307,3
30.7222,87.4109,74.0162,3
31.3492,87.5726,74.3948,3
30.9315,87.4867,77.8328,3
31.0298,87.4844,79.1860,3
30.7378,87.2514,84.0851,3
30.9668,87.5859,84.1021,3
31.0725,87.2215,90.0061,3
31.2805,87.2759,90.8990,3
30.8993,87.6706,94.2613,3
31.2072,87.5769,94.2310,3
31.0265,87.9287,99.5928,3
31.1330,87.4691,99.9789,3
30.7064,91.8275,0.0058,3
31.2734,91.6485,0.0322,3
31.1271,91.2827,6.0422,3
30.9775,91.4702,5.9093,3
31.1021,91.5080,10.7332,3
31.1778,91.5434,10.9875,3
30.7985,91.6575,16.1896,3
31.1770,90.9066,15.7262,3
30.8098,91.9647,20.8573,2
31.2876,91.2138,21.2480,2
31.0542,92.4082,26.9048,2
31.2754,92.1873,26.4577,2
31.0327,91.5149,31.7429,2
30.4986,91.5796,31.6923,2
31.0215,91.1197,36.7672,2
30.7459,92.1111,36.7134,2
30.6401,91.5170,42.5530,2
31.0878,91.3048,41.7661,2
30.9953,91.4471,46.7386,2
31.0391,91.1788,47.8429,2
31.2669,91.2780,52.2733,3
30.9680,91.5695,52.7600,3
31.1452,91.7109,58.6717,3
31.0647,91.1882,57.0901,3
31.3798,91.7318,63.2611,3
31.1424,91.6270,63.3745,3
30.9781,91.8955,68.1586,3
30.8720,91.0717,68.3022,3
31.3061,91.4417,72.9949,3
31.1096,91.3836,74.4583,3
31.2676,91.1977,78.8604,3
30.9016,91.2308,78.9194,3
31.2163,91.5544,83.9525,3
30.6114,91.3792,84.4864,3
30.7842,91.9637,89.1819,3
31.0914,91.4592,88.8855,3
31.1407,91.3995,94.3203,3
30.5774,91.9698,94.7399,3
31.2739,91.7650,100.0000,3
30.9398,91.1672,100.0000,3
31.0787,95.6496,0.3714,3
31.1143,95.9812,0.0000,3
31.2482,95.7881,5.8056,3
31.2463,95.9954,5.2076,3
31.1945,96.1227,10.8297,3
31.0932,96.0030,10.2635,3
31.3554,95.2849,15.8067,3
30.9714,95.5972,15.9421,3
30.8275,96.4351,20.3766,3
30.8624,95.4758,21.1519,3
31.2555,95.9473,27.0520,2
30.8872,95.9871,26.1640,2
31.0982,96.1221,30.7328,2
31.4508,95.7459,30.7756,2
30.9141,95.8202,36.4956,2
30.6431,95.8185,36.4812,2
31.1829,95.4690,43.2360,2
31.1554,95.8485,42.4168,2
30.6883,95.6404,48.2599,3
30.9886,95.7706,47.1352,2
31.3455,95.7161,52.0057,3
31.5684,95.3770,52.5829,3
30.8843,95.5790,57.3648,3
30.9446,96.0847,56.9437,3
31.3048,96.1160,63.4124,3
31.0779,95.8725,63.8696,3
30.7035,96.0077,68.0480,3
31.2178,95.6054,68.7745,3
30.7429,95.2817,73.6277,3
31.3397,95.9504,73.9488,3
31.2247,95.6704,79.2527,3
30.9367,95.6953,78.8524,3
30.9435,95.7697,84.0832,3
30.9111,95.7473,84.2882,3
30.8327,95.9147,89.2268,3
31.0923,95.5899,89.9989,3
31.2439,95.4747,94.9993,3
31.3419,95.5050,94.3024,3
31.1996,95.3973,99.6112,3
30.8497,96.0137,99.6538,3
30.9957,99.7755,0.5743,3
30.8808,99.5777,0.0000,3
31.1914,100.2298,5.8874,3
30.8004,99.9306,6.4768,3
30.9922,99.8310,10.5158,3
31.1586,100.1540,10.2191,3
30.9356,99.9111,15.4244,3
30.8057,100.5424,15.5860,3
30.9826,99.9043,21.0124,3
31.1396,99.8604,21.6223,3
31.1722,99.9427,25.9827,2
31.2696,99.9514,25.6944,2
31.2568,99.7821,32.0132,2
30.5498,99.8894,32.1589,2
31.0537,100.1794,36.3911,2
31.1222,100.0011,36.9638,2
31.4605,100.3914,42.5013,2
31.2136,99.7273,41.8696,2
30.7461,99.6191,46.9252,2
31.0468,99.6325,47.3488,3
31.0218,99.6597,53.3944,3
30.7877,100.3352,51.5044,3
31.0242,99.6407,57.5675,3
31.4147,99.8959,57.3425,3
31.1502,99.8933,63.2332,3
30.8697,99.7404,62.7641,3
31.2123,99.9320,67.8969,3
31.0850,100.0238,68.7079,3
30.9563,99.9767,73.8951,3
30.8508,100.2659,73.6924,3
30.8324,99.6675,78.8977,3
30.9426,100.2264,78.8040,3
31.1132,99.7454,84.1990,3
31.3157,99.9556,83.9340,3
30.8799,99.9944,90.1783,3
30.7799,99.9850,88.6167,3
30.9705,100.0788,93.9467,3
30.9637,100.0872,94.8024,3
31.1204,99.7076,100.0000,3
30.9326,100.2142,98.8447,3
33.3631,20.0297,0.6747,3
33.4384,20.0565,0.1877,3
33.6717,19.8854,4.5616,3
33.1021,20.1993,5.3748,3
33.3698,19.8242,10.6167,3
33.4630,20.1439,9.9720,3
33.0682,19.7259,15.1139,3
33.1405,20.4709,14.6560,3
33.5150,20.2721,21.5464,3
33.4765,20.3960,21.9443,3
33.3606,20.1342,26.9537,2
33.2487,19.9265,26.0029,2
33.5132,19.4306,32.2973,2
33.5278,20.1770,30.3973,2
33.2130,20.4471,36.7534,2
33.0762,20.0665,37.1817,2
33.5274,19.9549,42.6730,2
33.2807,20.1620,42.1728,2
33.3944,19.8863,47.1966,3
33.4275,19.9122,47.7350,3
33.3139,20.4705,52.3412,3
33.6051,20.2890,52.7145,3
33.4364,19.7813,57.6362,3
33.4650,19.9865,58.4863,3
33.3301,19.8818,62.3255,3
33.5498,20.1660,63.6464,3
33.6277,20.2367,68.8366,3
33.5431,20.2292,67.5001,3
33.2011,19.6210,74.3193,3
33.2645,19.8131,73.6875,3
33.1723,20.1142,77.8822,3
33.1856,20.0596,78.3266,3
33.6809,20.0139,84.7766,3
33.4926,19.9964,83.7122,3
33.6069,20.1324,90.5160,3
33.5867,19.8808,89.6184,3
33.5055,20.3489,95.3978,3
33.3887,19.6353,93.8099,3
33.1931,19.8225,100.0000,3
33.7250,20.2880,100.0000,3
33.2796,23.7559,0.0000,3
33.0141,23.8763,0.0000,3
33.4544,24.2512,4.9183,3
33.5348,24.0094,5.2682,3
33.1991,24.5371,10.5367,3
33.5568,23.8457,10.6135,3
33.5355,23.5974,16.3735,3
33.1712,24.2738,16.6833,3
33.6120,23.7635,20.9636,3
33.6677,23.9655,20.8727,3
33.3435,24.3815,25.5473,2
33.5463,24.0237,26.3101,2
33.3761,24.3905,31.5684,2
33.7091,24.5074,31.1813,2
33.6941,24.3063,36.9270,2
33.5907,23.8982,36.1524,2
33.4260,24.0286,43.1421,2
33.2682,24.2226,42.2012,2
33.6673,23.9122,46.5624,3
33.6999,24.2347,47.7733,3
33.5924,24.5195,52.4426,3
33.2913,23.6116,52.1341,3
33.4335,24.0001,57.3243,3
33.4311,24.6134,57.8667,3
33.1945,24.5923,62.7708,3
33.7169,24.1316,63.2095,3
33.7332,23.8051,67.8960,3
33.3557,24.1685,69.7421,3
33.2434,23.8193,73.2163,3
33.4675,24.3581,73.3307,3
33.4253,24.7941,78.9650,3
33.4853,24.7772,78.5984,3
33.2684,24.0696,83.9466,3
33.0569,24.2519,84.3190,3
33.3839,24.2848,89.6027,3
33.1578,24.2971,89.7529,3
33.1016,24.6495,94.1189,3
33.1934,24.2711,95.0042,3
33.5766,24.3788,99.7402,3
33.4428,24.1155,100.0000,3
33.4347,28.2696,0.0000,3
33.0506,28.6701,0.1488,3
32.9597,28.6590,5.2366,3
33.2337,28.1134,4.9190,3
33.2347,28.1819,11.3766,3
33.4953,29.0319,10.6392,3
33.5369,28.1568,15.7055,3
33.4047,28.6071,15.7647,3
33.4913,28.5157,20.9012,3
33.3399,28.2204,21.5938,3
33.3606,28.5197,26.2375,2
33.6336,27.8246,26.4673,2
33.1701,28.5383,31.5057,2
33.1254,28.5223,31.6910,2
33.3748,28.3897,36.9229,2
33.6567,28.3268,37.3486,2
33.4136,28.8098,41.9877,2
33.2878,28.0917,42.0884,2
33.2624,28.8424,46.9328,3
33.2830,28.5954,47.9613,3
33.5673,28.7387,52.5915,3
33.4078,29.0246,53.4767,3
33.5639,28.7530,58.3240,3
33.1799,28.4092,58.6431,3
33.5651,28.4020,63.9123,3
33.4949,28.6477,63.3452,3
33.5293,28.6049,69.0709,3
33.7070,28.2857,68.5988,3
33.6753,28.3816,73.0298,3
33.2393,28.1692,73.4551,3
33.2718,28.7298,78.8090,3
33.6733,28.0820,78.7707,3
33.4419,28.6643,84.7823,3
33.3134,28.7191,83.3696,3
33.5953,28.0187,89.6970,3
33.6469,28.6872,88.6541,3
33.3316,28.6361,95.0810,3
33.4762,27.7606,95.3359,3
33.6963,28.4702,100.0000,3
33.5217,28.8592,100.0000,3
33.3828,32.7460,0.0000,3
33.4211,32.1018,0.2614,3
33.6553,32.9377,5.7387,3
33.4105,32.6753,5.8589,3
33.5945,33.0775,10.1900,3
33.2853,32.5318,10.0548,3
33.1568,32.7722,15.9897,3
33.4703,32.7377,15.0576,3
33.3250,32.5435,21.0769,3
33.1291,32.3532,20.8344,3
33.6327,32.7101,26.8266,2
33.3966,32.6319,26.5653,2
33.3856,32.4442,30.8341,2
33.3015,32.8824,32.2093,2
33.2664,32.1115,37.3054,2
33.4349,32.2275,35.2867,2
33.2284,32.4927,41.5294,2
33.5594,32.3878,42.1115,2
33.8958,32.6668,47.3107,3
33.4025,32.8323,47.6410,3
33.2203,32.5082,52.2979,3
33.3645,33.1796,52.9403,3
33.4051,33.0049,57.9890,3
33.0934,33.1308,57.8165,3
32.9698,32.1517,63.7217,3
33.1044,33.0363,63.1984,3
33.5638,32.5545,68.6827,3
33.4844,32.6200,67.8883,3
33.4928,32.0865,74.1500,3
33.4605,32.7708,72.3758,3
33.1959,32.4799,79.2842,3
33.2325,33.3960,78.8157,3
33.2179,32.5755,83.7351,3
33.1842,32.9349,84.4671,3
33.5243,33.0146,89.7170,3
33.2076,32.8442,88.9104,3
33.3254,32.6179,94.6633,3
33.0628,32.3413,94.7256,3
33.2989,32.9695,100.0000,3
33.1970,32.6495,100.0000,3
33.3942,36.7200,0.4301,3
33.3662,37.2234,0.0000,3
33.3261,37.0792,5.3134,3
33.4427,36.2693,5.0865,3
33.5939,36.6070,10.8766,3
33.4747,36.7822,11.2052,3
33.3531,36.7611,15.6839,3
33.4372,37.0722,15.0532,3
33.5947,36.8625,21.3296,3
33.8994,36.6886,20.4403,3
33.4598,36.9478,26.7516,2
33.3134,36.5931,25.5493,2
33.1476,36.7173,31.5207,2
33.8341,36.3343,31.7466,2
33.2759,36.9090,36.5655,2
33.6281,37.1509,36.7856,2
33.7089,37.0701,42.8015,2
33.4124,37.1276,41.7211,2
33.2471,37.4961,46.8255,2
33.3338,36.2727,46.9455,3
33.2222,36.6410,52.7815,3
33.5293,36.5401,52.2367,3
33.6378,37.3537,58.5227,3
33.0918,37.1989,58.8216,3
33.0819,37.1669,63.2705,3
33.3556,36.8740,63.3795,3
33.6526,37.1739,67.6676,3
33.2913,36.8702,69.2072,3
32.8756,36.6589,72.9203,3
33.1472,37.1378,73.4183,3
32.9543,36.7946,79.9653,3
33.0597,37.0020,79.7312,3
33.4112,37.4205,83.8806,3
33.7102,37.2051,84.1943,3
33.1236,36.5416,88.3016,3
33.5399,36.9844,89.5133,3
33.3965,37.2494,94.8857,3
33.3101,36.8863,95.7606,3
33.5455,36.7251,99.9778,3
33.5137,36.7158,99.7452,3
33.4188,41.5084,0.3955,3
33.3391,41.3133,0.0043,3
33.4900,41.1287,4.2080,3
32.8116,41.1206,4.8367,3
33.0932,40.8060,10.9886,3
33.4926,41.2842,10.7529,3
33.2373,41.2856,16.0823,3
33.3976,41.0703,16.1857,3
33.2712,41.3790,21.3352,2
33.4215,41.5120,20.4055,3
33.3290,40.8480,26.4948,2
33.6575,40.7577,27.9685,2
33.2885,41.1608,31.5803,2
33.4303,40.8149,32.1127,2
33.2503,40.5220,36.2811,2
33.7101,41.4278,35.8385,2
33.5838,40.4581,42.0916,2
33.1795,41.3199,42.3826,2
33.6170,40.9641,47.2728,2
33.1212,40.7435,47.8427,2
33.4945,41.0839,53.2626,3
33.1610,41.2687,52.0420,3
33.7166,41.2160,58.3770,3
33.2807,41.7073,58.8940,3
33.5071,41.4052,63.0070,3
33.1674,41.2914,62.6982,3
33.6831,41.3670,68.5387,3
33.4569,41.3494,68.5583,3
33.3402,40.5983,74.1637,3
33.4943,41.8793,73.6363,3
33.4815,41.1503,79.2727,3
33.2277,41.0295,79.3612,3
33.3545,41.2897,84.2589,3
33.5014,41.3980,84.0968,3
33.1307,40.9727,89.0609,3
32.9959,41.0206,89.5732,3
33.6252,40.7108,94.7811,3
33.6467,40.8802,95.0050,3
33.7406,40.4939,100.0000,3
33.6536,40.9474,100.0000,3
33.5479,45.7940,0.2912,3
33.7916,45.3532,0.0000,3
33.2949,45.5687,5.7625,3
33.3589,45.8044,5.0862,3
33.5134,45.3934,9.8611,3
33.3990,45.9773,10.0652,3
33.5461,44.9168,15.3231,3
33.1382,45.5455,15.3538,3
33.6746,45.1038,21.1166,2
33.5033,44.7781,21.1545,2
33.4910,45.6052,25.8360,2
33.2576,45.4610,27.0220,2
33.3026,44.8926,31.4206,2
33.2184,45.3825,31.0390,2
33.6156,45.3269,37.3442,2
32.9364,44.7357,37.4884,2
33.2771,44.8232,42.0039,2
33.4695,45.2158,42.3393,2
33.4876,45.3472,48.0426,2
33.4182,45.2501,47.7698,2
33.5316,44.9923,52.5855,3
33.5087,45.0871,52.3620,3
33.1428,44.3983,57.7077,3
33.4465,44.9345,58.5837,3
33.2117,45.5369,63.3672,3
33.8563,45.4251,62.4348,3
33.6319,45.7724,67.5350,3
33.5489,45.5213,68.3146,3
32.9367,45.1744,73.3937,3
33.7270,45.2366,73.4781,3
33.3037,45.3609,78.9758,3
33.2631,45.3424,78.6687,3
32.9026,45.4636,84.4971,3
33.4610,45.1304,84.1745,3
33.5849,45.0736,89.9035,3
33.1261,45.3136,89.4866,3
33.6216,44.9875,94.3319,3
33.1422,45.0931,94.8645,3
33.0615,45.1303,100.0000,3
33.4005,45.2857,99.2469,3
33.4010,49.4823,0.0000,3
33.4516,49.3809,0.0000,3
33.2131,49.7660,4.6498,3
33.4526,50.0176,5.8139,3
33.5229,49.5486,10.4624,3
33.2408,49.3975,10.8138,3
33.4990,49.7103,16.3993,3
33.3894,49.5312,14.8399,3
33.8723,49.3495,21.3785,2
33.3381,49.3424,20.9341,2
33.1720,48.7296,26.8956,2
33.5302,49.1989,26.5417,2
33.5858,49.2658,31.7849,2
33.6224,49.0422,31.8457,2
33.4939,50.0378,37.1206,2
33.3389,49.3851,37.8538,2
33.3501,49.6495,41.9861,2
33.6373,49.8129,42.0939,2
33.3397,49.3445,46.5048,2
33.4412,49.4978,46.9604,2
33.0541,49.5356,52.7979,3
33.5000,49.1767,52.8300,3
33.3853,49.7330,57.4073,3
33.6511,49.9267,57.9528,3
33.5018,49.7089,62.6450,3
33.3238,49.5289,64.1713,3
33.1818,49.9650,68.3244,3
33.4142,49.8391,69.4318,3
33.5056,49.8231,73.2241,3
33.3152,49.0680,73.4264,3
33.5341,49.5373,79.8109,3
33.8320,49.4327,78.6075,3
33.6531,49.8530,84.4312,3
33.5622,49.6384,83.7161,3
33.1773,49.4584,89.3732,3
33.4764,49.4343,88.6221,3
32.9986,49.6949,94.4054,3
33.3746,49.3063,94.2803,3
33.2331,49.7796,99.8804,3
33.5480,49.7044,100.0000,3
33.5815,53.6885,0.6819,3
33.5857,53.9711,0.0000,3
33.4737,53.1337,5.9637,3
33.2964,53.5388,4.5795,3
33.4138,53.6037,11.4377,3
33.5929,53.5298,9.6932,3
32.9643,53.3763,15.1239,2
33.4908,53.6407,15.7981,2
33.2313,53.7298,20.3424,2
33.4034,53.9333,20.8699,2
33.5098,53.0912,25.2872,2
33.4865,53.9983,26.1967,2
33.8501,53.2512,31.2390,2
33.4491,53.8235,31.2870,1
33.2092,53.8703,36.9087,1
33.3521,53.8339,36.7739,1
33.3931,53.6312,41.6947,2
33.2365,53.5265,42.1213,2
33.0468,53.9676,47.3776,2
33.2080,54.1692,47.3893,2
33.1540,54.1557,53.3090,2
33.2393,53.5873,52.4028,2
33.0432,53.7816,58.3173,3
33.5524,53.6940,58.3658,3
33.1940,54.2297,62.7719,3
33.2889,53.5116,62.8338,3
33.3825,53.6148,68.4859,3
33.2573,53.7342,67.8758,3
33.5675,53.9002,73.6813,3
33.2911,53.7775,73.2404,3
33.4280,53.6387,80.2623,3
33.1756,52.8840,78.6286,3
33.0779,53.4662,83.5617,3
33.2402,53.3647,84.6920,3
33.4113,54.0068,89.4939,3
33.6068,53.5936,90.2710,3
33.5152,53.4503,95.0464,3
33.4265,53.6235,94.7849,3
33.5713,53.0490,99.8245,3
33.5576,53.7587,99.4368,3
32.9475,58.4050,0.0000,3
33.7239,58.1332,0.0000,3
32.9208,57.7561,5.2445,3
33.5112,57.5615,5.3522,3
33.4566,58.1905,10.3729,2
33.5096,57.9813,10.9641,2
33.2571,56.9735,15.6710,2
33.3749,57.5475,15.0354,2
33.3061,57.8603,21.1003,2
32.9640,57.3687,21.6174,2
33.3831,57.8940,25.6492,2
33.4202,57.7820,26.0065,2
33.1287,57.6342,32.5650,1
33.3512,58.1316,31.4807,1
33.3586,57.7039,37.5149,1
33.4957,57.6579,36.6451,1
33.6362,57.0432,42.2605,2
33.5286,57.6698,42.1826,2
33.5215,57.5254,47.7894,2
33.4805,57.8488,47.4209,2
33.5625,58.5896,52.9366,2
33.5832,57.9528,53.5824,2
33.1279,57.3735,57.9713,3
33.5531,57.1224,57.8930,3
33.3850,58.1180,63.3723,3
33.0594,57.5707,62.7545,3
33.5688,58.0071,68.1107,3
33.4500,57.5773,69.4459,3
33.5359,58.1306,74.3726,3
33.6243,57.9042,73.5917,3
33.6787,57.9027,78.5729,3
33.8144,57.6140,78.0800,3
33.6196,57.6754,84.4281,3
33.7845,57.4823,84.1901,3
33.7177,58.0993,89.3838,3
33.8989,57.8661,89.6721,3
33.7509,58.1890,95.3977,3
33.2411,58.2632,94.8216,3
33.2719,57.9613,100.0000,3
33.7947,58.0091,99.6096,3
33.2188,62.0910,0.0000,3
33.2780,62.0320,0.0000,3
33.5664,61.8839,4.0282,3
33.0839,62.0999,4.9698,3
33.1737,62.6928,10.9407,2
33.4094,62.1753,10.3937,2
33.1703,62.4145,16.2151,2
33.0256,62.1732,15.9579,2
33.3567,62.7344,22.0470,2
33.3456,62.0384,20.8825,2
33.2988,61.8290,26.5692,2
33.8133,62.5703,26.7104,2
32.9396,61.5459,32.1110,1
33.7449,62.2714,31.4262,1
33.6915,62.3313,37.4108,1
33.0497,62.2083,37.7294,1
33.5265,62.3897,42.1235,2
33.4423,62.5260,41.7704,2
33.2675,61.9618,47.3801,2
33.0990,62.3246,47.2863,2
33.5918,61.4695,53.0603,2
33.6884,62.2368,52.6466,2
33.5941,62.4867,58.1562,3
33.5406,62.6023,58.2753,3
33.2610,62.4853,63.0960,3
33.4277,62.1373,63.6423,3
33.7708,62.1126,69.2867,3
33.4540,62.5259,68.5203,3
33.3226,62.6819,73.3903,3
33.2901,61.7285,74.3178,3
33.7217,62.2172,78.4554,3
33.4197,62.0145,78.4321,3
33.3233,62.2570,83.9079,3
33.4794,61.5724,85.0501,3
33.3428,62.3663,89.5680,3
33.5016,61.7657,89.0934,3
33.2735,62.1129,95.3999,3
33.5077,61.8352,94.7805,3
33.4049,62.0000,99.9923,3
33.5738,61.8893,99.8271,3
33.6175,66.4565,0.6396,3
33.7082,65.9076,0.1441,3
33.3195,65.9562,4.8686,3
33.3609,66.2274,4.9597,3
33.4183,67.0498,9.6637,2
33.6485,66.3103,10.3074,2
33.0174,66.5446,15.0690,2
33.5866,66.8382,15.1481,2
33.6547,66.3234,20.0055,2
33.1801,66.3693,21.2532,2
33.1049,66.3253,26.7276,2
33.6208,66.1919,26.5350,2
33.6355,66.5715,32.0247,1
33.4438,66.2874,31.7150,1
33.2683,66.6494,36.0769,1
33.3202,66.3049,37.0769,1
33.5526,66.7625,42.1441,2
33.2775,66.2723,41.9456,2
33.5250,65.9957,47.2807,2
33.7456,66.3697,46.8420,2
33.3531,65.6459,52.6021,2
33.7506,65.9598,51.9036,2
33.2904,66.5922,58.7471,3
33.5107,65.9300,57.8836,3
33.7789,66.2225,63.2281,3
33.4692,65.8520,63.6569,3
33.5918,65.7177,67.7557,3
33.2271,66.5403,68.0455,3
33.5013,66.2613,73.7198,3
33.5202,66.3975,73.6747,3
33.4865,66.3809,78.8425,3
33.3348,66.8799,78.7260,3
33.6945,66.1103,84.6156,3
33.7778,66.2145,83.8768,3
33.3352,66.3100,89.6346,3
33.4131,66.1898,90.4510,3
33.3810,66.1298,95.1521,3
33.5903,66.7395,95.7008,3
33.4903,66.2293,99.0489,3
33.2335,66.3784,99.4095,3
33.1040,70.5461,0.3884,3
33.3718,70.7953,0.3083,3
33.6509,71.1783,6.5702,3
33.5674,70.3884,5.2941,3
33.7357,70.2583,11.2501,2
33.3871,70.5945,10.1225,2
33.1563,70.4427,16.4410,2
33.2807,71.0101,15.5030,2
33.2074,70.6024,21.3922,2
33.4587,70.5716,21.8541,2
33.4400,70.3852,25.7493,2
33.6758,70.3986,26.1517,2
33.6314,71.1426,31.7046,1
33.3937,70.5246,31.3512,1
33.3499,70.4212,37.2975,1
33.4034,70.9341,36.7840,1
33.3476,70.9097,42.1160,2
33.3958,70.5364,42.8386,2
33.4823,70.9012,47.2511,2
33.6389,70.5976,47.8097,2
33.6144,70.2438,52.6676,2
33.6125,70.8613,53.2583,2
33.4420,70.9884,57.5661,3
33.1221,70.4430,58.4927,3
33.2038,70.0854,62.2976,3
33.5682,70.0920,63.4324,3
33.3554,70.2951,67.9217,3
33.4623,70.3001,68.4186,3
33.5013,70.7101,74.1514,3
33.4540,70.2113,73.9171,3
33.5523,70.4718,78.8034,3
33.9161,70.1384,79.1942,3
33.6303,70.4239,84.1263,3
33.3408,70.5264,84.6603,3
33.3814,71.4595,89.2473,3
33.6966,70.6895,89.5279,3
33.7152,70.0463,94.9494,3
33.2778,70.3955,94.4953,3
33.2283,70.0305,100.0000,3
33.4079,70.4361,100.0000,3
33.5114,74.6568,1.5255,3
33.6246,75.4703,0.0000,3
33.4710,74.3654,5.0979,3
33.3043,75.6355,4.9169,3
33.3742,74.3007,10.7932,3
33.2410,75.0124,9.6322,3
33.3967,74.1831,15.5442,2
33.3636,74.5571,15.5394,2
33.6153,75.3892,21.2223,2
33.2490,74.7561,20.8755,2
33.5989,74.8232,25.5269,2
33.6406,75.0269,27.0633,2
33.3178,74.8271,30.9866,1
33.4108,74.8559,31.2609,1
33.4895,74.7872,36.6172,1
33.7005,74.6665,36.9085,1
33.1277,74.8926,41.8668,2
33.6125,74.3435,42.3206,2
32.9846,74.9216,47.2810,2
33.5009,74.5568,46.8938,2
33.3342,74.7944,52.9199,2
33.4818,74.4558,53.5504,2
33.4876,74.5501,58.1068,3
33.4723,74.6842,57.7483,3
33.6180,75.2552,62.1399,3
33.6672,74.7428,63.2762,3
33.6914,73.9404,68.8284,3
33.6776,74.5303,67.7241,3
33.7490,74.2099,73.8935,3
33.6257,74.8558,73.9665,3
33.3680,74.8757,78.5931,3
33.3053,74.7475,78.1774,3
33.5365,73.9926,84.3919,3
33.5124,74.4985,83.5935,3
33.3394,74.9287,89.6465,3
33.1987,74.7685,89.6047,3
33.4650,74.4409,94.8147,3
33.6046,74.8979,94.9426,3
33.7496,74.7872,99.5790,3
33.2533,74.7896,99.2812,3
33.3589,79.0866,0.5856,3
33.1123,78.9771,0.0000,3
33.4286,78.9898,5.2473,3
33.6995,79.3206,6.3348,3
33.4189,78.8242,10.0424,3
33.3172,79.1617,10.9606,3
33.5562,78.7480,15.4599,3
33.8123,78.6978,16.4977,2
33.5020,78.7276,20.4604,2
33.2833,79.0727,20.5978,2
33.7319,78.8850,26.6660,2
33.5450,79.4339,26.0968,2
33.4423,78.5269,31.6305,2
33.6491,79.0132,32.7353,2
33.5250,78.7852,37.0700,2
33.1284,78.7077,36.2336,2
33.4243,78.9292,42.7078,2
33.4012,78.6466,42.8849,2
32.8321,78.9589,47.4772,2
33.4190,79.0974,47.4238,2
33.5210,78.7667,51.9021,3
33.4118,78.6394,52.2673,3
33.6533,79.4148,58.4661,3
33.6125,78.9654,58.4025,3
33.4922,79.5316,62.6988,3
33.5556,78.5681,63.4971,3
33.0772,78.5833,67.7797,3
33.4715,79.0537,69.6463,3
33.4028,79.1791,73.7646,3
33.5588,78.9905,74.2340,3
33.2105,78.2131,79.1561,3
33.0600,79.3409,78.6733,3
33.2134,79.7575,84.2013,3
33.3790,79.1718,84.6183,3
33.6489,78.5475,89.7417,3
33.3624,78.6711,89.4977,3
33.0588,79.2243,94.5915,3
33.3256,78.9061,94.6531,3
33.6492,78.6187,99.8089,3
33.3777,78.6278,100.0000,3
33.2763,82.7366,0.2631,3
33.7305,83.1724,0.0000,3
33.3962,83.0031,5.8482,3
33.4399,82.5043,5.8626,3
33.6118,83.3384,9.1486,3
33.4205,83.4259,10.7161,3
33.4621,83.4266,15.8591,3
33.6618,83.2064,15.8306,3
33.5995,83.0383,20.5040,2
33.4218,83.3350,21.5153,2
33.6072,83.1373,26.2301,2
33.3026,83.2329,25.4952,2
33.4256,84.0128,30.8270,2
33.4524,83.2712,31.8322,2
33.2277,83.3126,36.5749,2
33.1355,83.4435,37.1744,2
33.2277,82.9948,41.8153,2
33.0923,83.3866,42.5052,2
33.3545,83.1495,47.4258,2
33.4699,82.7536,47.6126,2
33.1860,83.3623,52.0991,3
33.1610,83.1495,52.6063,3
33.4418,82.8901,57.9961,3
33.4804,83.5076,57.9873,3
33.3012,82.7538,62.3928,3
33.4856,83.3959,62.7128,3
33.4721,83.1056,68.7802,3
33.5943,82.4780,68.9371,3
33.4715,82.9985,73.4325,3
33.4274,83.0068,73.2157,3
33.2795,82.8458,79.6207,3
33.4322,83.8337,79.1329,3
33.5388,82.8394,84.1014,3
33.4356,82.9667,83.9781,3
33.5051,83.2898,88.8052,3
33.4778,83.3238,89.1785,3
33.2827,83.2903,93.4503,3
33.4215,83.6482,93.4387,3
33.5856,83.3212,99.2810,3
33.5252,83.4583,99.4117,3
33.2796,87.3763,0.4888,3
33.3128,87.3558,0.0000,3
33.4260,87.6824,5.3161,3
33.3496,87.3586,4.8628,3
33.2222,87.7294,11.3452,3
33.0628,87.5431,10.9558,3
33.1787,87.2269,15.5010,3
33.8012,87.8642,15.3289,3
33.1292,87.6003,21.3246,2
33.6699,87.0507,21.4144,3
33.2747,87.5554,26.2972,2
33.8012,87.5026,26.1588,2
33.4486,87.3383,31.0017,2
33.8060,87.8480,31.4908,2
33.5610,87.9838,37.4606,2
33.3596,87.3420,35.9833,2
33.5760,87.7413,42.7301,2
33.5613,87.4741,41.6064,2
33.4850,87.1789,47.6310,2
33.2683,87.5241,48.0300,3
33.4965,87.4670,53.0881,3
33.7751,87.3362,52.8921,3
33.7233,87.5692,56.8935,3
33.2779,87.5937,57.6946,3
33.7091,87.9258,62.8628,3
33.2146,87.2601,62.9484,3
33.7283,87.0578,68.7923,3
33.6986,87.6142,68.6393,3
33.3886,87.9231,73.5616,3
33.6107,87.3208,72.7634,3
33.3671,87.3215,78.8757,3
33.2890,87.5562,79.3159,3
33.3599,87.2742,83.6852,3
33.4719,87.7818,84.8998,3
33.3012,87.9658,89.2926,3
33.2179,86.9599,88.9355,3
33.4878,87.2912,94.4208,3
33.2516,87.0426,94.2919,3
33.6241,87.9094,100.0000,3
33.5585,87.2207,99.6661,3
33.5723,91.5050,0.2060,3
33.8071,91.6440,1.1389,3
33.1957,91.7132,5.4200,3
33.2242,91.8194,6.0286,3
33.8616,91.7023,9.5763,3
33.5164,91.8015,10.4087,3
33.4641,91.4339,15.7226,3
33.6245,91.9957,15.1541,3
33.3188,91.1024,21.9718,3
33.5952,90.9786,21.0204,3
33.3644,91.3522,26.8339,2
33.6237,91.6598,25.9950,2
33.2944,91.5921,31.3504,2
33.4199,91.7464,30.8122,2
33.2694,91.5688,37.6248,2
33.5901,91.5779,37.0433,2
33.4008,91.9021,42.3221,2
33.6768,91.1723,41.7022,2
33.4760,91.7270,48.5686,3
33.0595,91.5690,47.3295,3
33.4686,92.0989,53.0697,3
33.1003,92.0391,53.3845,3
33.4737,91.0936,57.8189,3
33.5148,91.8779,57.0095,3
33.2672,91.9084,63.9088,3
33.5072,91.9235,63.3855,3
33.6137,91.6225,68.6610,3
33.1767,91.7956,67.7949,3
33.5653,91.4473,73.8692,3
33.2305,91.4279,73.8682,3
33.5719,91.9071,78.3723,3
33.1208,91.2864,78.4146,3
33.7344,91.9810,83.7122,3
33.7631,91.9631,83.3957,3
33.2150,91.0812,89.4304,3
33.4245,91.5836,88.4603,3
33.1356,91.6570,95.0480,3
33.0171,91.1946,95.2480,3
33.1762,91.5745,99.3402,3
33.5873,90.9739,99.8478,3
33.6091,95.9725,0.0000,3
33.2813,95.7196,0.0000,3
33.4011,95.7646,5.0542,3
33.6211,95.4683,4.4110,3
33.3160,95.8267,10.4730,3
33.3908,95.4516,10.0350,3
33.3234,95.6193,16.3385,3
33.4738,95.6297,16.3370,3
33.5103,95.3822,19.4318,3
33.1558,95.9680,21.4984,3
33.0890,95.9871,26.6262,2
33.7001,96.0746,26.9917,2
33.5187,95.9259,31.4103,2
33.5851,95.3898,31.5096,2
33.5290,96.2119,36.6031,2
33.6144,95.7303,37.3356,2
33.2608,96.0073,42.0576,2
33.1840,95.7435,42.7661,2
33.2172,95.3442,47.5678,3
33.0855,96.2585,48.1375,3
33.6287,95.7861,53.4639,3
33.6901,95.6297,53.3510,3
33.2387,95.7304,56.9980,3
33.4502,95.7011,57.6686,3
33.3879,95.6156,63.1787,3
33.6778,95.4709,63.5892,3
33.4641,95.9017,68.4057,3
33.2776,95.9229,68.6805,3
33.2610,95.3879,73.7269,3
33.5720,96.0910,74.2859,3
33.4953,95.7105,78.9463,3
33.1724,95.5847,78.9207,3
33.3677,95.8171,83.5231,3
33.1908,96.0221,83.7939,3
33.2858,95.8180,89.0081,3
33.6423,95.4124,89.4744,3
33.2713,95.8363,94.4881,3
33.4163,96.1559,94.3931,3
33.2819,95.6947,100.0000,3
33.4031,96.1597,99.9115,3
33.6590,100.1222,0.2773,3
33.1339,99.5248,0.5351,3
33.6326,100.7264,4.5202,3
33.5182,99.6929,4.8929,3
33.3206,100.1147,10.1943,3
33.4278,100.2496,11.0903,3
33.5596,100.1356,15.7187,3
33.3073,100.1617,15.2640,3
33.4449,99.6773,21.0320,3
33.2103,99.8798,20.7147,3
33.2617,99.9738,25.1039,3
33.0606,100.2411,26.3895,2
33.2764,100.2922,31.2594,2
33.3051,99.7650,32.5323,2
33.4681,100.0587,37.0753,2
33.0505,99.8218,37.0696,2
33.4202,100.6616,41.8377,2
33.6097,100.2418,42.1767,2
33.4859,99.9129,46.3818,3
33.4909,100.1285,47.6612,3
33.4337,100.2911,52.1986,3
33.7147,99.7036,52.5777,3
33.5572,99.8455,58.2692,3
33.3525,100.0354,57.8042,3
33.3057,100.6753,62.7380,3
32.9638,99.7589,63.2235,3
33.3457,100.3056,68.9121,3
33.3574,99.4953,67.7795,3
33.4146,99.5306,73.5003,3
33.7053,100.1029,73.7070,3
33.2129,100.0545,78.8181,3
33.4688,100.2181,79.3964,3
33.4468,100.1536,83.9545,3
33.6476,99.7339,84.1068,3
33.6684,99.8555,88.8033,3
33.3389,100.4175,88.3383,3
33.4415,99.8098,94.6530,3
33.3513,100.2881,94.7637,3
33.6232,100.3852,100.0000,3
33.3492,100.1132,100.0000,3
35.5588,20.0708,0.0000,3
35.7054,19.7927,0.0000,3
36.0406,19.8908,5.8350,3
35.8157,19.6602,5.3585,3
35.5519,20.1821,10.4224,3
35.9605,20.4301,9.6586,3
35.6972,19.6372,16.8686,3
35.7014,19.6055,16.9096,3
35.6443,19.5134,20.4734,3
35.8181,20.0137,20.6346,3
35.6925,20.0159,26.9777,2
35.8561,19.8311,26.2016,2
35.9434,20.5040,31.0266,2
36.0123,19.9062,30.7668,2
35.4250,20.4003,37.5688,2
35.6757,19.9364,35.9509,2
35.9419,19.9915,41.3291,2
35.8304,19.5832,42.3840,2
35.5729,20.1011,47.0419,3
35.3163,20.2988,47.8939,3
35.6851,20.0823,52.8507,3
35.8836,20.5177,52.8400,3
35.7179,20.1284,57.6798,3
35.5764,20.3659,58.1618,3
35.4171,19.7949,63.5367,3
35.4767,19.7741,64.4886,3
35.7233,20.3248,69.1713,3
35.6078,20.0799,69.4505,3
35.8814,20.7097,73.3658,3
36.1489,20.0050,73.5205,3
35.9175,19.9666,78.9051,3
35.8865,19.4577,78.5480,3
35.9340,20.2975,84.3891,3
35.8446,20.1207,84.6894,3
35.5042,19.8472,89.4365,3
35.8286,19.3671,88.8450,3
35.7861,20.3039,94.5273,3
35.6561,20.1586,94.5728,3
35.9657,19.9336,99.4424,3
36.0736,20.3712,99.5223,3
35.8686,24.1125,0.3095,3
35.6143,24.4721,0.5975,3
35.6000,24.2308,5.8711,3
35.5892,24.0099,5.5940,3
35.7573,23.7379,10.3662,3
36.1388,24.8294,10.2078,3
35.6068,24.0731,16.6904,3
35.9579,24.6498,16.2888,3
35.5256,23.9259,20.7045,3
35.6851,24.0070,20.7716,3
35.9176,24.2513,26.9257,2
35.8398,24.0076,26.4100,2
35.4872,23.5170,31.9006,2
35.9931,24.2322,31.3833,2
35.5211,24.5606,37.0884,2
35.8477,24.2091,36.6073,2
35.5668,24.2863,41.8360,2
35.7047,24.7259,42.0812,2
35.2989,24.0499,46.8677,3
35.7616,23.7832,47.5852,3
35.7303,24.0678,52.7064,3
35.7741,24.1701,52.5195,3
35.7854,24.3135,58.0037,3
36.0149,24.0465,58.0138,3
36.2787,24.1982,63.1568,3
35.5368,23.9966,63.1047,3
35.8962,24.4053,68.5842,3
35.9503,23.9107,68.6655,3
35.7921,24.2480,73.5031,3
35.5989,23.8460,73.8445,3
35.8890,24.1717,78.9400,3
35.6454,24.3614,78.9777,3
35.7164,24.4704,84.5330,3
35.4823,24.2253,83.7314,3
35.8174,23.2650,89.5723,3
35.9319,24.1773,88.8913,3
36.1807,24.5573,94.4713,3
35.7373,23.6162,94.9735,3
35.5156,24.4104,100.0000,3
35.7754,23.8912,100.0000,3
35.7899,28.4490,0.0000,3
35.8281,28.3602,0.0000,3
36.0575,28.9488,5.7723,3
35.9632,28.9506,4.7394,3
35.5776,28.2967,10.6752,3
35.7309,28.1151,10.5291,3
35.7706,28.6735,15.8117,3
35.4086,28.5367,16.5804,3
35.7953,28.7171,20.8001,3
35.9026,28.1977,20.9294,3
35.7417,28.5641,25.9037,3
35.4965,28.5621,26.5321,2
35.8120,28.7009,31.4776,2
35.8457,28.3161,31.4496,2
35.8575,29.1010,37.2133,2
35.8992,28.6531,35.6682,2
35.8533,28.6942,42.1475,2
35.7808,28.1391,41.8886,2
35.6228,28.7209,48.1193,3
36.1765,28.1661,47.0342,3
35.6395,28.1155,52.1304,3
35.6864,28.6834,52.2727,3
36.0001,28.8313,58.0373,3
36.0353,28.0127,57.6156,3
35.8274,28.4880,63.8725,3
35.5897,28.2600,63.1154,3
35.6857,28.1083,68.1828,3
35.7404,28.8553,67.9109,3
35.9525,28.8027,73.4279,3
35.8415,28.5938,73.8897,3
35.8059,28.2174,79.2786,3
35.7146,28.4296,79.0353,3
35.9607,28.9994,83.8416,3
35.8000,27.9757,84.9512,3
35.7982,28.3312,89.4998,3
35.8100,28.2015,90.0677,3
35.9184,28.6563,94.3968,3
35.6427,28.3870,95.1368,3
35.8898,28.1877,100.0000,3
35.5951,28.2226,100.0000,3
35.5552,32.3425,0.7761,3
36.0627,33.3185,0.2253,3
35.9184,32.5851,5.0879,3
35.9639,33.0402,5.6565,3
35.6215,32.7491,10.1412,3
35.7246,33.1224,9.9265,3
36.2232,32.7964,15.5564,3
35.8031,32.4261,15.5160,3
35.8041,32.5329,20.5861,3
35.7452,32.2372,20.4167,3
35.5331,33.1330,26.5186,2
35.9086,32.6350,26.5689,2
36.0246,32.7539,32.3991,2
35.7820,32.8113,31.9310,2
35.6031,32.6444,35.9214,2
35.7635,32.5478,36.6726,2
35.7080,32.7852,41.6623,2
36.1615,32.8018,41.7038,2
35.9189,32.9300,47.5530,3
35.5883,33.3028,47.6882,3
35.5400,32.6943,52.5214,3
35.7908,32.2735,52.6587,3
35.6232,32.5267,58.0885,3
35.6941,32.5445,58.3049,3
35.6118,32.4371,62.5306,3
35.6249,32.6703,63.4776,3
35.6282,32.8145,68.4737,3
35.5130,32.6839,69.0182,3
35.4110,33.2331,73.3790,3
35.4597,32.6731,74.0998,3
35.7334,32.7251,80.0072,3
35.8306,33.5263,79.5797,3
35.7998,32.7190,84.0508,3
35.8394,32.8000,84.0085,3
35.5135,33.0280,89.9604,3
35.5061,32.6829,89.9872,3
35.9742,32.4234,95.2279,3
35.7925,32.7482,94.2771,3
34.9381,32.3984,100.0000,3
35.7484,32.8266,100.0000,3
35.7234,36.7134,0.0000,3
35.4799,36.4401,0.2783,3
35.7254,36.6818,4.9388,3
35.6337,37.1191,5.3098,3
35.9877,36.1841,10.7927,3
35.6927,36.7577,11.2027,3
35.7115,36.9897,15.2805,3
35.7967,36.3647,15.7608,3
35.8666,37.1740,20.6437,3
35.6837,36.6489,20.9256,3
35.5967,36.1949,25.7944,2
35.7797,36.7977,26.5918,2
35.9579,36.7072,30.7861,2
35.8701,36.8392,31.4497,2
36.0336,36.9773,36.9036,2
35.8223,37.0970,36.4973,2
35.6134,36.7719,41.5163,2
35.7804,36.8712,42.0709,2
35.7172,37.3380,47.8388,3
35.7700,36.8700,48.0566,3
35.6726,36.5524,52.7450,3
35.8723,36.9887,53.0455,3
35.6430,36.4196,57.6025,3
35.9058,36.5655,56.9278,3
35.8183,36.6720,62.2943,3
35.8044,36.7262,63.9959,3
35.8072,37.0179,68.4124,3
35.6700,36.6958,68.9615,3
35.9390,36.3955,73.0599,3
35.5509,37.1601,72.8185,3
35.9468,36.9616,79.0208,3
35.6949,37.1987,79.0041,3
35.5006,36.4787,83.3881,3
36.0295,37.2694,84.7537,3
35.7608,36.4142,88.9467,3
35.5917,36.8284,90.1674,3
36.0662,36.6956,93.6186,3
35.5561,37.1987,94.8527,3
35.7183,36.7145,99.6246,3
35.5487,37.4637,100.0000,3
35.6251,40.5265,0.0845,3
35.7600,41.2411,0.4273,3
35.5555,41.4367,5.0866,3
35.9111,40.9742,5.7244,3
35.3170,41.2741,10.1104,3
35.8042,41.4260,10.1247,3
35.5975,40.9410,15.5719,3
35.5794,41.0845,15.8686,3
35.8821,40.8068,20.5806,3
35.7658,40.9791,20.9397,3
35.6480,41.1516,25.8445,2
35.7650,40.9607,26.2991,2
36.0265,40.6583,30.3833,2
35.6706,40.7072,30.0727,2
36.1387,41.2205,37.1757,2
35.7324,41.1789,36.6308,2
35.9523,41.1094,42.0870,2
35.7973,41.4923,42.1889,2
35.5836,41.1535,47.6129,3
35.7605,41.0370,46.8353,3
35.8089,40.6883,52.5062,3
35.6556,41.3475,53.4066,3
35.5606,41.0512,57.7396,3
35.8824,41.0815,57.7010,3
35.8082,40.9882,63.9525,3
35.6307,41.1299,63.4127,3
35.8772,40.9633,69.1052,3
35.3717,40.7244,68.7528,3
35.6135,40.7711,73.4506,3
35.6323,41.2438,74.1364,3
35.8071,41.3690,78.2542,3
35.8046,41.4570,79.4358,3
36.0767,40.8756,84.6691,3
35.7041,41.2312,84.8660,3
35.6307,40.4959,90.3975,3
35.8871,41.0205,89.3927,3
35.3702,41.1152,94.4716,3
35.8000,41.0617,93.0480,3
35.8875,41.1093,100.0000,3
35.7528,41.0673,100.0000,3
35.8443,45.4058,0.1414,3
36.1594,45.0454,0.0000,3
36.1281,45.2168,5.7290,3
35.8166,45.1948,5.7563,3
35.8932,44.8030,10.6131,3
35.5905,45.6445,11.4031,3
36.1643,45.3704,15.5587,3
35.8538,44.9812,16.9622,3
36.0283,45.3545,21.5512,3
35.6911,44.9308,19.9460,3
35.8061,45.2007,26.5754,2
35.7921,45.4053,26.7213,2
35.4974,45.5238,31.3757,2
35.8930,45.5698,32.0935,2
35.8153,45.3167,37.2881,2
35.4892,44.9777,36.7025,2
35.5229,45.1816,41.9421,2
35.8069,45.2461,42.6399,2
35.9041,45.2418,47.2018,3
35.7800,45.2542,48.6278,3
35.4980,44.9853,52.0951,3
35.8433,45.3321,52.3450,3
35.9687,45.3741,58.3638,3
36.0302,44.6238,58.2375,3
35.5315,45.3380,63.1214,3
35.7834,44.9018,63.6731,3
35.5314,45.4883,67.7051,3
35.7859,45.8045,69.6019,3
35.4657,45.0518,73.4229,3
36.2405,45.2427,74.2215,3
35.8494,44.9034,78.0175,3
35.6669,45.9582,79.0762,3
36.0003,44.8377,84.0479,3
35.9452,44.9358,84.1785,3
35.6135,45.5111,89.6729,3
35.9262,45.5245,89.3598,3
35.9901,45.0862,95.0497,3
35.3953,45.0392,95.8947,3
35.9117,45.4466,99.5881,3
35.5706,45.1838,99.9664,3
36.1724,49.7794,0.0545,3
35.8026,49.7011,0.0000,3
35.4052,49.6967,5.2992,3
35.5271,48.8452,5.7101,3
35.6852,49.5938,10.3944,3
35.7826,49.2960,10.4881,3
35.9049,49.3910,15.6231,3
35.9110,49.6759,15.2207,3
35.7837,49.3166,21.0595,2
36.0763,49.5814,22.1348,2
35.8334,49.4237,26.3059,2
35.8180,49.5705,25.8198,2
35.7428,49.2564,32.0938,2
35.4043,49.5208,30.8199,2
35.8759,49.3540,35.9337,2
35.9779,48.7188,36.8264,2
35.9277,49.8867,41.3002,2
35.6863,49.7988,42.6809,2
36.0456,50.2422,47.1141,2
35.8639,49.3699,46.3809,2
35.7715,48.8754,52.3712,3
35.4958,49.6053,52.2423,3
35.4324,49.7334,57.5929,3
35.7031,49.1804,58.4693,3
35.8436,49.2898,62.2009,3
36.2916,50.0675,63.8794,3
35.6488,49.3234,68.6214,3
35.6107,49.1769,69.1503,3
35.7784,49.1377,74.1605,3
35.6747,48.8799,73.1168,3
35.6862,49.5397,79.0332,3
36.0350,49.4026,78.7145,3
36.0385,49.7673,84.1038,3
35.8479,49.3311,83.6294,3
36.2289,49.3111,89.6212,3
35.4864,49.6946,88.8708,3
36.1251,50.0129,95.0197,3
35.8125,49.4175,94.7131,3
35.8713,49.5006,100.0000,3
35.6058,49.9321,99.7887,3
35.6403,53.7930,0.2133,3
35.4421,53.5399,0.0000,3
35.6543,53.4944,5.4119,3
35.6319,53.5189,5.9151,3
36.2023,53.4079,11.0359,3
35.8670,53.1626,10.1307,3
35.1839,53.7813,15.2511,3
35.8163,54.4555,16.5860,3
35.6361,53.3816,21.6991,2
35.5885,53.9815,22.4206,2
35.9246,54.0394,26.8498,2
35.6781,53.7713,25.8376,2
36.0475,53.3587,31.9294,2
36.0158,53.5367,31.2184,2
35.7555,53.4165,36.9203,2
35.6061,53.4308,37.1156,2
35.9130,53.5962,41.2821,2
36.0236,53.5497,43.1364,2
35.7630,53.7249,47.1525,2
35.8382,54.7272,47.1939,2
36.0447,53.7114,53.2185,3
35.4031,54.2677,52.8021,3
35.7359,53.9552,57.9667,3
35.5599,52.9572,58.8078,3
35.7449,53.5003,62.8903,3
36.0824,53.5372,63.4801,3
35.7225,53.3078,68.8717,3
36.0101,53.4804,68.4022,3
35.8089,53.8177,74.6699,3
35.7247,53.5852,73.5965,3
35.6010,53.1676,79.0143,3
35.8949,53.6849,78.9160,3
35.6097,53.7599,84.2955,3
35.8845,53.7813,84.4074,3
36.0532,53.8559,89.7140,3
35.4410,54.0003,89.3248,3
35.8053,53.3023,95.7818,3
35.2946,54.1306,94.9494,3
35.4084,54.2951,100.0000,3
35.3178,53.5575,100.0000,3
36.1321,57.7720,0.0000,3
36.0813,58.0442,0.0000,3
35.8580,58.0293,5.1008,3
35.6240,57.7118,5.1005,3
35.8604,58.1312,9.4524,3
35.8407,58.0411,10.6109,3
35.7085,58.3207,16.4617,2
35.7162,57.8698,16.1754,2
36.0460,57.6501,20.5295,2
35.8443,57.5577,20.0801,2
35.6254,58.0199,27.0926,2
35.6477,57.8575,26.3936,2
35.6598,57.6766,31.7464,1
35.5500,57.6645,31.4777,1
35.8540,57.4402,36.7767,2
35.5313,57.6895,37.2364,1
35.7747,58.3955,42.0692,2
35.9831,58.1332,42.0987,2
35.5263,57.8632,47.1020,2
35.6752,57.9415,46.6436,2
35.6147,57.5911,52.5045,2
35.6358,57.6840,52.6993,2
35.7003,57.8962,57.3369,3
35.6238,58.5070,57.5460,3
35.3682,57.9974,62.8039,3
35.8382,57.8679,63.4328,3
35.7696,57.8268,68.9950,3
35.3458,57.4971,68.0085,3
35.4509,57.7509,73.3952,3
35.9844,57.8683,73.5777,3
35.7135,57.5791,79.3928,3
36.0315,57.5311,79.7574,3
35.6553,57.6690,84.4469,3
35.9019,57.8734,84.0374,3
36.0239,57.7077,89.4393,3
36.1282,57.4936,89.2444,3
35.9945,58.0531,95.1839,3
35.5249,57.9911,94.5942,3
36.2440,58.1376,99.9888,3
35.8467,57.9110,100.0000,3
35.6182,62.5148,0.0000,3
35.8305,61.8580,0.0214,3
35.9871,61.5916,5.1784,3
35.5015,62.0215,4.5420,3
35.8218,61.9774,10.8999,3
36.0352,62.1085,10.9731,3
36.0660,61.8286,16.5070,2
35.7821,61.8117,15.9387,2
35.7751,61.6832,20.5021,2
36.1169,62.1888,21.7935,2
35.7062,61.8648,25.4741,2
35.9831,62.2285,26.1120,2
35.6309,62.4433,31.4903,1
35.7562,61.9250,31.3752,1
35.8995,61.6803,36.8825,1
35.9806,62.0798,37.3692,1
36.0576,62.3763,41.8366,2
35.7824,62.2090,41.8704,2
35.6889,61.9363,48.6402,2
35.7353,62.4259,46.9337,2
36.1298,61.9917,52.6581,2
35.4229,62.4402,53.2982,2
35.5520,62.4577,57.2261,3
35.9159,62.0189,58.5629,3
35.8393,62.3847,63.7768,3
35.7313,62.0966,62.6023,3
35.7295,62.6834,68.7989,3
35.5806,62.5947,68.6156,3
35.9556,62.2524,73.8941,3
35.3899,62.4374,72.5570,3
35.9927,62.1351,79.3651,3
35.8212,62.4184,78.9554,3
35.8457,62.2267,85.1498,3
35.9095,61.7102,83.9285,3
35.9091,62.4832,89.1126,3
36.2374,62.1579,89.6840,3
35.5387,62.4399,94.5139,3
35.6403,62.0101,95.4282,3
35.8826,61.8385,99.7348,3
36.0714,62.0343,100.0000,3
35.9505,65.2902,0.6322,3
35.6190,66.2076,0.7697,3
36.0789,66.4636,5.6274,3
35.9851,66.7448,6.0419,3
35.8110,66.0946,10.3987,3
35.8149,66.2999,10.0202,3
35.8768,65.8455,15.8322,2
35.8194,66.3504,16.2151,2
35.9332,66.9826,20.7938,2
35.8453,66.3804,21.1367,2
35.5365,65.9607,26.3190,2
35.4743,66.2155,25.9920,2
35.7299,66.6555,31.0398,1
35.9634,66.1444,31.3556,1
35.8826,66.2335,36.3959,1
35.7154,65.7828,37.0327,1
35.1691,66.5822,42.4129,2
36.1098,66.9704,42.5731,2
35.6640,66.9676,46.7715,2
35.4089,66.8715,47.6692,2
35.4143,65.9092,52.9072,2
35.6155,66.0979,53.6148,2
36.2191,66.3598,57.8195,3
35.9700,66.1473,56.7795,3
35.2372,66.2937,63.5988,3
35.7927,66.5588,63.6128,3
36.0667,66.3717,68.5590,3
35.7821,66.2383,67.6350,3
36.0239,66.2007,73.4637,3
35.6811,65.9137,73.6414,3
35.8928,66.1042,79.4662,3
35.7158,65.8560,79.6342,3
35.8292,66.5748,84.6540,3
35.6003,66.1592,84.7277,3
36.1565,66.3348,89.1601,3
36.1259,66.1278,89.6382,3
35.7039,66.3965,94.2641,3
35.7145,66.1276,95.0680,3
35.8221,66.5798,99.5871,3
35.7478,66.5033,100.0000,3
35.5003,70.6217,0.0000,3
35.9713,71.0845,0.0000,3
35.6583,70.6054,5.2612,3
35.9774,70.5500,4.9983,3
35.5854,70.1698,10.1549,3
35.6765,70.6414,10.4480,3
35.6593,70.2235,15.4382,2
35.6767,70.3019,16.1260,2
36.0631,70.1735,21.6123,2
35.9281,70.5803,21.8160,2
35.7554,70.6469,26.3777,2
35.7993,70.6640,26.3390,2
35.8827,70.3254,31.2597,1
35.6546,70.4169,32.0856,1
35.6970,70.7221,36.9748,1
35.7012,70.9191,37.2102,1
35.7898,70.5020,42.1521,2
35.4836,70.2788,42.3365,2
35.4729,70.3020,47.1721,2
36.3702,70.7284,47.9171,2
35.6284,70.6349,51.7515,2
35.7234,70.6779,51.9228,2
35.8681,70.6691,57.5935,3
35.6225,70.3117,57.7213,3
35.7261,70.6792,62.8907,3
36.1099,71.0048,63.2760,3
35.7205,70.3663,68.5794,3
35.8878,70.4660,68.2245,3
35.8600,70.5470,73.3981,3
35.8121,70.3447,73.3084,3
35.7885,70.3539,78.5809,3
35.9986,70.4087,79.8690,3
35.9148,70.2801,84.7904,3
35.6461,71.1183,84.3236,3
35.8980,70.5356,89.6066,3
35.7437,70.2486,89.6435,3
35.9944,70.1691,95.5071,3
35.9097,70.3952,94.5095,3
36.1623,70.8079,100.0000,3
35.7393,70.6930,100.0000,3
35.7545,74.7696,0.5550,3
36.1094,74.6614,0.0000,3
36.1182,75.2337,5.4634,3
36.1480,74.8351,4.8086,3
35.5270,74.3403,10.5286,3
35.6962,74.5632,10.4729,3
35.9611,74.5727,15.4318,3
35.6933,75.0131,15.7545,3
35.8455,75.2028,22.4743,2
35.9176,74.8992,20.4604,2
35.8632,74.7554,26.7619,2
35.7111,74.7971,26.6184,2
36.1692,75.2060,32.2120,2
35.9349,74.6074,31.9422,2
35.6350,74.6750,37.7313,2
35.8971,74.8049,37.0200,2
35.7707,74.0901,41.4731,2
35.9129,74.4607,42.0515,2
35.5440,74.5212,47.3663,2
35.9742,75.0741,47.0011,2
35.8508,74.3092,52.6598,3
35.9801,74.7167,53.2894,3
35.9569,74.8092,57.7699,3
35.6826,74.2995,57.2472,3
35.9885,75.1909,62.6174,3
35.8031,74.2645,62.6695,3
35.8414,74.5812,67.4630,3
36.1332,74.7221,67.8689,3
35.8151,74.7126,73.8951,3
35.7215,74.8311,74.1560,3
35.5258,74.5289,79.3670,3
35.6792,74.7123,78.7122,3
35.7079,74.5890,83.5812,3
35.8813,75.0555,84.1223,3
35.9794,74.5895,89.1986,3
35.8716,74.8651,89.4173,3
35.9248,74.3507,94.5849,3
35.9824,75.0255,95.1549,3
35.9936,74.6251,99.1474,3
35.7377,74.9276,100.0000,3
35.6842,78.6570,0.0000,3
35.6807,78.3782,0.0000,3
35.7990,78.9180,5.0980,3
35.6516,78.7755,4.9856,3
35.9306,78.9471,12.1097,3
35.7230,79.0787,10.3713,3
35.7226,79.4161,16.2882,3
35.4385,78.6406,15.7214,3
35.6861,78.4949,21.1105,2
35.4138,78.9854,21.4176,2
35.9640,78.9041,27.0712,2
35.8558,79.2011,25.9477,2
36.0938,78.9465,32.3673,2
36.0611,79.0247,31.7818,2
35.7535,78.7016,37.1397,2
35.8983,78.4618,36.8007,2
35.9631,79.3871,42.4679,2
35.4860,78.6310,41.9323,2
36.0692,78.7652,47.8977,2
35.6648,79.1072,46.8984,2
35.7507,78.6079,53.3531,3
35.6505,78.4832,51.8184,3
35.7724,78.8100,58.2191,3
35.7425,79.2972,57.7020,3
35.9948,78.6616,62.4062,3
35.6248,78.6087,62.5376,3
35.8722,78.8681,68.4919,3
35.8950,78.4417,68.7060,3
35.5484,78.7743,72.7381,3
35.9204,78.4407,73.0842,3
35.5640,78.9087,78.8677,3
35.9519,78.9160,79.4303,3
35.8653,78.6637,83.8769,3
36.0916,79.3156,84.6226,3
35.9806,79.0869,89.6412,3
35.7994,79.4570,89.2414,3
35.8375,78.4349,94.0215,3
36.1525,79.1324,94.6305,3
35.8051,78.5399,99.7859,3
35.4978,78.8588,100.0000,3
35.8801,83.6346,0.1474,3
35.2938,83.7431,0.0000,3
35.8219,83.1884,5.3836,3
35.7991,83.1776,4.6023,3
36.3069,83.3533,10.5523,3
36.1578,82.8363,10.9605,3
35.6784,83.2786,16.0017,3
35.3222,82.7284,16.5827,3
35.7390,83.7584,21.7077,3
35.7454,83.0653,21.8768,3
36.2101,83.0719,27.0849,2
35.9955,83.5187,26.3664,2
35.6550,82.8416,30.9268,2
36.1716,83.1612,31.0066,2
35.9900,83.0142,36.5166,2
36.2031,82.7587,36.9596,2
35.6713,82.9327,41.3733,2
35.8014,82.8957,42.4010,2
35.7801,83.0641,46.9342,3
36.0756,83.3786,47.0277,3
35.5176,82.5915,53.2003,3
35.9713,83.4719,52.5714,3
35.9507,83.4660,57.8598,3
35.7178,82.8650,58.1078,3
35.9013,83.0359,63.0135,3
35.7460,83.3953,62.4707,3
35.5684,82.8322,68.3468,3
35.8525,82.8372,68.8756,3
36.0820,83.2820,74.2456,3
35.6064,82.8905,73.9415,3
35.7818,82.8899,79.6599,3
35.8492,83.3685,78.6102,3
36.1255,83.1111,84.7201,3
35.6729,83.2085,84.4894,3
36.1886,83.0260,89.5750,3
35.9078,82.7334,88.3865,3
35.5903,83.4481,95.5950,3
35.6049,82.7929,95.5042,3
35.6764,83.0464,100.0000,3
36.0484,83.4381,99.1443,3
35.5378,87.7046,0.1589,3
35.6339,87.2651,0.5555,3
36.0950,87.3666,4.9197,3
35.7344,87.7713,5.9249,3
35.8283,87.2096,11.0677,3
36.1141,86.9324,10.4101,3
36.0207,87.3905,15.5452,3
35.8265,87.4796,15.2261,3
35.8076,87.4786,20.8072,3
35.6336,87.2071,20.5672,3
35.9596,87.0733,26.4103,2
35.7146,87.1566,27.0015,2
35.7633,87.1676,31.1964,2
35.8573,87.6164,32.2143,2
35.7559,87.3001,36.9076,2
35.8229,87.1368,37.5733,2
35.7939,87.5288,42.3175,2
35.8703,87.0672,42.1021,2
36.2456,87.8446,47.4469,3
35.7161,86.7031,47.1198,3
35.7738,87.2732,52.5077,3
35.9140,87.0683,52.7679,3
35.7674,87.1037,58.7318,3
35.9390,87.1325,58.1534,3
35.5116,87.1694,63.8217,3
35.8598,87.4498,63.6514,3
35.9117,87.2886,68.8893,3
35.4517,87.1682,68.3726,3
35.8990,87.2709,72.7922,3
35.4046,87.3480,73.4453,3
35.6075,87.0452,79.0143,3
36.0499,87.4086,79.6052,3
35.7147,87.5015,84.8865,3
35.7579,87.3762,84.0233,3
35.9080,87.6391,89.6493,3
35.7436,86.9185,89.4495,3
35.7511,87.4392,94.7952,3
36.1040,87.1595,93.9492,3
35.5610,87.1783,100.0000,3
35.5300,87.0193,100.0000,3
35.9593,91.1142,0.0000,3
35.6322,91.7762,0.0716,3
35.6395,91.8008,5.3253,3
35.7680,91.0946,4.8779,3
36.1809,91.4781,10.0479,3
35.7130,91.6147,10.9680,3
35.9137,91.3760,16.4253,3
35.9524,91.4454,15.7254,3
35.9096,91.9014,20.2933,3
35.8036,91.5696,20.7673,3
35.6743,91.8953,26.5831,2
36.2108,91.4080,26.3844,2
35.8514,91.8478,32.2582,2
35.8082,91.2505,31.2235,2
35.8180,91.9158,36.1189,2
35.5555,91.8061,36.1953,2
35.5645,91.9199,41.9946,2
35.7299,91.9894,41.5738,2
35.5367,92.0677,47.4851,3
35.9254,91.4856,47.3151,3
35.6487,91.6744,53.0473,3
35.8287,91.8972,52.9628,3
35.5798,91.5355,57.6705,3
35.9402,91.7174,57.9584,3
35.9922,91.0192,62.8563,3
35.6858,91.6545,63.4343,3
35.7892,91.1845,68.6244,3
35.8151,91.1383,68.2734,3
35.8643,92.0749,73.1397,3
35.9475,91.2560,73.0489,3
35.5472,91.7605,79.0123,3
35.7265,91.7163,78.9678,3
35.8116,91.4879,83.6968,3
36.1277,91.9991,85.0056,3
35.6816,91.3744,89.2665,3
36.0043,91.5789,89.2021,3
35.8622,91.3580,94.0591,3
35.8153,91.4241,94.7300,3
35.2525,91.3113,99.9775,3
35.4862,91.1342,100.0000,3
35.9298,95.5220,0.0000,3
35.7417,95.3208,0.5919,3
35.7529,95.7378,5.4496,3
35.4775,96.0655,5.7885,3
35.8176,95.9281,10.3633,3
35.9621,95.5426,10.5101,3
35.7949,95.7779,16.3240,3
36.2271,95.7565,16.0247,3
35.6290,96.0991,20.7939,3
36.4185,95.2883,22.1264,3
35.9877,95.4528,27.4755,2
35.6038,95.6952,25.6675,3
35.7602,95.7737,31.9940,2
36.2771,95.6356,30.2026,2
35.9192,95.6244,37.7513,2
35.7826,95.5617,36.3356,2
35.9141,95.7069,42.8391,2
35.7474,96.2139,41.4152,2
35.4417,96.0382,47.1362,3
35.7368,95.4858,46.8257,3
35.9166,95.7838,52.1015,3
35.9476,96.1419,52.5772,3
35.9901,95.4889,58.1833,3
35.8218,95.5520,58.9213,3
35.8360,95.6122,63.1677,3
35.6155,95.4424,62.9332,3
35.7131,95.5482,69.0466,3
35.6363,95.5098,67.8282,3
35.5331,96.0977,73.8133,3
35.9275,96.0950,73.5176,3
36.0839,95.6014,78.3995,3
35.8642,95.8328,79.0188,3
35.9925,95.8213,84.3671,3
36.0614,95.8695,84.4577,3
35.5059,96.9052,88.6783,3
35.6816,95.6186,90.5277,3
35.6694,95.9220,94.4555,3
35.5815,95.9606,94.3774,3
35.8310,95.9775,100.0000,3
35.5370,95.7436,99.9443,3
35.7897,100.7706,0.0000,3
35.2854,99.9405,0.0000,3
35.7413,99.7844,4.6025,3
36.2214,100.0955,5.1670,3
36.2150,99.7394,10.8275,3
35.5397,100.2252,9.9591,3
35.8836,100.5860,15.8362,3
35.3510,100.0107,16.0297,3
35.9697,100.4421,21.8149,3
35.7633,99.8022,20.4934,3
35.6815,100.1430,25.6415,3
35.6041,100.1687,25.9925,3
35.8635,99.7557,31.7228,2
35.6351,99.4294,32.0569,2
35.6503,99.9254,36.4965,2
35.8984,100.1000,37.1132,2
35.6796,99.9851,42.3138,2
36.0985,100.0920,41.6036,2
35.8431,99.9505,46.3691,3
35.4204,99.9801,47.3773,3
35.7305,100.2653,52.1640,3
35.5122,99.7523,52.3267,3
35.7778,99.7607,56.8239,3
35.2756,100.0369,57.3302,3
35.3884,100.1875,63.9305,3
35.7706,100.0805,63.2964,3
35.3268,100.2666,69.0410,3
36.1568,99.8687,67.8535,3
36.0612,100.1497,74.1215,3
35.6601,100.0815,73.1575,3
35.7884,99.8956,80.1191,3
35.8992,99.3544,78.9466,3
35.8631,99.8578,83.6591,3
35.9216,99.7116,84.4982,3
35.5803,99.8398,89.9518,3
35.8873,100.0094,89.4587,3
35.8076,99.7625,93.9785,3
35.9033,100.4590,95.0390,3
35.8403,99.6374,100.0000,3
35.8858,100.2280,100.0000,3
38.4751,19.6656,0.0000,3
38.1875,19.7232,0.0000,3
38.4019,19.6973,5.2576,3
37.8316,20.0189,5.8546,3
38.4005,20.3135,10.4871,3
38.3802,20.1290,10.3068,3
38.2342,20.2657,15.1256,3
37.9458,19.9569,15.1786,3
37.9107,19.8738,21.5486,3
38.3525,20.0963,21.1428,3
38.5754,19.8382,26.4363,3
38.0401,19.6138,26.9082,3
38.0969,20.2084,31.4559,2
38.4072,19.7008,32.1609,2
38.3367,19.4616,36.5837,2
38.3621,20.4912,37.1999,2
38.0786,19.7095,42.3886,2
38.0727,19.8849,41.9932,2
38.3342,20.5419,47.8819,3
38.1598,19.7302,47.7022,3
38.4910,20.3011,52.7354,3
38.0601,20.1036,53.2089,3
38.2044,19.9690,57.5511,3
38.6758,19.7327,57.4031,3
38.1907,19.9394,63.6695,3
38.3693,19.6357,62.7801,3
37.9828,20.2354,68.6352,3
38.0836,20.0649,67.8579,3
38.0094,19.6100,73.7570,3
38.1862,19.7047,73.8948,3
38.3693,19.6909,78.7842,3
38.2606,19.9981,78.2614,3
38.0697,19.8578,84.1253,3
38.1323,20.4698,84.1063,3
37.8143,20.0273,90.3476,3
38.1245,19.8686,89.3211,3
38.2747,19.9072,93.9790,3
38.0235,19.9806,95.0047,3
38.0414,19.9111,100.0000,3
38.0024,19.9725,100.0000,3
37.9206,24.3025,0.0000,3
37.9438,24.0117,0.6827,3
37.8149,24.0713,5.2499,3
38.3913,24.7949,5.0521,3
38.2658,24.1822,10.4758,3
38.2125,23.7349,10.5024,3
38.2480,23.9526,16.0182,3
37.8122,24.2386,16.4606,3
38.1142,23.9171,20.3401,3
38.2360,24.4889,21.0246,3
38.0652,23.6313,26.3778,3
38.0200,24.0210,27.1240,2
37.7976,23.7102,31.6946,2
38.0808,24.0549,31.7153,2
38.2091,23.9184,36.5463,2
38.1678,24.2606,37.0837,2
38.0413,24.3146,42.5804,2
38.1673,24.1797,41.9875,2
38.0344,23.9291,47.2194,3
38.2481,23.9438,47.3307,3
38.1196,24.7439,52.9930,3
38.2992,24.4865,52.3587,3
38.4332,24.2583,57.8724,3
37.9149,24.0900,57.0118,3
38.1083,24.0376,62.9587,3
37.8807,24.4216,63.4542,3
38.4958,24.7090,68.4992,3
38.3626,24.2889,68.2074,3
38.1023,24.4022,75.7282,3
38.3913,24.2844,73.9261,3
38.2529,24.1834,79.3256,3
38.1268,23.9071,79.1882,3
38.2810,24.1668,84.3655,3
38.3501,24.1950,83.9870,3
38.0160,24.1344,90.2411,3
38.1182,24.3184,89.3114,3
38.0758,23.9467,94.7870,3
38.0545,24.5926,94.6831,3
38.1490,24.1565,100.0000,3
38.4561,23.8986,100.0000,3
37.8441,28.7880,0.0000,3
37.8589,28.0383,0.4069,3
37.8250,28.5045,5.0489,3
38.1189,28.2189,4.7867,3
38.0604,28.5926,10.3800,3
38.2421,28.3484,10.8319,3
38.2409,28.2588,15.3126,3
38.3490,28.1770,16.0399,3
38.1641,28.2821,21.2674,3
38.4315,28.6087,21.1173,3
38.4822,27.9188,25.7597,3
38.0650,28.8468,26.7872,3
37.8146,28.2901,30.9170,2
38.1498,28.6916,32.0668,2
38.2115,28.2935,36.7944,2
38.2946,29.1252,36.2496,2
38.4757,28.4943,42.5154,2
38.1949,28.8423,42.2701,2
38.0281,28.5561,47.9318,3
38.1579,27.7988,47.3110,3
38.1775,28.4076,52.3838,3
38.4225,27.7092,52.6786,3
38.1795,29.0495,57.8875,3
38.2470,28.4586,57.9420,3
38.5105,28.0876,62.8243,3
38.3087,28.4981,63.0163,3
38.1438,28.6952,68.6636,3
38.0153,28.4924,68.3961,3
38.2520,28.3247,73.0801,3
38.2924,28.5856,74.3919,3
37.8946,28.3999,78.8322,3
38.0787,27.9587,78.4142,3
38.2120,28.2711,83.7973,3
38.4440,29.1332,84.1823,3
37.8575,28.5400,88.4310,3
37.8879,28.5451,88.7818,3
38.0987,27.9760,94.7650,3
38.3825,28.2372,94.7271,3
37.9947,28.1973,99.5843,3
38.3151,27.9970,99.8341,3
38.2399,32.9045,0.2203,3
38.1434,32.4609,0.4627,3
37.9845,32.3759,5.9394,3
38.2299,32.7503,5.5624,3
38.1389,32.2003,10.6519,3
38.1542,32.3739,9.9818,3
38.1486,32.2242,15.7178,3
38.1051,32.5958,15.9908,3
38.2823,32.4181,21.4875,3
38.1140,33.1576,20.7599,3
37.8356,32.8817,26.5286,3
38.3982,32.7245,27.4858,2
38.1201,32.9455,31.3162,2
38.2562,32.8350,31.9952,2
38.3132,31.6606,36.8078,2
38.0429,32.5182,36.7004,2
38.3534,32.6924,41.8515,2
37.8642,33.0915,41.7816,2
38.1318,33.2732,47.0584,3
38.1028,32.7012,46.5654,3
37.8135,32.4871,52.4081,3
38.1847,32.3382,52.8486,3
37.7266,32.6105,58.0748,3
38.2236,32.5827,57.5646,3
38.1195,33.0018,62.8582,3
38.3535,32.9728,62.2899,3
38.1323,32.3383,67.6701,3
38.3163,32.7736,68.5528,3
37.9408,32.6947,73.0290,3
38.1733,32.4331,74.2096,3
38.0853,32.7010,79.0640,3
38.1427,32.6632,79.0993,3
37.9786,32.7525,84.6425,3
38.2374,32.5253,84.2977,3
38.0851,32.5960,88.8798,3
38.4339,33.2122,89.1217,3
38.3151,33.0689,94.2580,3
37.7262,33.0866,94.7317,3
38.0540,32.6458,99.8155,3
38.7498,32.4724,100.0000,3
38.4163,37.2283,0.5480,3
38.0728,36.7965,0.0000,3
38.1430,36.8519,5.6340,3
38.5170,37.0555,5.7985,3
38.1544,37.2274,10.5319,3
38.3860,37.0835,10.7227,3
37.8498,37.1701,15.9785,3
38.2984,36.9362,16.0324,3
38.4180,36.6999,21.2865,3
38.0024,37.0151,21.1783,3
38.0317,36.8702,26.0314,3
38.0823,36.9485,26.4500,2
37.7738,36.9533,31.4273,2
38.0750,36.5040,31.5563,2
38.0533,37.2242,35.9674,2
37.9651,36.5326,36.9714,2
38.3925,36.9930,41.5579,2
38.0720,36.5994,42.3591,2
38.0680,36.4183,47.6608,3
38.4105,36.7885,47.4286,3
37.8566,36.2243,51.7070,3
38.1489,36.7497,52.9047,3
38.1184,37.1384,58.3309,3
38.0934,36.5411,56.9367,3
38.4446,36.5593,62.4097,3
38.1839,36.3958,63.2223,3
38.0906,37.1192,68.8394,3
38.3786,36.9040,67.9919,3
37.9505,36.6829,74.6814,3
38.1081,36.8904,74.4435,3
38.2088,36.6175,79.3124,3
38.0722,36.9288,79.2034,3
38.0590,36.8980,85.0106,3
38.0326,37.2372,83.9153,3
38.5183,36.5855,89.2768,3
38.4595,37.3078,89.8829,3
37.9415,36.8668,94.7375,3
37.9867,37.0512,94.3485,3
37.8998,36.3558,100.0000,3
38.0558,36.6953,99.4847,3
38.4315,40.6386,0.0000,3
38.0935,41.0462,0.3293,3
38.0228,41.5159,4.9288,3
37.9562,40.7215,4.8762,3
37.9242,41.2779,10.0259,3
38.1313,40.7438,9.9391,3
38.3792,41.5335,16.4240,3
37.8636,40.6529,16.7787,3
38.1070,40.6402,21.5938,3
38.1714,41.2235,19.9337,3
38.0926,41.3373,25.9956,2
38.4049,40.6576,26.2595,2
38.4869,40.7074,31.7147,2
38.2749,41.0801,31.4539,2
37.9826,41.1116,36.7908,2
37.8706,41.3826,36.3871,2
37.8758,40.8739,41.6589,2
38.1062,40.6799,42.3293,2
38.4341,41.0844,46.6463,3
37.9753,41.1190,46.3849,3
37.9113,40.5584,52.6893,3
38.5903,40.6743,53.0397,3
38.0451,40.6566,58.6768,3
38.5899,41.1762,58.0760,3
38.1703,41.0082,63.3279,3
38.2931,41.5516,62.8965,3
38.1834,41.0261,68.9331,3
38.6379,41.3702,68.8202,3
38.3395,41.4329,74.8914,3
37.8208,41.2325,72.3936,3
38.3482,41.2179,78.6740,3
37.6239,41.0483,79.0588,3
38.1453,40.8662,83.7621,3
38.1475,40.8121,84.6152,3
38.1422,40.5352,89.5620,3
38.2407,41.5380,89.9378,3
37.9782,41.4804,94.0438,3
38.1635,41.2789,95.4662,3
38.5357,41.4350,99.9317,3
38.2738,41.1200,99.6453,3
38.1348,45.8025,0.3231,3
38.5698,44.9384,0.0000,3
38.2409,45.4859,5.2048,3
38.3180,45.5010,4.5692,3
38.3086,45.5851,10.6744,3
37.7899,45.1801,10.7453,3
37.9848,45.5387,16.1543,3
38.1848,45.2684,15.8859,3
38.1571,44.8775,20.8376,3
38.1724,45.6887,21.3987,3
38.4524,44.8417,26.1377,2
38.5727,45.0403,25.9343,2
38.1035,45.8686,31.2432,2
38.2694,45.3808,30.6147,2
38.1548,45.0973,37.1811,2
38.5057,45.1598,36.6698,2
38.6615,45.0497,41.4338,2
38.4334,45.2480,42.2469,2
38.6042,44.8423,47.2707,3
37.9106,45.3637,47.0919,3
37.9233,45.4828,52.6367,3
37.9076,44.9060,52.7355,3
37.8237,45.3314,58.5645,3
38.2913,45.0762,58.0319,3
37.9076,45.3040,62.9945,3
37.9500,45.4503,62.1692,3
37.9207,44.9435,68.1686,3
38.4178,45.4894,68.4737,3
38.1695,45.2596,74.3701,3
37.7948,45.4946,73.4301,3
38.2585,45.4155,79.3140,3
38.4746,44.8518,79.4501,3
38.1451,45.1249,85.2274,3
38.2983,45.1380,84.6892,3
38.1487,45.1333,89.1706,3
38.2188,45.0790,89.5514,3
38.3353,45.2963,95.7251,3
38.1605,45.6679,95.2250,3
38.4630,45.8548,99.1193,3
38.2109,45.2296,100.0000,3
38.0784,49.3106,0.0000,3
38.1774,49.7539,0.0000,3
38.0922,49.2643,4.7660,3
38.1107,49.5766,5.8918,3
37.9195,49.4646,11.1154,3
37.9221,49.8538,10.3068,3
38.3002,49.4083,16.0188,3
38.4797,49.4373,16.2877,3
38.2128,49.2379,20.9798,3
38.1163,49.0501,21.2822,3
38.2895,49.7174,27.0307,2
38.3487,49.2928,26.1207,2
38.3256,49.5906,31.5700,2
37.9830,49.3145,31.8704,2
37.7677,48.7717,37.1888,2
38.0512,49.6142,37.6304,2
37.9553,48.9728,41.9671,2
38.0209,49.4661,42.3743,2
38.2232,49.4876,47.8975,3
38.2920,49.4193,47.6860,3
37.8488,49.7928,52.6427,3
37.9178,49.3487,53.1503,3
38.0044,49.5969,58.3341,3
38.1628,49.2143,57.8628,3
37.8760,49.3271,62.6043,3
38.1485,49.0929,63.1996,3
38.3845,49.8324,67.7983,3
38.0247,49.7295,68.7731,3
38.0349,49.3277,73.7253,3
37.7912,49.6313,74.2257,3
38.0801,49.0479,79.6537,3
38.2018,49.6864,78.2868,3
37.8944,49.5979,84.7243,3
37.9320,49.4431,83.4169,3
38.0176,49.3966,89.7181,3
37.7367,49.8698,89.3884,3
38.4168,49.6833,95.1630,3
38.5620,49.2392,94.8046,3
37.9598,49.4430,100.0000,3
38.3834,49.3590,99.3976,3
38.1726,53.4286,0.0000,3
38.2922,53.8299,0.4171,3
38.0905,53.9869,5.2703,3
38.1011,53.3546,4.2182,3
37.8451,53.7488,10.0726,3
37.8288,53.5584,10.6662,3
38.2409,53.6755,15.7590,3
38.0502,53.8744,15.7011,3
38.1426,53.9956,21.4486,2
38.1209,53.5861,20.8852,3
37.7536,54.0133,25.9734,2
38.3288,53.6967,27.0116,2
38.2638,53.9578,31.2829,2
37.9008,53.7285,30.6204,2
38.0643,53.3274,36.4223,2
38.2770,53.8432,36.7611,2
38.2219,53.5220,43.3186,2
38.2181,53.5071,42.5429,2
38.4059,53.4519,46.6591,2
37.9138,53.4832,47.3413,2
37.8321,53.5587,52.5276,3
38.2229,53.8677,52.8324,3
38.5163,54.0124,58.0057,3
37.9638,53.4816,57.1804,3
38.1886,53.7836,63.6044,3
38.2114,54.0004,63.6951,3
37.9523,53.5288,68.4155,3
38.0167,53.6112,68.5717,3
38.1333,53.6843,73.2129,3
38.2592,53.8142,73.3030,3
37.8993,54.0533,79.8215,3
38.2048,53.5757,79.4705,3
38.2520,53.6210,84.6946,3
37.9960,53.4770,84.3923,3
38.1807,53.8754,90.0704,3
37.8474,53.6959,90.4242,3
38.0386,53.4698,93.6163,3
38.1782,53.8584,95.0261,3
37.9505,53.6816,100.0000,3
38.1683,53.3558,100.0000,3
37.9950,57.3332,0.3407,3
38.1859,58.0723,0.0000,3
38.2832,58.2014,6.1402,3
38.3207,58.0102,4.5732,3
38.1366,57.4679,10.1169,3
38.5489,57.5878,9.3550,3
38.3205,57.6928,16.1735,3
37.9239,57.7670,16.3874,3
37.8935,57.8440,21.1983,2
38.0140,57.9673,21.0605,2
38.2648,58.4474,27.6534,2
38.2506,57.8616,26.5362,2
38.1114,57.4185,31.5557,2
38.3743,57.4553,31.0867,2
38.0415,58.0064,38.0306,2
37.9960,57.9221,36.8450,2
38.0976,57.8804,41.8729,2
38.7065,58.1196,41.8772,2
38.3946,57.9717,47.3974,2
38.1215,57.8197,46.7584,2
37.8232,58.0060,52.5355,3
38.3334,57.6278,52.0826,3
38.3131,57.8061,58.3226,3
38.1646,58.4580,58.2726,3
38.2398,58.1347,63.0214,3
37.8293,58.0030,64.1287,3
37.6998,58.0355,67.6535,3
38.1532,57.9186,68.7945,3
38.1999,58.3068,74.2674,3
38.1186,58.2231,73.5278,3
38.0609,57.5334,79.6033,3
38.0979,57.1683,79.2184,3
38.0711,57.8052,84.0935,3
38.0906,58.7131,85.0419,3
38.2977,57.9671,90.0381,3
38.2066,58.1395,89.7528,3
38.1836,58.1768,94.5268,3
38.1696,57.6009,94.3049,3
37.6521,58.0317,100.0000,3
38.3750,57.5640,100.0000,3
38.1578,62.3265,0.0000,3
38.0906,61.6392,0.0000,3
38.1585,62.1575,4.4202,3
38.0556,62.1534,5.9672,3
37.9889,62.2523,10.2455,3
38.0687,61.8420,10.0041,3
38.0629,62.4197,15.4120,2
37.9757,62.1680,15.7921,2
38.1442,62.1815,20.5478,2
37.9781,62.4011,20.9797,2
38.2772,62.4725,26.7387,2
37.8839,62.0703,26.8362,2
38.2624,62.1604,30.7592,2
38.0346,62.1261,30.8660,2
38.3166,62.0700,35.8523,2
38.0446,62.0194,36.7772,2
38.4418,62.2788,41.4225,2
37.8600,62.0252,42.1684,2
38.3564,62.6242,48.2605,2
38.0694,62.3856,47.5812,2
37.9397,61.5389,52.7036,3
37.8589,61.8498,52.2892,2
38.2016,62.4894,57.9011,3
38.0501,61.4847,58.1239,3
38.1636,61.9404,63.7409,3
37.9197,61.8998,63.0354,3
38.0455,62.2705,68.6530,3
38.3681,62.2560,68.3634,3
38.0899,62.2418,73.5891,3
38.1673,62.2582,73.7535,3
38.2196,61.8680,79.6222,3
37.9366,62.2370,78.7044,3
38.3744,62.3704,84.2095,3
38.4688,62.0490,84.6514,3
38.0126,62.2268,89.0075,3
38.1618,62.0898,89.9130,3
38.0237,63.0273,94.0458,3
38.2045,62.1916,95.0059,3
38.0548,62.1778,99.7178,3
38.5325,61.9147,99.9260,3
38.0252,66.0757,0.0000,3
38.2923,66.1139,0.0000,3
37.9653,66.4071,5.2740,3
38.1631,66.0874,5.4808,3
38.0254,66.3368,10.4564,3
37.8202,66.9244,10.8137,3
38.1939,66.4172,16.8156,2
38.3853,66.4204,15.4353,3
38.0478,65.7748,20.8685,2
38.2903,66.5059,21.3607,2
38.0548,66.4811,26.7279,2
37.7125,66.4071,27.3563,2
38.0996,65.5592,31.1726,2
37.7950,66.1255,30.9669,2
38.3441,66.5493,37.0136,2
38.4031,66.1462,36.8789,2
38.5968,66.4914,42.3967,2
38.0044,66.1908,41.6038,2
38.4941,65.8483,47.8255,2
38.2741,65.8348,47.9396,2
38.1062,65.9195,52.8138,3
37.9934,66.2543,52.3787,3
37.9821,65.9593,58.2932,3
38.2229,66.3940,57.7126,3
38.1682,66.0950,62.7812,3
38.4999,66.5812,62.8772,3
37.8587,65.8055,68.1040,3
38.1794,66.3513,68.4952,3
38.2247,66.0043,74.4381,3
38.1184,66.4042,73.3561,3
38.2202,66.9389,78.4527,3
37.9348,66.0564,78.7808,3
38.0536,66.0036,84.1857,3
38.4701,66.2708,84.1623,3
38.2265,66.5101,90.1603,3
38.2059,66.3150,88.9779,3
38.3059,66.0624,94.2991,3
38.1965,66.7782,95.1001,3
38.1504,66.0213,100.0000,3
38.1466,66.2287,100.0000,3
38.0683,70.3004,0.0000,3
38.0259,70.1881,0.0000,3
38.3523,70.7270,4.8518,3
38.3356,70.6191,5.1013,3
37.9127,70.6288,11.4590,3
38.1608,70.8259,10.4205,3
38.3423,70.4813,14.5868,3
38.0135,70.5660,16.3308,2
38.1272,70.5353,20.7590,2
38.4701,70.9765,20.7145,2
37.8546,69.9842,26.6175,2
38.1849,70.2918,26.4517,2
37.9118,70.7648,31.3878,2
37.9416,70.4162,31.3782,2
38.2309,70.8761,37.3992,2
38.1898,70.4702,36.5578,2
37.8043,70.5206,41.6798,2
38.4016,70.4661,42.4788,2
38.0614,70.3237,47.6708,2
38.2134,70.6230,47.3215,2
38.3158,70.7197,51.5432,3
38.1064,70.8307,52.1218,3
37.8194,70.4847,58.1551,3
38.0658,70.9142,58.8165,3
37.7729,70.4111,62.0170,3
38.2901,70.3224,62.9200,3
38.3875,70.1278,67.6313,3
37.7024,70.9075,68.9402,3
38.0991,70.1437,74.1013,3
38.7088,70.4556,73.0828,3
38.4062,70.1866,78.7640,3
37.6302,70.4353,78.3082,3
38.4097,70.2335,84.6004,3
38.1369,70.5639,84.4716,3
38.1472,70.3320,89.0677,3
38.2597,69.9558,90.3128,3
38.1843,70.4251,94.8699,3
38.0390,70.4729,94.1710,3
38.2329,70.5028,100.0000,3
38.4545,70.2851,99.9356,3
37.8276,74.9019,0.0000,3
38.1614,74.6896,0.0000,3
38.6571,74.7483,5.4114,3
37.9300,75.0024,5.2014,3
38.2471,75.0075,10.4744,3
38.0225,74.0385,10.3327,3
38.0214,74.3939,16.5160,3
38.3544,74.1879,15.8663,3
37.9944,74.8469,20.6528,2
38.0501,75.0258,21.4623,2
38.4598,74.6717,25.5880,2
38.3422,75.0150,26.6299,2
38.0091,74.4156,31.8469,2
37.9807,74.6444,33.0322,2
38.5837,74.9746,36.5110,2
38.0134,74.9516,37.5906,2
38.0556,74.5998,42.1491,2
37.8801,74.3293,41.5173,2
38.2671,74.8184,47.9369,2
37.8105,74.2818,47.5963,2
37.9835,74.4970,53.1380,3
38.0473,74.6061,52.5065,3
38.1200,74.9423,57.2897,3
38.1203,75.0856,58.9611,3
37.8866,74.8361,63.0628,3
38.1381,74.5000,63.5358,3
38.2988,75.4937,67.7605,3
37.8083,75.3533,68.3951,3
38.0665,74.7933,72.9868,3
38.2331,74.7128,74.2211,3
38.3293,75.0189,79.0428,3
38.4788,74.9097,78.6808,3
37.9960,74.5279,84.5049,3
37.8916,74.7834,83.7941,3
37.9073,74.4093,89.4618,3
38.3106,74.5341,88.4357,3
38.7888,75.0722,95.2030,3
38.4835,74.7645,94.6693,3
38.4291,75.1416,100.0000,3
38.3344,74.3652,99.8713,3
38.4987,79.1887,0.0000,3
38.0517,79.4097,0.2276,3
38.1943,79.0110,5.2214,3
38.0530,78.6973,5.7683,3
38.2054,79.1595,10.7997,3
38.4396,79.0838,10.9381,3
38.1914,78.6631,15.6767,3
38.2759,79.1507,16.5150,3
38.0659,79.0152,20.9881,3
38.4828,79.0603,21.2504,3
38.1508,78.8798,25.5915,2
37.9057,79.0010,26.3429,2
38.1948,79.2298,31.6254,2
38.0882,78.8844,31.7009,2
38.0819,79.2667,36.8365,2
38.2082,78.7024,37.3745,2
38.4457,78.5384,42.3057,2
38.1363,79.0326,42.3313,2
37.7109,79.1752,47.9246,3
38.4029,78.6640,47.3529,3
38.0501,78.3728,52.3213,3
37.9411,79.0477,51.8159,3
37.9620,78.7915,58.2798,3
38.7135,79.0383,57.3787,3
38.0221,79.1448,62.4849,3
38.3772,79.0294,63.0954,3
37.8209,79.2235,68.0402,3
38.1886,78.9002,67.6292,3
38.1118,78.5843,73.3582,3
38.2444,79.1581,73.6751,3
37.9811,78.7531,78.6150,3
37.7305,78.9693,78.1143,3
38.1731,78.5095,83.6074,3
38.2916,78.9547,83.2681,3
38.0461,79.0260,89.1640,3
38.0893,79.0206,89.4960,3
37.9594,78.9541,94.5932,3
38.5027,78.9164,94.8043,3
38.2099,78.8507,99.6400,3
38.2498,79.0878,100.0000,3
38.3064,83.3857,0.3589,3
38.0198,82.7805,0.0000,3
38.2955,83.5844,5.6302,3
38.1245,83.6609,5.0413,3
37.9283,83.2338,11.1722,3
37.9891,82.6465,10.5452,3
38.3122,82.2685,16.2782,3
37.8845,83.3753,14.7911,3
37.8629,83.3435,21.6605,3
38.1561,83.8765,20.5413,3
37.9508,83.0672,26.1409,2
38.2146,82.9350,26.5995,2
38.2666,83.6419,31.3337,2
38.2253,83.3396,31.5753,2
38.1156,82.5388,36.8838,2
38.2770,83.1405,36.4510,2
37.8221,83.2938,42.1218,2
38.4359,82.7231,41.8701,2
37.8936,83.4655,47.9879,3
38.5424,83.3143,47.7631,3
38.2451,83.3298,52.6561,3
38.2817,83.7999,52.7409,3
38.1627,83.2173,57.8202,3
38.2072,83.1030,58.4667,3
38.3667,83.8077,63.1461,3
38.2156,83.2320,63.2577,3
38.3839,82.6704,68.6514,3
38.5570,83.5668,69.0453,3
38.3263,82.9792,73.3093,3
38.0095,82.8164,74.1575,3
38.4516,83.2882,79.3498,3
38.2166,83.3285,77.8888,3
38.2208,83.0302,84.1904,3
38.2030,82.9432,83.6727,3
38.0087,82.7234,88.8961,3
37.9543,82.7274,89.7381,3
37.9778,82.5989,94.5362,3
37.9352,83.5956,94.8033,3
37.8638,83.3285,100.0000,3
38.1102,83.6303,99.5122,3
38.3649,87.2456,0.0000,3
38.0079,87.1626,0.0000,3
37.7777,87.4724,5.3206,3
37.8584,87.5664,5.9917,3
38.0250,87.1330,11.0830,3
38.2385,87.3276,10.9336,3
38.2127,87.7970,15.7811,3
38.2432,87.6978,14.5656,3
38.3847,87.2169,21.3026,3
38.4907,87.2766,20.8249,3
38.1469,86.9327,27.4154,2
38.1494,87.8621,26.1492,2
38.1647,87.6517,31.0278,2
38.1374,87.6405,31.4724,2
38.0613,87.7030,37.5427,2
38.4699,87.1659,36.5524,2
38.0636,87.5840,41.5069,2
37.9298,87.1541,41.6362,2
38.3348,87.6135,47.1276,3
38.1191,86.6065,47.1397,3
38.4067,87.2149,52.0853,3
38.4331,87.0341,53.4046,3
38.7355,87.3356,58.5166,3
37.8241,86.8545,57.4964,3
38.3224,87.3689,63.0647,3
37.8997,87.3302,62.8361,3
37.9734,87.0662,68.5170,3
38.0138,87.3665,67.5365,3
38.2585,87.4406,73.5685,3
38.1902,87.6487,72.9598,3
38.1712,86.9769,78.9912,3
38.1061,87.3609,79.3716,3
38.3216,87.6944,84.0123,3
38.2985,87.5204,84.0249,3
38.1813,87.3288,90.1711,3
38.3199,87.2677,89.2710,3
38.3494,87.7704,94.8946,3
38.2896,87.7594,94.6495,3
38.1746,87.5144,99.7855,3
38.4977,87.2370,100.0000,3
38.5412,91.0204,0.1080,3
38.0258,91.5790,0.0000,3
38.0837,91.5864,5.3823,3
38.3370,90.8818,5.2002,3
38.1230,91.5597,10.5425,3
37.9919,91.1148,10.6349,3
37.9590,91.6998,15.3209,3
38.2964,91.5626,15.7970,3
38.1086,91.4569,20.9361,3
38.3942,91.1186,20.7286,3
38.3692,91.8249,26.9876,2
38.1460,91.1835,25.7619,3
38.0982,91.8072,31.4516,2
38.0916,91.6980,31.5928,2
38.0698,91.2785,37.3156,2
38.3675,91.2616,36.6408,2
38.2913,91.2376,42.2879,2
38.0926,91.2139,42.9939,2
38.0896,91.7362,46.8078,3
38.4684,92.1632,46.6173,3
38.1250,91.9773,52.3974,3
38.2398,91.0748,52.2374,3
38.2189,91.4021,57.7145,3
37.8548,91.7752,57.2249,3
38.4660,91.3741,63.5582,3
38.2983,91.2834,62.8700,3
38.0664,91.4621,67.7722,3
38.2647,91.3723,68.3640,3
38.3592,91.7505,73.3736,3
38.3661,91.7786,73.3313,3
38.0551,91.8791,79.3367,3
37.8574,91.2773,79.2951,3
37.9230,91.8204,85.1784,3
38.2326,91.3020,84.2988,3
38.3648,91.6086,89.7156,3
37.9980,91.3618,89.9267,3
38.0155,90.8031,94.5837,3
38.2207,91.8965,95.5597,3
38.1748,91.7765,100.0000,3
38.2287,91.5229,100.0000,3
38.0119,96.3835,0.0000,3
38.2721,95.8853,0.1856,3
37.9213,95.2860,5.5660,3
38.4261,95.8555,5.6658,3
38.0663,95.8889,11.1391,3
38.0952,96.1452,9.7090,3
38.0353,95.9532,16.7409,3
38.1608,95.4793,16.7295,3
38.1327,95.9889,20.8854,3
38.1864,95.6208,22.1815,3
38.3961,96.3199,25.9216,3
37.7929,95.7016,27.5740,2
38.0935,96.1050,31.0665,2
37.9921,95.7655,32.6338,2
38.3779,95.1735,37.1755,2
37.9281,95.5850,37.0973,2
38.4376,96.1943,42.2710,2
38.2270,96.1933,41.3175,2
38.5234,95.5687,47.4987,3
38.0586,95.4427,47.5992,3
38.2052,95.7579,52.5552,3
38.4631,96.4473,53.2580,3
38.2134,95.2983,58.2083,3
38.2922,96.0209,57.3242,3
38.3279,96.2579,62.6666,3
38.2948,95.5459,63.1058,3
37.9682,95.6843,68.2496,3
38.2403,96.0566,69.0291,3
38.0275,95.8974,73.1351,3
38.1358,95.8023,73.2229,3
38.2697,95.7427,79.0246,3
38.4028,95.6612,79.3725,3
38.4465,96.2040,84.1165,3
37.9634,95.5765,83.4172,3
38.2951,96.0139,89.5324,3
37.8827,95.6799,90.1638,3
38.2798,96.0244,96.3909,3
38.2235,95.1419,94.1863,3
38.2190,95.7951,99.9140,3
38.1270,95.5541,100.0000,3
38.4368,100.5197,0.8520,3
37.9667,99.9939,0.0000,3
38.2763,99.9752,5.1503,3
38.4488,100.0295,5.3252,3
38.2405,100.2029,10.8673,3
38.4683,99.6143,10.6885,3
38.1374,99.9097,16.1684,3
38.4172,99.8225,16.6329,3
37.8716,100.1771,20.6073,3
38.0295,100.0180,20.8532,3
37.5852,100.1834,26.7057,3
38.1257,99.9281,26.1293,3
37.8156,99.4548,31.9808,2
38.3708,100.1790,31.7686,2
38.3144,100.2148,36.4495,2
38.2024,99.9112,36.7007,2
38.3859,100.4724,40.9321,2
38.1069,99.9078,42.6860,2
37.8678,99.1031,47.7789,3
38.3505,99.4648,47.3062,3
38.4639,99.6766,52.6821,3
38.2595,99.5717,52.3497,3
37.8197,99.9506,57.4992,3
38.1994,100.1904,58.5891,3
38.6244,100.0623,62.9996,3
38.0830,99.7105,63.3820,3
38.0589,100.1554,67.9545,3
38.0647,100.1297,68.3586,3
37.7738,99.9954,73.2833,3
38.3942,100.2913,72.5427,3
38.3182,100.1168,78.2053,3
38.3336,99.6160,79.5201,3
38.0287,99.5446,85.2709,3
37.8486,99.7582,83.9056,3
38.0668,100.2096,89.5026,3
38.3588,100.1116,88.6372,3
38.2679,100.0701,94.4245,3
38.5726,100.1825,95.2077,3
38.3532,99.8740,100.0000,3
38.2211,99.8329,99.3892,3
40.5312,20.1761,0.0081,3
40.4899,20.0082,0.0000,3
40.8362,20.0811,5.0199,3
40.1647,19.9408,4.9747,3
40.4035,20.2828,10.5662,3
40.1898,20.1856,9.7353,3
40.6650,19.8575,15.8329,3
40.5213,19.9556,15.8942,3
40.5427,20.5609,21.1646,3
40.5758,19.7871,21.2431,3
40.3216,20.3450,25.5736,3
40.3576,19.5113,26.5256,3
40.4415,20.2058,31.0912,2
40.6326,20.1740,31.6848,2
40.5325,20.0412,36.3868,2
40.3113,20.1632,36.6578,2
40.6170,20.4653,41.8767,2
40.4063,19.9027,42.1247,2
40.6491,19.9915,48.4077,3
40.6105,20.2342,47.3500,3
40.7287,19.9384,52.3095,3
40.7074,19.9828,52.7542,3
40.7227,20.0417,57.8201,3
40.4192,20.3185,57.7239,3
40.5161,20.0861,63.2993,3
40.7291,19.9791,63.8461,3
40.4766,20.1112,68.3292,3
40.9449,19.8948,68.2910,3
40.5493,19.9200,73.8415,3
40.7721,20.0442,73.7763,3
40.4805,19.8485,78.9956,3
40.5278,20.3520,78.4678,3
40.8172,19.9560,84.2848,3
40.3133,20.1686,83.7303,3
40.6010,20.0827,89.3109,3
40.1133,20.6482,88.9466,3
40.5809,19.7811,95.2608,3
40.4504,19.7744,95.0344,3
40.2719,19.8760,100.0000,3
40.8277,19.7113,99.6942,3
40.5967,23.6113,0.6788,3
40.3264,24.0793,0.1304,3
40.5366,23.9214,6.1239,3
40.0113,23.8739,4.9448,3
40.3364,24.5764,9.6971,3
40.8378,24.1271,9.8458,3
40.1061,24.1460,15.4385,3
40.5736,24.0754,16.2674,3
40.4978,24.0834,21.5393,3
40.5719,24.4429,21.6270,3
40.4676,24.2220,26.7377,3
40.0362,24.1800,26.2034,3
40.6011,23.9702,32.1267,2
40.3788,24.0728,31.2467,2
40.7723,23.5849,37.7355,2
40.8210,24.0411,37.3556,2
40.5523,24.7064,42.5806,3
40.9649,23.7419,42.2009,2
40.1815,24.0549,48.4932,3
40.6200,24.5059,47.6254,3
40.6164,24.0538,52.2773,3
40.4165,23.3914,52.5906,3
40.5743,24.0248,57.8294,3
40.6313,24.4760,57.2958,3
40.3674,24.4364,63.4524,3
40.7952,24.6014,64.3653,3
40.4678,24.6841,67.9610,3
41.0051,24.3469,68.6921,3
40.7243,23.8039,73.1468,3
40.5494,24.3142,74.7255,3
40.3365,24.6726,78.8146,3
40.4704,24.1614,78.7947,3
40.6236,24.0920,83.5053,3
40.4728,24.3475,83.5094,3
40.6427,24.5647,90.2136,3
40.5938,23.6691,89.7975,3
40.7197,24.0016,94.7005,3
40.6230,24.7467,94.6089,3
40.7046,24.3054,100.0000,3
40.7924,23.9611,100.0000,3
40.5318,27.9690,0.6163,3
40.6921,28.4312,0.0000,3
40.5264,28.6333,5.2896,3
40.3928,28.2659,5.2571,3
40.3398,28.5210,10.1298,3
40.3354,29.3790,11.4962,3
40.5551,28.6764,16.2999,3
40.5112,28.5059,15.6584,3
40.7775,28.8019,21.8336,3
40.5795,29.0714,21.0145,3
40.9357,28.2821,25.6671,3
40.9319,28.6192,26.5753,3
40.4542,28.1675,31.2038,2
40.5540,28.3760,30.6087,2
40.8651,28.2951,37.4613,2
40.3852,28.4675,37.3283,2
40.6932,28.3407,42.3599,3
40.6615,28.3767,41.5484,2
40.4014,28.3073,47.3815,3
40.8448,28.6933,46.9604,3
40.8936,28.3974,52.9677,3
40.3385,28.2854,53.1505,3
40.3505,28.4376,58.1302,3
40.3217,27.8878,58.3484,3
41.0990,28.5587,63.4833,3
40.3495,28.8620,62.9695,3
40.7591,28.6032,68.7369,3
40.6450,28.5895,68.5627,3
40.7202,28.2032,73.5648,3
40.8199,28.4729,73.5212,3
40.7333,28.6723,78.2975,3
40.6723,28.4623,79.3033,3
40.5285,28.5603,83.2950,3
40.3473,28.6431,85.5212,3
40.5998,28.2132,89.5414,3
40.3476,28.7960,89.4977,3
40.7370,28.3750,95.3078,3
40.2016,28.4284,95.0066,3
40.4726,28.5289,100.0000,3
40.7361,28.6075,100.0000,3
40.7022,32.2257,0.0000,3
40.2493,32.7962,0.2069,3
40.8034,32.7371,4.9473,3
40.5531,32.0690,5.0590,3
40.0569,32.7301,10.3867,3
40.4999,32.3521,10.1919,3
40.6648,32.2008,16.0423,3
40.3641,32.1273,16.4026,3
40.7922,32.4697,20.7780,3
40.4761,32.3886,20.7357,3
40.6163,33.2537,26.1384,3
40.7309,32.7374,25.4797,3
40.5214,32.5866,32.3112,2
40.8273,32.7446,32.1861,2
40.4970,32.9674,36.8923,2
40.7458,32.9914,37.2003,2
40.3780,32.5054,42.4814,2
40.7050,32.6791,41.9491,2
40.5646,32.5480,47.2320,3
40.9183,32.4889,47.6223,3
40.5569,32.2636,52.0011,3
40.5101,32.0458,53.5468,3
40.4540,32.4986,58.5063,3
40.4982,32.8269,57.6084,3
40.5354,32.9221,62.7270,3
40.6319,31.9066,63.7906,3
40.4150,32.6059,68.3721,3
40.3313,32.3161,68.6817,3
40.6400,32.3660,73.9547,3
40.6379,32.5181,73.0375,3
40.5188,32.7411,78.9179,3
40.4078,32.7717,79.5800,3
40.3723,32.5422,85.5821,3
40.5845,32.2515,83.9717,3
40.3749,32.7457,89.6275,3
40.3990,33.1885,89.5163,3
40.4352,32.2652,94.2895,3
40.2771,32.5744,94.2944,3
40.6831,32.4562,100.0000,3
40.6246,32.8252,100.0000,3
40.9250,36.5874,0.4230,3
40.6059,37.1611,0.0554,3
40.7615,36.4546,4.7610,3
40.4125,36.8197,5.2863,3
40.3783,36.5448,10.1987,3
40.1845,36.7557,10.4971,3
40.6145,36.8922,16.6862,3
40.6888,37.0633,15.9718,3
40.6335,36.7759,21.1024,3
40.9106,36.8211,20.3867,3
40.6657,37.1047,26.3931,3
40.1506,37.2281,26.4307,3
40.4643,37.1985,30.5666,2
40.5487,36.6799,32.3250,2
40.5749,36.5827,37.4112,2
40.0345,36.9945,36.2105,2
40.4338,36.7699,42.5603,2
40.9670,36.3082,42.3284,2
40.9668,36.6702,47.0509,3
40.5735,37.0908,47.6972,3
40.4546,36.6013,53.2896,3
40.3714,36.2673,51.9049,3
40.4111,37.2899,57.3006,3
40.8307,37.2341,58.0074,3
40.0165,36.4869,62.8411,3
40.8725,36.6714,62.7714,3
40.5640,36.4192,68.4087,3
40.3666,37.6484,67.9622,3
40.9123,36.5001,73.8156,3
40.6264,36.8846,73.7244,3
40.6986,36.9673,78.8609,3
40.3914,36.7924,78.8583,3
40.4868,36.8650,83.5059,3
40.3208,37.0916,83.0853,3
40.7657,36.6744,90.3084,3
40.7716,36.7439,89.3618,3
40.8450,37.2241,95.2232,3
40.7552,36.5159,94.8395,3
40.3722,36.5081,100.0000,3
40.4435,36.7922,99.7500,3
40.2754,41.5617,0.0779,3
40.2379,41.1072,0.7607,3
40.7181,40.8970,5.0158,3
40.3349,40.8300,4.9327,3
40.2327,40.9194,10.6983,3
40.4435,41.1178,11.3373,3
40.8934,41.0323,16.2296,3
40.4930,40.9063,15.2311,3
40.5436,41.3779,20.4154,3
40.4689,40.9520,21.1761,3
40.5789,41.2138,27.2643,2
40.3522,40.7750,26.4395,3
40.8169,40.6139,31.7446,2
40.4860,41.3089,31.8930,2
40.5360,41.1989,36.5130,2
40.6864,41.4686,36.8922,2
40.4447,41.0091,42.5001,2
40.5179,40.6927,42.5813,2
40.3298,41.1800,46.4352,3
40.5479,41.0321,46.3849,3
40.5929,40.7222,52.6740,3
40.4440,40.6085,52.1087,3
40.3332,41.3474,58.3126,3
40.9652,40.8991,57.6227,3
40.5533,40.9461,62.8666,3
40.5372,41.2637,62.1018,3
40.4119,40.6318,68.3441,3
40.6128,41.3877,68.2042,3
40.5476,40.5480,73.2540,3
40.5677,40.6449,74.3027,3
40.6310,40.7813,78.2063,3
40.3825,40.7828,78.3389,3
40.2450,40.9835,84.5767,3
40.3841,41.1861,84.0467,3
40.6488,40.8167,89.6142,3
40.5503,41.4613,89.7531,3
40.5775,40.6117,94.4742,3
40.3662,40.8060,94.7446,3
40.5745,41.1366,100.0000,3
40.6230,40.6843,100.0000,3
40.6432,45.6418,0.0000,3
40.4974,45.5868,0.0893,3
40.2066,44.7193,6.1835,3
40.1836,45.2130,5.7047,3
40.1734,44.9387,9.9029,3
40.8865,45.8686,10.1592,3
40.6422,45.3556,15.6491,3
40.2010,45.9554,14.8815,3
40.5687,45.0689,21.5567,3
40.6955,44.9695,20.6576,3
40.2163,45.3216,26.6712,2
40.4380,45.1897,27.2697,2
40.7136,45.6675,30.4579,2
40.6358,45.3386,30.9530,2
40.3175,45.1976,36.1711,2
40.3666,45.1247,37.1289,2
40.3850,45.1290,42.6174,2
40.1735,45.3313,42.3000,2
40.6097,45.1128,46.8360,3
40.8302,45.0062,46.8099,3
40.5304,45.0414,53.1570,3
40.4733,45.6173,52.8560,3
40.4487,45.5974,57.5693,3
40.4623,45.4219,58.0080,3
40.3916,44.8023,63.1486,3
40.3809,45.2721,62.9474,3
40.3828,45.1827,68.3843,3
40.6653,45.3901,69.4683,3
40.5546,45.0613,73.6011,3
40.6400,45.5642,74.3549,3
40.3229,45.6474,78.9244,3
40.3409,45.2020,79.5527,3
40.6178,44.8995,83.6083,3
40.2799,45.0437,84.2493,3
40.3011,45.1347,90.1747,3
40.8499,45.7283,88.5762,3
40.8611,45.2907,94.7758,3
40.7321,45.4742,93.8025,3
40.4038,45.1533,99.3349,3
40.7257,45.6948,99.9947,3
40.5860,49.4703,0.0496,3
40.7499,48.9440,0.2431,3
40.5287,49.2596,5.0115,3
40.8928,49.0754,5.1789,3
40.8522,49.0926,10.2982,3
40.5348,49.5975,10.4862,3
40.3472,49.6079,15.7392,3
40.6519,49.7508,15.0464,3
40.7329,49.3973,21.4652,3
40.6251,50.0299,21.0558,3
40.4457,49.3198,25.7972,2
40.6879,49.1433,26.7155,2
40.4816,48.9447,32.3231,2
39.8512,49.4492,31.6959,2
40.0651,49.6061,36.5072,2
40.4766,49.8766,36.9135,2
40.4562,49.4225,42.9933,2
40.6072,49.2086,41.8611,2
40.2883,49.3382,48.1724,3
40.4930,49.0726,47.5839,3
40.4478,49.6421,52.5104,3
40.8154,49.2005,52.0490,3
40.7138,48.8726,57.8088,3
40.6864,48.8154,57.9271,3
40.2271,48.9202,62.6249,3
40.4896,49.2619,63.7114,3
40.5428,49.3270,67.7661,3
40.5711,50.0914,68.0696,3
40.4092,49.1555,74.2763,3
40.7117,49.3398,73.3847,3
40.3375,49.3869,79.4573,3
40.5346,49.8600,78.5873,3
40.0638,50.2553,84.3178,3
40.6820,49.2374,83.5293,3
40.5573,48.8762,89.3402,3
40.7308,49.6082,89.6011,3
40.8751,49.5863,93.7846,3
40.4965,50.0513,94.5821,3
40.8991,49.7808,99.7958,3
40.3102,49.5757,100.0000,3
40.2106,53.7203,0.0000,3
40.4584,53.1878,0.2811,3
40.3885,54.0316,4.9929,3
40.4000,53.1997,5.4587,3
40.6247,53.9661,10.8539,3
40.6066,53.8630,10.8747,3
40.7078,53.2259,15.5586,3
40.2017,53.7839,16.6045,3
40.7056,53.5021,21.3053,3
40.5961,53.7542,20.4010,3
40.7893,53.3308,26.1324,2
40.7181,53.5722,26.3554,2
40.5502,53.7040,31.6365,2
40.5691,53.7066,31.1312,2
40.2163,53.9837,37.3640,2
40.5938,53.7829,36.3845,2
40.0386,53.6096,41.1566,2
40.5632,54.0755,41.7972,2
40.4146,53.3825,47.3905,3
40.5197,53.3785,47.8247,3
41.0668,54.0412,52.5763,3
40.5018,53.5301,52.3645,3
40.7179,53.9847,57.3100,3
40.5996,54.0175,57.7196,3
40.4840,53.8930,63.5201,3
40.6121,53.7605,63.3522,3
40.4708,53.3489,67.6427,3
40.6454,53.7167,68.6488,3
40.3605,53.7150,73.7235,3
40.7821,53.9397,73.3142,3
40.6272,53.4601,77.6409,3
40.8715,53.5717,79.4671,3
40.3940,53.4420,83.9372,3
40.5768,53.7371,84.4594,3
40.4270,53.6963,89.0521,3
40.8202,53.2900,89.0627,3
40.4416,54.4009,95.1203,3
40.3556,53.9309,94.9948,3
40.5811,53.8930,100.0000,3
40.5605,53.2183,100.0000,3
40.4368,57.5236,0.0000,3
40.4335,57.6544,0.3888,3
40.7212,57.3070,5.0058,3
40.4377,57.8431,6.1163,3
40.3636,58.3635,10.4532,3
40.8407,57.8014,10.3123,3
40.5218,58.2824,15.8686,3
40.5682,58.0857,15.3496,3
40.5937,57.7063,21.7883,2
40.6100,58.1026,20.0330,2
40.6677,57.8415,25.5972,2
40.5453,57.4393,26.6213,2
40.8131,57.3576,31.5640,2
40.4933,57.2979,32.0372,2
40.6515,58.5026,37.0902,2
40.3505,58.0490,37.4845,2
40.4333,58.1505,40.9278,2
40.8213,58.1349,40.8331,2
40.6028,57.2988,47.0629,2
40.6621,57.8539,47.9967,2
40.5391,57.8835,53.1808,3
40.4588,57.8872,52.6849,3
40.5128,58.2428,57.5613,3
40.3603,57.5762,56.8238,3
40.8231,57.6245,63.0386,3
40.8379,57.8522,63.4151,3
40.2422,58.3142,68.3603,3
40.3227,57.5890,69.2660,3
40.4091,57.5958,73.4677,3
40.5354,57.9403,73.9064,3
40.5733,58.0889,78.8110,3
40.9408,57.7482,79.6236,3
40.4065,57.4664,83.3770,3
40.5871,58.2433,83.6350,3
40.3508,58.0106,89.4724,3
40.4092,57.5110,89.6282,3
40.6569,58.0423,94.7501,3
40.3152,57.9891,94.8568,3
40.2637,57.8040,100.0000,3
40.5107,57.3066,99.6798,3
40.3849,62.2731,1.2992,3
40.5531,61.7459,0.0000,3
40.5284,62.3322,5.8842,3
40.8045,62.2664,5.2628,3
40.8230,62.0010,10.5536,3
40.4776,61.4659,11.1622,3
40.6614,61.3943,16.2903,3
40.4656,62.4018,15.8274,3
40.2548,62.1132,20.6034,2
40.2817,62.3654,21.2484,2
40.8258,61.9869,25.8343,2
40.6541,61.8552,26.1607,2
40.6313,62.0675,31.3346,2
40.2458,62.3863,31.3947,2
40.6499,62.2511,37.3877,2
40.4792,62.0009,36.2880,2
40.4178,62.2076,41.6967,2
40.5895,62.5455,41.8827,2
40.2634,61.9812,46.6571,2
40.7932,62.1307,47.0042,2
40.4143,61.7506,53.1371,3
40.8938,61.6570,53.1532,3
40.4771,62.4855,56.9778,3
40.5714,61.9829,58.2243,3
40.5385,62.1119,63.1049,3
40.8388,62.0528,63.5900,3
40.6520,62.3719,67.9137,3
40.6678,62.2063,67.8263,3
40.4838,62.7935,73.4883,3
40.4528,62.2405,73.4138,3
40.5544,61.9706,79.1486,3
40.5139,62.6909,78.9704,3
40.4818,62.4141,83.5150,3
40.8647,61.8087,84.8067,3
40.8176,61.9475,89.2588,3
40.5045,62.2917,88.9747,3
40.5045,62.0112,94.1612,3
40.3173,62.1437,94.7921,3
40.3735,62.1290,99.6765,3
40.7877,62.0744,100.0000,3
40.1878,66.4126,0.2980,3
40.4987,66.1541,0.0000,3
40.6748,65.9526,5.6134,3
40.5900,66.2375,5.1541,3
40.5387,66.8134,10.7003,3
40.3378,66.1852,9.9540,3
40.1484,65.9671,15.8495,3
40.7811,66.6145,15.2118,3
40.3668,66.0342,19.7618,2
40.4928,66.5568,20.9264,2
40.2728,66.0622,26.1514,2
40.6804,66.2609,26.6332,2
40.5100,66.3868,31.1089,2
40.3891,65.9390,31.8798,2
40.4681,65.2365,37.0827,2
40.7211,66.0723,37.0822,2
40.4844,65.6804,43.0817,2
40.4856,66.3762,41.7930,2
40.4672,66.3643,46.8472,2
40.8651,66.5672,47.6268,2
40.4980,66.0874,53.1466,3
40.6485,66.1960,52.0893,3
40.2111,66.3244,57.7703,3
40.7634,66.6134,57.9142,3
40.5101,65.9702,63.6884,3
40.5150,66.4974,63.7463,3
40.4132,66.0674,69.6554,3
40.6452,66.2322,69.0410,3
40.4647,66.4134,73.4001,3
40.5229,66.2336,73.3083,3
40.5749,66.1242,79.2354,3
40.4654,65.7998,79.2578,3
40.6538,66.9919,84.2194,3
40.5630,66.4594,84.7204,3
40.7178,66.4114,89.4572,3
40.6948,66.2934,88.8291,3
40.2261,66.2278,94.7968,3
41.0207,66.2798,94.7601,3
40.4454,66.5014,100.0000,3
40.3986,66.0124,99.7988,3
40.3576,70.4570,0.0707,3
40.4261,70.9627,0.5797,3
40.4804,70.2371,5.2483,3
40.4996,70.5075,5.0641,3
40.3164,70.5368,10.3509,3
40.4739,70.5545,10.4916,3
40.5408,70.4072,15.9695,3
40.3828,70.1999,15.3445,3
40.3910,70.1400,20.2063,2
40.6270,70.9086,21.3315,2
40.4297,70.0114,26.4118,2
40.2049,70.5003,25.9160,2
40.0702,70.9705,30.9510,2
40.4552,70.4876,31.3437,2
40.6192,70.3040,37.0331,2
40.5900,70.1130,36.9600,2
40.3155,70.1766,42.2505,2
40.4446,70.6382,42.2961,2
40.2407,70.7485,47.5109,2
40.4090,70.4855,47.7530,2
40.4624,71.1609,53.3769,3
40.5497,70.4579,52.5392,3
40.4062,70.5639,58.2385,3
40.2564,70.7191,58.3615,3
40.6408,70.4873,63.4232,3
40.7862,70.5089,63.1697,3
40.9528,70.6185,67.9174,3
40.7009,70.6469,68.0933,3
40.3055,70.5979,73.6542,3
40.2775,70.4998,73.6085,3
40.5138,70.6738,78.0664,3
40.3039,70.3802,79.6105,3
40.9999,70.5278,84.2333,3
40.0376,70.7977,84.4353,3
40.5829,70.1525,90.4636,3
40.8304,70.6146,89.9697,3
40.5365,70.7726,94.0832,3
40.0716,70.1455,94.3336,3
40.3976,70.6608,99.8713,3
40.5206,70.1709,99.3644,3
40.5345,74.5742,0.0023,3
40.6352,75.2287,0.0000,3
40.8890,74.8587,5.6079,3
40.7369,74.9528,4.8623,3
40.7429,74.6246,10.6772,3
40.5529,75.0801,10.7228,3
40.2491,75.3643,16.2069,3
40.4162,74.3957,16.2641,3
40.3225,74.9771,21.5872,3
40.3964,74.5151,20.8175,3
40.3285,74.8057,26.5019,2
40.6718,74.4868,26.7358,2
40.3288,74.9887,30.8356,2
40.8399,74.5804,31.8785,2
40.6620,74.3560,37.2597,2
40.4162,74.6450,36.5070,2
40.8491,74.3858,42.3204,2
40.4016,75.0642,43.2659,2
40.4002,74.7789,47.1758,3
40.7339,74.6622,47.8212,3
40.4468,75.4100,51.5358,3
40.6017,74.7337,52.6082,3
40.5834,74.7544,58.0043,3
40.6079,75.2615,56.5119,3
40.8957,75.5048,62.2824,3
40.5359,75.1482,63.6172,3
40.8616,74.8484,67.4047,3
40.7872,74.9275,69.1542,3
40.2195,74.3720,73.6924,3
40.7929,75.2203,73.3213,3
40.4450,75.5984,78.6710,3
40.6614,74.6013,79.1847,3
40.3531,74.4855,84.0251,3
40.4173,74.6456,84.4734,3
40.9044,74.5597,88.9795,3
40.5282,74.4814,88.6561,3
40.7392,74.7610,94.8261,3
40.1409,74.5614,94.0289,3
40.5222,74.7771,100.0000,3
40.3929,74.4809,99.9034,3
40.5977,78.7736,0.0000,3
40.3474,78.7498,0.0000,3
40.3067,78.8137,5.8812,3
40.4674,78.5757,4.1339,3
40.8936,79.2892,10.6686,3
40.7589,79.1056,10.4885,3
40.2783,79.5200,15.5710,3
40.4498,78.9586,15.8168,3
40.6413,79.0852,20.7642,3
40.5315,79.1103,20.7216,3
40.8156,78.9413,27.1150,2
40.2479,79.1438,25.8706,2
40.3994,79.2188,31.4647,2
41.0458,79.1028,31.2311,2
40.6303,78.8762,37.2581,2
40.4671,79.0694,36.9413,2
40.5420,79.2599,41.2036,2
40.5458,78.7370,41.4309,2
40.3588,78.7614,47.2508,3
40.5938,79.1101,47.1639,3
40.8432,78.8360,51.6584,3
40.4574,78.9615,50.9951,3
40.7678,78.9176,57.3185,3
40.3343,79.1759,58.3367,3
40.3966,78.5408,63.2233,3
40.5892,79.1170,62.8763,3
40.5019,78.9534,68.9045,3
40.7922,79.4276,69.0723,3
40.8890,79.2513,73.3895,3
40.8330,78.5344,74.8664,3
40.3313,79.2137,79.6695,3
40.6182,78.3323,78.4734,3
40.5977,79.1381,84.1211,3
40.5412,78.5067,85.0977,3
40.4507,79.1840,90.1755,3
40.2953,78.9858,89.6127,3
40.4747,79.2256,94.4032,3
40.5373,78.8361,95.8996,3
40.3938,79.1709,100.0000,3
40.3426,78.9760,99.5068,3
40.1237,82.9224,0.0000,3
40.4241,83.0680,0.0031,3
40.2870,83.2634,5.8698,3
40.7924,83.0798,5.7101,3
40.3901,83.0549,10.7256,3
40.4594,82.7787,10.9429,3
40.3606,83.0019,16.3186,3
40.6337,83.2107,15.0548,3
40.2937,83.2771,21.3676,3
40.5769,83.0158,20.7993,3
40.5695,82.7824,26.3616,2
40.2486,82.8421,26.4049,2
40.6430,83.2604,31.0217,2
40.1521,83.1554,30.6293,2
40.7152,82.8335,37.9592,2
40.3339,83.2968,36.4738,2
40.4927,83.2131,42.5354,2
40.7302,83.3761,42.6241,2
40.4031,83.3525,47.1980,3
40.7236,83.1926,47.6786,3
40.5846,83.3860,52.2278,3
40.2119,83.4546,53.3041,3
40.5031,83.4012,57.0801,3
40.4020,83.1825,57.0271,3
40.2204,83.2053,62.8551,3
40.4570,83.0360,62.5161,3
40.4828,83.1538,68.1297,3
40.4260,83.0967,68.8309,3
40.5074,82.5800,73.0873,3
40.7127,82.9522,73.6400,3
40.9113,83.3474,77.8732,3
40.8153,83.2028,79.1320,3
40.5872,83.4319,84.1707,3
40.2300,83.2550,83.5196,3
40.8896,83.0493,89.4478,3
40.3911,83.2596,89.7009,3
40.3906,83.2938,94.7707,3
40.5071,82.9324,95.8940,3
40.7629,83.3764,100.0000,3
40.5863,83.0531,98.6785,3
40.2825,88.0179,0.5801,3
40.5668,86.8952,0.3174,3
40.4707,87.5778,4.7072,3
40.4283,87.6340,6.2271,3
40.3946,87.0685,11.0378,3
40.2743,87.0120,10.6593,3
40.9435,87.1138,15.6046,3
40.5486,87.2266,14.9061,3
40.6867,87.4243,21.2361,3
40.4980,87.8224,20.8004,3
40.3109,87.8675,25.2165,3
40.4956,87.3458,26.2585,3
40.2161,87.0129,32.0579,2
40.8034,87.2432,31.1136,2
40.1694,87.6506,37.3419,2
39.9642,86.6413,36.9105,2
40.5796,87.2252,42.0888,2
40.4769,87.3764,41.6548,2
40.5239,87.1661,46.9896,3
40.1529,87.3158,47.7699,3
40.4612,87.2624,53.2594,3
40.7313,87.8888,53.7601,3
40.5382,87.0213,57.6342,3
40.6409,87.8005,57.3703,3
40.5774,87.1306,63.0846,3
40.4940,87.4828,64.1741,3
40.6213,87.2395,68.1236,3
40.4881,87.1069,68.4909,3
40.0441,87.3051,73.6182,3
40.2942,87.2538,74.2442,3
40.7647,87.2085,79.2091,3
40.2266,87.2796,79.0628,3
40.8317,87.7263,84.3150,3
40.3440,87.7760,84.0404,3
40.6160,87.3317,90.4698,3
40.4043,87.6433,89.4305,3
40.6401,87.8544,93.7346,3
40.5132,87.1002,94.9597,3
40.6646,87.2273,99.7390,3
40.5671,86.9865,100.0000,3
40.3628,91.7990,0.0000,3
40.4129,91.3536,0.0000,3
40.8016,91.8327,5.0233,3
40.4302,91.8445,4.6812,3
40.5308,91.3972,10.4405,3
40.6881,91.3782,11.0134,3
40.9662,91.7601,15.7474,3
40.7577,91.2463,16.5500,3
40.3757,92.2294,20.6941,3
40.6587,91.1111,20.9460,3
40.3104,91.1465,26.9185,3
40.2808,91.3584,25.8900,3
40.7542,91.8842,32.2141,2
40.3690,91.9838,31.1815,2
40.3754,91.3693,36.5109,2
40.5082,91.3273,36.9578,2
40.0044,91.6474,41.5604,2
40.3924,91.3854,42.5769,2
40.6272,91.5293,47.0108,3
40.6829,92.1174,47.3544,3
40.2067,91.3681,52.9112,3
40.4378,91.3213,52.1805,3
40.5447,91.1188,57.8774,3
40.5440,91.4441,57.3733,3
40.7300,91.1791,63.2443,3
40.6719,91.6268,63.7735,3
40.2992,91.3417,68.1904,3
41.1845,91.7313,68.7686,3
40.6570,91.6026,74.2089,3
40.1523,91.6620,73.8983,3
40.7300,91.2322,78.4063,3
40.3225,91.7356,79.2157,3
40.3364,92.1532,84.3537,3
40.5512,91.5167,84.6758,3
40.6042,92.1459,88.8667,3
40.2172,91.3569,89.7504,3
40.4407,91.9603,94.5401,3
40.7427,91.3297,95.3284,3
40.8001,91.4095,100.0000,3
40.5799,91.7340,100.0000,3
40.7210,95.9437,0.3315,3
40.2725,95.7772,0.0000,3
40.5227,96.1245,5.2596,3
40.0252,95.4754,5.5537,3
40.4185,96.0246,9.9227,3
40.6027,95.9191,10.9213,3
40.3953,96.0234,16.5428,3
40.0718,95.8050,14.8863,3
40.3543,95.5559,21.0194,3
40.6018,96.0610,21.1846,3
40.6610,95.4659,26.8441,3
39.8671,96.2475,26.9894,3
40.6763,96.4582,30.6770,2
40.6822,95.8300,31.7010,2
40.2936,95.9079,37.0160,2
40.3884,95.7689,36.1849,2
40.4472,96.0777,42.5957,3
40.6801,96.0776,42.5920,3
40.3976,95.8913,47.9118,3
40.2504,95.3739,46.6481,3
40.1692,95.4742,52.3688,3
40.8288,95.6582,51.8734,3
40.5596,95.7328,57.5037,3
40.4086,96.1096,57.1898,3
40.1932,95.9295,62.8509,3
40.8368,95.7432,63.1077,3
40.6836,95.2878,68.5898,3
40.4532,96.0975,68.0977,3
40.5617,95.6818,73.8907,3
40.4761,95.8682,74.5608,3
40.4691,95.9103,80.0906,3
40.6043,95.0592,78.6142,3
40.2856,96.0661,84.1636,3
40.7390,95.9729,84.5141,3
40.2817,95.9409,90.1570,3
40.2369,95.6943,89.6509,3
40.5459,96.2205,95.1011,3
40.6075,96.0348,95.1190,3
40.5345,95.6830,100.0000,3
40.3777,95.7678,99.4216,3
40.6726,100.3698,0.0000,3
40.4955,99.8560,0.5377,3
40.8097,99.8563,3.7176,3
40.7569,100.0135,5.2876,3
40.7191,99.8908,10.2112,3
40.4552,100.1467,10.9658,3
40.8529,100.1210,15.7172,3
40.7036,99.7086,16.4992,3
40.5686,99.9314,20.5686,3
40.6517,99.9158,21.0055,3
40.1921,99.8696,26.0315,3
40.6100,99.9197,24.9914,3
40.4433,99.5637,31.0575,2
40.7271,99.4933,31.7264,2
40.4249,99.7900,36.3524,2
40.5902,100.1295,35.9795,2
40.7564,99.6441,42.2996,3
40.2901,99.8623,41.4659,2
40.4206,99.9397,46.7938,3
40.5892,100.1336,48.7214,3
40.7121,100.3529,51.7471,3
40.1346,99.9109,53.5250,3
41.0212,99.7937,57.6016,3
40.6351,99.9408,57.8088,3
40.6533,100.8147,63.8102,3
40.9001,99.4468,63.6953,3
40.3363,100.5029,69.0997,3
40.6471,99.7771,68.1791,3
40.4457,100.2287,73.8862,3
40.8103,100.4832,73.2615,3
40.6214,100.1389,78.8999,3
40.7147,100.1473,78.6601,3
40.4979,99.8952,83.8468,3
40.5093,99.6109,84.4475,3
40.8071,100.0151,89.9469,3
40.5574,99.6934,90.4772,3
40.0418,100.0031,94.3526,3
40.8427,100.0648,96.0146,3
40.5335,99.7717,99.1449,3
40.7476,99.7496,99.7901,3
43.1404,20.3160,0.0000,3
42.8039,19.4732,0.0000,3
43.0475,20.2622,5.4418,3
42.9322,19.7882,5.9972,3
42.5379,19.8595,10.6067,3
42.8947,19.9994,10.2667,3
43.0029,19.6354,15.7175,3
42.9811,19.9002,15.7919,3
42.9378,19.4718,20.2190,3
42.9215,19.8175,20.7786,3
43.0085,19.7033,25.1092,3
43.2261,20.3630,26.9144,3
42.6706,19.9768,30.9447,2
42.8827,19.8956,31.0399,2
42.9954,19.9224,37.7035,2
42.9119,19.2356,35.9360,2
43.3139,19.8923,42.2253,3
42.8967,20.4249,41.1518,2
43.1606,20.3781,47.3715,3
42.9774,19.8888,46.5258,3
43.0108,20.0740,52.7653,3
42.9912,19.8187,53.3782,3
42.8964,20.1625,57.7587,3
43.1048,20.0312,57.8522,3
43.1362,19.4831,63.0179,3
42.7722,20.1122,63.3158,3
42.8924,19.7858,68.4090,3
42.9594,19.9465,68.9748,3
43.0171,20.0057,72.5112,3
42.8511,20.1890,73.5445,3
42.9554,19.9326,79.0636,3
43.1749,20.2360,78.2996,3
42.5631,20.1328,84.7945,3
42.5626,19.9371,85.3971,3
42.8410,20.7578,89.0619,3
42.7654,19.7891,88.8341,3
42.5565,19.9336,94.8093,3
42.7514,19.8571,95.4599,3
43.0891,19.9224,100.0000,3
42.5675,20.0809,99.9688,3
42.8199,24.2204,0.0000,3
42.6320,24.7145,0.4754,3
42.8172,23.6824,4.0350,3
43.2957,24.1584,5.6446,3
42.7050,24.1183,10.3981,3
42.9430,24.2375,10.0652,3
42.7082,24.1861,14.9123,3
42.7301,24.1643,15.9882,3
43.1954,24.0676,21.0707,3
42.5213,24.3110,20.5980,3
42.8331,24.3533,26.5746,3
42.6040,24.4511,26.2964,3
43.1482,24.6490,32.3820,2
42.6099,24.3312,30.7902,2
43.1550,24.6437,37.3311,2
42.8098,24.3738,36.5660,2
42.8975,24.1829,41.1061,2
42.7328,24.8918,42.0619,2
42.9268,24.2079,47.1632,3
42.9020,24.0884,46.2269,3
43.0520,24.6944,52.0495,3
42.8122,24.6605,52.2459,3
42.9723,25.5086,58.2109,3
42.9085,24.4750,58.2831,3
42.7623,23.6896,63.4549,3
43.0435,24.1213,63.9805,3
43.1837,24.4429,68.2817,3
42.4766,24.1582,67.5030,3
42.4233,24.4047,74.2704,3
42.5046,24.1336,73.6755,3
42.8363,23.7970,79.6129,3
42.6246,23.6258,78.2601,3
42.9910,24.1304,83.8254,3
43.0003,24.3103,83.0569,3
42.9982,24.5649,89.4121,3
42.8478,24.7787,89.1188,3
42.8616,24.3098,94.7611,3
42.8403,24.2373,95.5213,3
43.0563,24.1881,99.5680,3
42.7485,24.4956,99.2033,3
43.3754,28.4115,0.0000,3
42.9311,28.1808,0.0000,3
42.5926,28.3495,4.2018,3
42.7748,28.1729,5.0120,3
42.7419,28.4312,10.9703,3
42.9669,28.8108,10.2771,3
42.9597,28.5303,16.3653,3
42.7486,28.6577,15.3608,3
42.7808,28.3135,21.2792,3
42.6773,28.1368,20.7301,3
42.9044,28.1402,26.4478,3
42.8232,28.6184,26.3473,3
43.2452,28.4574,30.9698,2
42.8522,28.4274,31.1246,2
43.1982,28.3281,36.5198,2
42.9310,28.1492,37.3253,2
43.0478,28.4602,42.4010,3
42.7948,27.9702,41.9425,2
42.7944,27.8101,46.8395,3
42.6487,28.1049,48.0351,3
42.9971,28.7105,52.8864,3
43.1113,28.4291,53.3894,3
42.6485,28.4007,57.3823,3
43.1431,28.5470,58.4881,3
42.6140,28.2403,62.2659,3
42.9670,28.2926,63.5357,3
42.9011,27.7820,67.5909,3
42.9112,28.5608,67.3129,3
42.8780,28.1158,73.1291,3
42.7637,28.4581,73.3309,3
42.4975,28.4557,78.7720,3
42.7071,28.3287,78.7734,3
42.9035,28.3467,84.2932,3
42.8850,28.6670,85.0029,3
42.8917,28.2346,88.7553,3
43.0240,28.1503,90.6475,3
43.4506,28.3571,93.9043,3
43.0255,29.0507,94.0807,3
43.2743,27.8664,99.2729,3
42.9565,28.7261,99.9668,3
42.9846,32.9629,0.6101,3
42.7703,32.3725,0.5268,3
42.9856,32.8082,4.9326,3
43.0223,32.3032,5.3868,3
42.9171,32.6672,10.9169,3
42.6907,32.8347,10.5366,3
42.7364,32.2350,16.7338,3
42.8808,32.5251,15.2176,3
43.1125,32.9349,21.4619,3
42.8825,32.8570,20.6407,3
42.9383,32.6153,26.4493,3
42.5321,33.1925,27.1251,3
42.6647,32.8048,30.8355,2
42.9115,31.9729,31.4329,2
42.7972,32.9786,37.6763,2
43.2329,32.9791,36.8833,2
42.9724,32.7466,41.5151,2
43.1239,32.8386,42.4735,2
42.4384,32.7674,47.8712,3
42.8917,32.4814,46.6872,3
42.6079,32.6779,52.5142,3
42.8450,33.0903,52.0036,3
42.8256,33.1398,57.7387,3
42.9080,32.5791,58.2476,3
42.4837,32.5706,63.1851,3
42.6951,32.7347,63.5511,3
42.9851,33.1654,68.2044,3
42.9945,32.7744,68.3032,3
43.1214,32.7180,73.0837,3
43.0449,32.4818,73.5228,3
42.8450,32.8522,79.4869,3
42.8628,32.5665,77.9238,3
42.7528,32.3475,84.3661,3
42.8733,32.3589,84.2869,3
42.8812,31.8695,90.0276,3
43.0969,32.5602,89.6500,3
42.8297,32.1502,95.8187,3
43.0447,32.9138,94.5946,3
43.1199,32.2205,99.8773,3
43.0427,32.4435,100.0000,3
42.9555,36.9050,0.0000,3
42.9756,37.4219,0.0876,3
43.0059,37.0532,4.6910,3
42.8682,36.7932,4.2007,3
43.0525,36.5626,10.8661,3
42.7431,37.4547,10.3870,3
43.2790,36.7903,15.7627,3
43.2081,36.5668,15.8145,3
43.0026,36.9632,21.0741,3
42.8759,37.0960,21.1410,3
43.0880,36.9597,26.6409,3
43.1214,36.7491,26.8690,3
42.8634,36.4219,31.4143,2
42.7502,36.9547,31.4361,2
42.9203,37.1464,37.5850,2
42.9533,37.1678,36.7535,2
42.5821,36.4883,42.0074,2
43.0539,36.7842,42.6982,2
43.2611,36.5756,48.4309,3
42.5678,37.3968,47.3517,3
42.8482,36.8397,52.2316,3
43.1950,36.6345,52.3493,3
42.6189,36.6229,57.5446,3
42.7413,36.7894,57.3374,3
43.2136,36.7963,63.3449,3
43.0671,37.4496,63.6128,3
42.8452,36.5203,68.5901,3
43.1072,36.8847,68.4537,3
42.9374,36.2812,73.7574,3
43.0412,36.8284,74.2460,3
43.1261,36.6909,79.1683,3
42.9033,36.2335,78.8538,3
42.6886,36.8823,84.5519,3
42.8512,36.5721,84.3275,3
43.3835,36.1904,89.5901,3
42.7860,36.7143,89.4213,3
42.8259,37.0226,94.6159,3
42.4624,37.2260,95.3015,3
42.7734,36.8570,100.0000,3
43.1014,37.2493,100.0000,3
43.0486,41.4753,0.0000,3
42.9829,40.4087,0.0000,3
42.9947,41.2484,5.0695,3
42.7735,40.9460,5.3591,3
42.4320,41.1923,10.5425,3
42.9442,41.0155,9.8348,3
42.6751,41.5097,15.4682,3
43.0563,40.7279,15.7820,3
42.8066,40.9664,20.8826,3
43.1835,41.6309,21.1714,3
42.8122,40.6539,25.6168,3
43.1846,40.6121,26.0956,3
42.9258,40.2722,30.9536,2
42.6271,40.8529,31.7083,2
43.1003,40.8536,36.6113,2
42.8708,40.8110,37.0510,2
42.9845,40.2362,42.4250,2
42.9202,41.1303,42.6951,2
42.5375,40.6760,47.3333,3
42.4305,40.9891,47.7915,3
42.9741,41.0763,52.5152,3
42.8092,40.9070,52.7459,3
42.5846,41.4916,57.5259,3
43.0063,41.0767,57.3179,3
43.1533,41.3771,62.3726,3
42.8800,41.1148,62.1222,3
42.4706,40.8025,67.7644,3
42.6860,40.6587,68.3599,3
42.7163,41.3868,73.7743,3
43.0536,40.5462,73.3701,3
42.9220,41.1885,78.6235,3
42.7945,40.9352,78.7984,3
43.3276,41.1466,84.2305,3
42.6429,40.6820,84.1039,3
43.1208,40.9929,89.3955,3
42.7459,40.5301,89.6921,3
42.8439,41.1864,94.8142,3
42.7019,41.1203,94.0913,3
42.9382,41.0338,100.0000,3
42.7214,40.6546,99.7934,3
43.0166,44.4238,0.4378,3
42.8530,44.9206,0.0000,3
42.7465,44.8956,4.2939,3
43.0408,45.0953,5.0674,3
43.0637,45.2799,9.7466,3
43.0293,45.7083,10.7779,3
42.7217,44.8213,15.3388,3
42.9153,45.6910,15.4098,3
42.7650,45.5696,20.8356,3
43.2375,45.2187,21.6365,3
42.9713,45.4753,26.2273,2
42.8724,45.3888,26.7149,2
43.0000,44.7329,31.7078,2
42.7634,45.0994,31.8077,2
43.2343,45.1935,37.8285,2
42.6753,45.6327,37.0575,2
42.9364,45.6781,41.7870,2
43.1502,45.2007,41.7842,2
42.6294,45.7388,47.9391,3
42.7991,45.4268,47.4317,3
42.8242,45.5526,52.3189,3
42.4564,45.3411,52.6650,3
42.7761,44.9954,57.1150,3
42.8222,45.0006,58.3769,3
42.9980,45.1178,63.4193,3
42.8732,45.1823,63.1305,3
43.2490,45.4564,68.2718,3
43.0735,45.5205,68.5509,3
42.8290,45.1448,73.1466,3
42.9308,45.0802,73.4659,3
43.0195,45.7693,79.1345,3
42.8737,45.2575,79.5163,3
42.9723,45.3213,84.3428,3
42.6090,45.3803,83.7729,3
42.9736,45.0426,89.7693,3
42.8641,44.9195,89.3283,3
43.3359,44.5812,94.8200,3
42.6926,45.6762,95.1450,3
42.9319,45.5384,100.0000,3
42.8960,45.0835,99.8195,3
42.8019,49.4768,0.0000,3
43.1007,50.0577,0.0000,3
43.1297,49.4335,4.9620,3
42.8184,49.4994,4.9025,3
43.0160,49.3179,9.9897,3
42.8908,49.2655,10.3627,3
42.8839,49.0718,16.5189,3
43.0573,49.2847,15.7799,3
43.0219,49.5363,21.9926,3
42.8470,49.8304,20.3853,3
42.6586,49.9790,26.0998,2
42.6612,49.4594,26.9478,2
42.7420,49.4612,30.6517,2
42.8010,49.7728,31.1868,2
42.6404,49.2408,36.5373,2
43.0477,49.5876,37.1286,2
42.9004,49.2877,41.7171,2
42.9812,49.9504,41.6349,2
42.6911,49.1329,47.7842,3
42.8863,49.6403,47.1144,3
43.0184,49.3874,51.8591,3
43.0793,49.4628,52.4764,3
42.9510,49.0404,58.1101,3
42.7756,49.4269,58.4644,3
43.0232,49.4208,63.1074,3
42.3826,49.2271,63.2415,3
42.7419,49.0758,68.6611,3
43.1560,49.2573,68.8586,3
43.0397,49.1806,73.3204,3
43.2554,49.1386,73.3797,3
43.2879,49.3030,79.6239,3
42.6903,49.5152,79.4903,3
42.8012,49.5036,84.5827,3
42.7143,50.1458,84.7294,3
42.8233,49.4032,90.4295,3
42.8238,49.3320,90.0468,3
42.6146,49.4502,94.7789,3
42.7540,49.0040,94.7714,3
43.0324,49.2700,99.4101,3
43.1460,49.6321,99.8191,3
43.0789,53.7567,0.8946,3
43.0276,53.2673,0.0000,3
42.7726,53.7771,5.1114,3
42.6693,53.8610,5.7632,3
42.8742,53.7470,10.0425,3
42.7902,53.5397,10.8056,3
42.9459,53.5853,15.6048,3
42.5012,54.1660,14.7468,3
42.9791,53.6955,20.9198,3
42.8931,53.4853,21.3790,3
42.6320,53.7826,25.9769,2
42.8094,53.5642,26.2331,2
42.9952,53.6735,32.0454,2
43.1037,53.7768,31.9202,2
43.2997,53.2602,37.3802,2
43.2037,53.8143,37.7941,2
43.2495,53.5831,41.9750,2
43.0009,53.4970,43.4609,2
43.0525,53.6982,46.6633,3
42.9451,53.3285,47.7484,3
42.3943,54.0993,52.4195,3
42.5564,53.6793,52.6400,3
42.8819,54.0981,58.0852,3
43.0540,53.6096,58.1082,3
42.6330,53.7616,62.7788,3
43.1587,53.7069,63.4893,3
42.9472,54.2261,67.6409,3
42.8720,53.3962,67.3962,3
42.6897,54.0358,73.6691,3
42.8508,53.9163,73.7419,3
43.0174,53.7811,79.2187,3
42.8048,53.9983,78.3413,3
42.8775,54.0133,84.1335,3
42.8086,54.3707,84.9198,3
42.9231,53.3931,88.4561,3
43.0365,54.0640,89.6716,3
42.5526,53.7323,94.4934,3
42.9271,54.2672,95.1315,3
43.0100,53.6706,100.0000,3
42.7501,53.8507,99.9033,3
42.7303,58.1392,0.0000,3
42.7858,58.0787,0.6123,3
42.9891,57.6931,5.2377,3
42.9530,58.3629,5.7235,3
43.0803,57.9144,9.9908,3
42.6135,57.8044,10.8760,3
42.7944,58.0664,15.3921,3
42.7667,58.3171,16.1729,3
42.8334,57.6456,21.5271,2
43.0700,58.0865,20.9637,2
42.6758,57.8903,27.0196,2
42.7129,57.9090,27.1337,2
42.8339,57.8565,30.9037,2
43.0194,57.6726,30.8016,2
42.7040,57.9573,36.0521,2
42.6176,58.0625,36.8059,2
42.7119,57.7984,42.9743,2
43.1511,57.8625,42.5134,2
42.9189,57.3625,46.3918,2
42.7129,57.4220,47.5042,2
42.7847,58.0223,52.8519,3
43.0327,57.6156,52.8894,3
42.7036,58.1081,58.5061,3
43.0394,57.8416,58.1781,3
42.5881,57.3671,63.3913,3
43.1563,57.5253,63.1655,3
42.9825,57.7104,68.2514,3
43.0174,57.9272,68.4773,3
42.6983,57.8854,73.4853,3
42.8259,57.7323,73.6706,3
42.7211,57.8984,78.7649,3
42.7083,57.3102,79.4211,3
43.0440,57.6533,84.5514,3
42.6898,57.8026,83.9454,3
42.8392,58.0886,89.2728,3
42.8268,58.1177,89.5045,3
42.7764,57.9669,95.2332,3
43.1059,57.4973,94.0996,3
43.0946,57.8085,98.9000,3
42.7488,57.7630,99.8437,3
43.0477,61.8265,0.4678,3
42.9518,61.7193,0.0000,3
42.9937,62.1171,5.4526,3
42.7773,62.2717,5.0639,3
43.4040,61.7094,11.8753,3
42.7045,62.4866,10.9400,3
42.7128,62.2851,15.5416,3
42.9497,62.1496,15.6148,3
42.8083,62.2075,20.6007,2
42.7215,62.3918,21.2668,2
42.6334,61.8043,25.2475,2
43.0767,62.3118,25.7714,2
43.0247,62.7009,30.8093,2
42.7717,61.6369,32.0532,2
42.8755,61.9858,36.9558,2
42.7834,61.9848,36.9795,2
42.7727,61.9646,42.0270,2
42.9130,62.2858,42.3969,2
42.5948,62.5276,47.3980,2
42.8284,61.8342,48.3630,2
43.3667,62.6651,52.6923,3
42.9636,62.5526,52.5112,3
43.0030,62.1734,58.8541,3
43.1820,62.0639,58.6573,3
42.8940,61.9415,63.0152,3
42.9242,61.8697,62.8991,3
42.6061,61.8585,68.5383,3
43.1032,62.3795,68.6360,3
42.5889,61.8470,73.5855,3
43.0873,61.9382,73.0743,3
43.1844,61.8848,78.3834,3
42.9402,62.0902,78.6973,3
42.8948,61.8275,83.9547,3
42.8875,61.4945,84.6881,3
42.6202,61.8236,89.9738,3
43.0086,62.1315,88.6196,3
42.7736,62.0404,94.6651,3
43.1230,62.7036,95.0443,3
42.7879,62.4696,99.7052,3
42.3700,61.7304,98.8140,3
42.8180,66.2623,0.0000,3
42.7239,65.8879,0.0000,3
42.7240,66.6188,5.3480,3
43.2157,66.1794,6.3353,3
42.8952,66.1572,11.7307,3
42.5290,66.1500,9.6938,3
42.5271,65.6956,16.0979,3
42.6289,66.2394,16.2354,3
42.9874,66.4400,21.6595,2
43.2166,65.9403,21.2942,2
42.8403,66.2718,25.5601,2
42.7883,66.1890,27.0309,2
42.6637,65.6002,31.5759,2
42.6434,66.2739,31.9093,2
42.8748,66.1864,36.7638,2
43.0642,65.9694,37.2063,2
42.6938,66.4964,41.3337,2
43.0032,66.2852,42.1535,2
43.0865,66.0695,47.3559,2
42.9554,66.2261,47.7268,2
42.9607,66.1418,53.2619,3
43.0071,66.0630,52.2053,3
42.8508,66.4500,56.7880,3
42.7346,66.1425,57.1759,3
42.6904,66.3570,62.9134,3
42.8127,65.9022,63.0511,3
42.5939,66.7535,69.2927,3
42.8001,65.9791,68.8484,3
43.0132,66.8782,74.7548,3
42.4894,66.6634,73.5730,3
43.0046,66.5491,79.3153,3
43.0948,66.1477,78.4709,3
43.1321,66.0543,85.1412,3
42.7419,66.2015,84.1153,3
42.5865,65.8543,89.9297,3
42.5507,67.0717,89.4266,3
42.6889,66.4419,93.5059,3
42.8280,66.2542,94.1037,3
42.7684,66.7736,100.0000,3
42.9746,66.0797,99.3383,3
42.8465,69.7890,0.0000,3
42.6442,69.9147,0.3246,3
42.8686,70.3404,5.5987,3
42.5659,70.1232,5.8218,3
43.3510,70.7316,10.7621,3
42.7784,70.3587,10.6400,3
43.1693,70.6543,16.2685,3
42.7115,70.7114,15.4538,3
42.9228,70.7111,20.7870,2
42.6913,70.6351,20.9852,2
42.9220,70.7235,26.9694,2
43.0274,70.6859,26.0656,2
42.8254,70.6627,31.3973,2
42.9848,70.2816,32.5436,2
42.9335,70.5647,36.6008,2
43.2773,70.1503,36.4906,2
43.0655,70.5982,41.8169,2
42.7851,70.4390,42.1563,2
43.2055,70.7079,47.8801,2
42.8079,70.6810,46.5910,2
42.9312,70.5617,53.5423,3
43.2063,70.4488,52.2230,3
42.7368,70.4379,58.5456,3
42.9777,70.6817,58.3003,3
42.6959,70.3136,63.4180,3
42.7390,70.0684,62.6166,3
43.1056,70.4141,68.5340,3
42.6882,70.6401,68.2863,3
42.9840,70.3829,73.9364,3
42.7893,70.5022,73.5484,3
42.9000,70.6100,78.6999,3
42.8708,70.5823,79.2012,3
42.8795,70.2602,84.2538,3
43.0288,70.1264,83.5498,3
42.7623,70.4686,88.3752,3
43.0096,70.4716,88.2981,3
42.6721,70.4361,93.8506,3
43.0888,70.5824,95.0759,3
42.6889,70.6497,99.6697,3
42.8562,70.6322,99.9650,3
43.0564,74.7786,0.0000,3
43.0633,75.0529,0.0438,3
43.1620,74.6662,5.1992,3
42.8956,74.6979,5.1079,3
42.7518,74.4386,10.5817,3
43.1344,74.9811,10.7204,3
43.1446,74.7426,15.2951,3
42.8248,74.7186,15.5333,3
43.0168,75.0175,20.1866,3
42.8656,73.8659,21.0068,3
42.8742,75.2697,27.0539,2
43.0812,74.4489,25.8070,2
42.6755,75.1948,31.1237,2
42.8176,74.4669,30.9499,2
42.9613,74.7828,35.7298,2
42.6343,74.8134,36.8060,2
42.8146,74.9185,41.3837,2
42.7757,74.8923,41.7806,2
42.9572,74.3930,46.9565,2
42.5383,74.1197,47.1304,2
42.9847,74.7024,53.2117,3
42.8162,74.1008,52.8037,3
42.6790,74.7746,56.7520,3
42.8397,74.9476,58.1850,3
42.8446,74.7214,62.9093,3
42.8351,74.9249,62.7830,3
42.7644,74.2630,68.7444,3
42.8308,74.3580,68.8322,3
42.8745,74.4978,74.1033,3
42.8155,74.2497,74.1362,3
42.7158,75.6265,78.6973,3
42.4807,75.2468,78.8920,3
42.9350,74.8351,83.5030,3
42.4505,75.3067,83.4017,3
43.2115,74.8785,89.5341,3
42.7902,75.4132,89.1002,3
42.7509,74.9225,94.3733,3
42.6816,74.7034,95.0541,3
43.2600,75.3460,99.0782,3
43.0927,74.4258,99.5066,3
42.7763,78.7507,0.0000,3
42.4192,79.3658,0.4234,3
42.8812,78.6417,5.8551,3
42.8718,78.7595,4.4155,3
42.9922,78.8317,10.6314,3
42.9183,79.1228,10.6096,3
42.8236,79.0986,16.2397,3
43.1939,78.5961,16.3204,3
42.5671,79.2367,20.7323,3
43.0530,79.3802,21.1423,3
42.8853,78.9178,26.0805,2
43.1196,78.9150,25.2282,3
43.0716,79.1969,31.6005,2
42.7371,78.5993,31.1863,2
42.9345,78.3943,37.0543,2
42.9092,79.3335,37.1927,2
42.7501,78.4401,41.6946,2
43.1710,79.0357,42.4039,2
42.7689,79.0928,46.6083,3
43.0818,78.6007,46.3812,3
43.3472,78.9878,52.6852,3
42.5207,79.1341,53.0746,3
42.8549,79.2143,58.4800,3
42.9999,78.2975,57.3189,3
43.2321,78.9721,63.2013,3
42.7284,78.7561,63.7542,3
43.1944,79.1865,68.6968,3
43.0201,78.9263,67.8192,3
42.6108,79.3418,73.6677,3
42.9902,79.0106,73.8150,3
42.9637,79.1566,78.5636,3
43.1312,78.7261,79.0671,3
42.6581,78.8974,83.8806,3
42.8996,79.1680,84.2486,3
43.2869,79.1861,89.3595,3
42.8775,79.0607,89.8258,3
42.6479,79.1384,94.1328,3
43.0027,79.2774,94.8867,3
42.4296,78.4127,100.0000,3
42.4040,79.1303,100.0000,3
43.1218,83.0854,0.2193,3
42.9365,82.7160,0.3725,3
43.1728,83.3647,5.0118,3
43.0427,83.5472,5.8463,3
43.1001,82.6803,10.7254,3
43.0239,83.4695,10.7841,3
43.2051,82.6095,16.0686,3
42.9905,83.4287,16.5605,3
42.7171,83.6105,21.4601,3
42.8573,82.8853,21.1508,3
42.9519,83.2603,26.0023,3
43.0166,83.0362,26.9241,2
43.2368,82.9141,31.6089,2
43.0892,83.2407,30.9027,2
43.0677,82.9762,36.9423,2
42.6959,83.3963,36.6316,2
43.0748,83.0934,41.8646,2
42.9772,82.8356,43.0044,2
42.9319,82.9880,47.1688,3
42.8983,83.4566,46.9212,3
42.8210,83.1430,53.4028,3
43.0946,83.6349,52.6471,3
43.1813,83.5381,58.2431,3
43.0501,82.9795,58.8089,3
42.8457,83.3258,63.4962,3
42.6205,83.1426,63.2596,3
42.8721,83.1461,69.1674,3
42.7293,82.7773,68.1278,3
43.0436,83.4104,73.9872,3
43.0771,83.2347,73.4252,3
42.7057,82.7793,78.8338,3
43.0524,83.2290,78.9588,3
42.6837,83.9317,83.7978,3
42.9189,83.4588,84.2317,3
42.7333,83.4005,88.8039,3
43.2431,83.2426,89.3470,3
42.6115,82.8123,94.7108,3
43.2733,83.2278,94.9104,3
42.9720,83.8671,99.7793,3
43.2078,83.0383,99.6482,3
42.8788,87.3431,0.2810,3
42.4299,87.4128,0.0000,3
42.7499,86.9797,5.0808,3
42.7914,87.2404,4.4439,3
42.9144,87.1309,9.7088,3
42.7851,87.1362,10.5469,3
42.7824,86.9336,15.3453,3
42.5494,87.7096,16.4384,3
43.1785,87.1915,21.7012,3
42.9761,87.1218,20.7384,3
42.8603,87.3992,26.4972,3
42.8944,87.2639,26.9918,2
42.8720,87.3171,31.4703,2
42.8721,86.9597,31.0774,2
43.3839,86.8733,36.9780,2
42.9632,87.6722,37.0255,2
43.2729,87.4403,42.7792,2
43.1027,87.8310,42.1177,2
42.9743,87.2577,47.4483,3
42.9377,86.7452,47.2968,3
43.0727,86.9634,52.1384,3
43.1259,87.7714,52.3212,3
42.9295,87.3450,58.4832,3
42.7881,87.2548,58.5651,3
42.6941,87.2190,63.2243,3
43.1995,87.0104,62.8026,3
43.0132,87.5925,68.5268,3
42.8714,87.4073,67.6674,3
42.9150,87.8131,73.0241,3
42.7379,87.2494,73.5173,3
43.2630,87.0889,78.3815,3
43.0490,87.1744,79.3412,3
42.8553,87.5061,83.4266,3
42.9859,87.4338,84.0828,3
42.6482,87.4335,89.8357,3
42.7885,87.2150,89.8706,3
43.2368,87.6503,94.8516,3
42.8461,87.3602,94.0741,3
42.8639,87.7044,100.0000,3
42.7696,87.1530,99.9841,3
42.6478,91.3064,0.7664,3
42.6875,91.3385,0.1457,3
42.8064,91.6055,5.6946,3
42.5853,91.8052,4.9720,3
42.8375,92.1556,9.8250,3
43.0129,91.9174,10.1846,3
42.7612,91.4683,15.4447,3
42.9080,91.8467,15.6079,3
43.0804,91.9993,21.2682,3
42.9998,91.4008,19.7411,3
43.0119,91.8179,26.4370,3
43.0767,91.4145,26.5750,3
43.1892,91.7786,32.2503,2
43.1646,91.2125,31.9385,2
42.7683,91.2467,36.6993,2
43.2456,91.4158,35.9630,2
42.6058,91.7225,41.7258,2
42.4861,91.1574,42.1887,2
43.0506,91.4452,47.6929,3
43.0777,91.3438,47.3078,3
42.7746,91.7406,52.3255,3
42.6521,91.5947,53.1868,3
42.9969,91.8810,58.3542,3
42.9032,91.3997,57.4599,3
42.5774,91.9358,62.9926,3
42.5538,91.9492,63.2050,3
43.0883,91.5005,68.0244,3
42.9839,91.7375,68.2811,3
43.1574,91.8626,73.9666,3
42.6727,91.2037,74.2837,3
42.4571,91.5517,79.0207,3
42.7968,91.5684,79.1575,3
42.7773,91.8434,84.5018,3
42.8587,91.3310,84.1652,3
43.3169,91.3517,90.2391,3
42.5437,91.3207,89.2024,3
43.0846,91.5956,95.3919,3
42.8282,91.5628,94.5725,3
43.3000,91.2429,99.7459,3
42.6991,91.7509,99.4295,3
43.2592,95.8137,0.2062,3
42.9874,95.7835,0.0608,3
42.9117,95.9452,4.8520,3
42.6963,96.0358,5.2622,3
42.4934,95.6469,11.2913,3
42.8627,95.6302,9.7789,3
42.7812,95.4403,16.0041,3
42.9046,95.6804,15.4084,3
43.2000,95.5779,20.7018,3
42.8461,95.7585,21.2937,3
43.0808,96.0461,27.5307,3
42.5562,95.8587,26.0555,3
43.2967,95.8422,30.5641,2
42.9816,95.8695,31.9578,2
42.7500,95.8878,36.7069,2
42.7605,95.8923,36.9185,2
43.1047,95.7976,42.4072,3
42.6533,96.2078,41.7167,2
43.0753,95.8684,47.4366,3
43.0468,95.1475,47.0817,3
43.0440,96.3661,52.6194,3
42.4072,95.6943,52.6015,3
43.1166,95.8040,57.2564,3
43.0874,95.9600,57.5452,3
43.0387,95.6255,63.0088,3
42.7888,95.6965,63.6113,3
42.5376,96.1207,68.5092,3
42.8167,95.7957,67.9666,3
42.5684,95.5252,72.7365,3
42.6242,95.3027,74.2961,3
42.6379,95.7771,79.5057,3
43.0648,95.7009,78.8021,3
42.9308,96.4231,84.4171,3
43.0284,96.4694,84.3494,3
43.1243,95.9328,89.7053,3
42.7021,95.4507,89.2175,3
43.0711,96.0398,95.4034,3
42.8925,95.9508,95.0078,3
42.8732,95.6930,99.2575,3
42.8642,95.7583,100.0000,3
43.1413,100.0437,1.0317,3
42.9327,100.3099,0.0000,3
42.6667,99.8724,6.0002,3
42.8419,99.8601,5.2611,3
42.8168,100.3581,11.4690,3
42.8959,100.1621,11.0123,3
42.9164,99.7366,15.5848,3
42.9771,100.1181,14.8934,3
42.8074,99.7789,21.4938,3
42.7551,99.8617,20.8046,3
43.0530,100.2907,26.5626,3
43.1160,100.3706,25.4106,3
43.0131,99.8891,30.9506,2
42.8308,100.2193,32.3066,2
42.6257,100.1855,37.8249,2
43.2609,98.9640,37.9315,2
43.0869,99.3078,41.7224,2
43.1463,100.1081,41.8183,2
42.9080,100.1638,47.0788,3
42.8693,100.2691,47.0180,3
42.6233,99.8088,52.1871,3
42.7738,99.4818,52.7494,3
43.0683,99.7565,57.5688,3
42.8573,99.7266,58.3866,3
42.7170,99.8422,62.7763,3
43.0962,99.9307,64.1544,3
42.9655,100.3475,68.2589,3
42.7062,99.9901,68.0815,3
42.4950,100.3041,73.7006,3
42.7547,100.1129,73.7077,3
43.1767,100.1298,78.8689,3
43.0334,99.9892,79.0393,3
43.1400,99.6494,83.7789,3
42.8109,99.9181,84.7888,3
42.6118,99.9911,89.1983,3
43.2348,100.2652,89.5930,3
43.0885,99.6042,95.7506,3
42.7264,100.3771,95.0127,3
42.9476,100.3646,100.0000,3
42.9162,99.8735,100.0000,3
45.2426,20.1062,0.5103,3
45.3569,20.0555,0.0000,3
45.3281,19.4912,4.8644,3
45.3844,20.2656,5.2528,3
45.3034,20.1111,10.8670,3
45.2229,19.7051,10.7199,3
45.6548,19.7233,15.7260,3
45.1859,20.7240,15.3091,3
45.2311,19.8906,20.4255,3
45.0014,20.1705,21.4070,3
45.1513,20.4227,25.1904,3
45.0115,19.7526,26.3113,3
45.1730,19.9397,31.8215,2
45.5546,20.2407,31.6070,2
45.2471,20.3304,37.7842,2
45.3908,19.8530,36.9717,2
45.3792,19.8335,42.5381,3
45.3160,20.3494,41.6169,2
44.9149,19.8822,47.3803,3
44.9030,19.8175,48.0102,3
45.3698,20.0415,52.1037,3
45.5132,19.8748,52.6791,3
45.3446,20.0514,58.6406,3
45.3782,20.1015,57.8515,3
45.3495,19.9370,63.2526,3
45.1948,19.8502,62.6999,3
45.2089,19.8990,69.3357,3
45.4616,19.9598,68.2094,3
45.3862,20.5827,74.0825,3
44.9191,20.2589,74.2044,3
45.7030,19.9255,79.0167,3
45.3532,19.7708,78.5201,3
45.3430,19.5371,83.5520,3
45.4263,20.1494,84.8354,3
45.3558,20.0031,90.1182,3
45.1786,19.9000,89.4414,3
45.3533,19.9800,93.9943,3
45.2098,19.9905,94.7943,3
45.1733,20.1517,99.1947,3
45.3463,20.5379,99.6966,3
45.2747,24.1364,0.0000,3
45.0575,24.8080,0.1929,3
45.1290,23.9751,5.2939,3
44.8296,24.5264,5.0062,3
45.3409,24.3412,11.0090,3
45.3617,24.4335,11.0358,3
45.1971,24.8559,15.9659,3
45.2576,23.9582,15.6859,3
45.3435,24.2391,21.9664,3
45.1852,24.4143,20.4899,3
45.6998,23.8524,27.3529,3
45.2360,23.5402,26.9918,3
45.2796,24.0745,31.8998,2
45.3960,24.3349,32.1465,2
45.3137,24.4054,36.5812,2
45.4163,24.0553,36.2798,2
45.2219,24.1278,42.5691,3
44.9725,24.5386,41.7938,2
44.7702,23.8483,47.2147,3
45.3520,24.1705,46.7637,3
45.1075,23.8527,52.7610,3
45.2450,24.3947,51.7465,3
45.1564,24.8192,58.2153,3
45.2039,23.9143,58.4486,3
45.5697,23.8659,62.6309,3
45.3189,24.3222,63.3993,3
45.6318,23.9191,68.4410,3
45.4074,24.4237,68.0971,3
45.1415,24.0728,74.5359,3
45.0675,24.1132,74.0719,3
45.0454,24.2879,77.9976,3
45.3017,24.2262,79.0292,3
45.0894,24.2788,84.1910,3
45.5230,24.4019,83.4860,3
45.0966,24.0256,89.5639,3
45.2293,24.1586,90.8826,3
45.1606,24.6278,94.6632,3
44.8275,24.2679,95.2965,3
45.3898,24.2874,100.0000,3
45.1642,24.4794,99.7829,3
45.1351,28.5442,0.0000,3
45.5193,28.5612,0.0000,3
45.0342,28.2490,6.4321,3
45.2156,28.6485,4.6103,3
45.0465,28.3645,11.3769,3
45.0050,28.2321,10.9772,3
45.5817,28.5523,16.1274,3
45.0838,28.0242,15.2166,3
45.0885,28.4887,20.4428,3
45.3132,28.3265,20.7714,3
45.4402,28.1333,27.0336,3
45.4293,28.1240,26.9169,3
45.0415,28.8090,31.7454,2
44.9473,28.0324,31.3765,2
45.4367,28.3698,36.7443,2
45.2712,27.8225,37.2542,2
45.5311,28.6579,41.8935,2
45.0862,28.0965,41.5387,2
45.7161,28.3974,47.8208,3
45.4331,28.4638,46.9026,3
45.3669,28.0963,52.9327,3
45.0558,28.2902,52.4127,3
45.5429,27.6908,59.0601,3
45.1020,28.3840,58.1014,3
45.3287,28.6741,63.4631,3
45.6706,28.6405,63.0992,3
45.1526,28.2474,69.0677,3
45.6142,28.7223,66.8388,3
44.8137,28.4188,73.6009,3
45.2671,28.7966,74.2852,3
45.2981,27.9639,78.3328,3
45.2766,28.5461,78.3387,3
45.3953,27.8953,82.8789,3
45.0881,28.8330,84.9717,3
44.9442,27.9655,89.8541,3
45.1750,28.8310,89.8460,3
45.4464,28.1745,94.9587,3
45.6664,28.4637,94.7143,3
45.1760,27.9405,99.4505,3
45.0848,27.9278,99.2283,3
44.7735,32.3968,0.3376,3
45.1999,32.5380,0.3834,3
45.6010,33.3136,5.3354,3
45.2068,32.5077,5.5588,3
45.2319,32.5858,10.4831,3
45.0747,31.9319,10.1917,3
45.5547,33.0547,16.2594,3
45.1644,32.3944,16.6018,3
45.0465,32.6434,21.8974,3
45.2879,32.5435,21.6326,3
45.2776,32.6904,27.0731,3
44.7542,32.7392,25.9326,3
45.2217,32.6655,31.2412,2
45.3089,32.7472,31.6807,2
45.2854,32.5963,36.7931,2
45.2790,32.3489,37.4772,2
45.2449,32.5106,42.3032,2
45.2402,33.0044,42.5526,2
45.2817,32.9133,47.4861,3
45.0323,32.8985,46.4182,3
44.5598,32.8410,52.8534,3
45.3385,33.0484,52.6192,3
45.1875,32.8706,57.5378,3
45.2155,32.7074,58.0610,3
45.1966,32.4844,62.5979,3
45.1057,33.1773,63.0251,3
45.3010,32.1842,69.7027,3
45.0909,32.2791,68.3905,3
45.0847,32.7411,72.9284,3
45.4906,32.9135,73.6249,3
44.9321,32.3879,78.9786,3
45.0211,32.3172,79.4720,3
45.2941,32.6686,84.4743,3
45.2304,32.6137,84.4385,3
45.4250,32.7810,90.2039,3
45.2681,32.2274,90.0178,3
45.2141,32.4010,95.0930,3
45.3373,32.2480,95.0722,3
45.6380,32.7287,99.8719,3
44.9293,33.2469,99.7415,3
44.9816,36.8754,0.5041,3
45.5103,36.6404,0.0000,3
45.2632,37.1351,5.5596,3
45.3173,37.1166,4.5821,3
45.3473,36.9086,10.5013,3
45.2132,36.8824,10.2412,3
45.8086,37.2498,16.3359,3
45.1572,36.5549,15.6835,3
45.2860,36.4076,21.2926,3
45.4796,36.1714,20.6024,3
45.5087,36.9543,25.8826,3
45.4102,36.6638,26.1977,3
45.0354,36.8472,32.0880,2
45.1677,37.0357,31.5540,2
45.4790,36.7032,37.6196,2
45.3995,36.9153,36.9824,2
45.1702,36.6833,42.2364,2
45.0234,36.6616,41.6366,2
45.3775,37.0182,48.0023,3
45.1962,36.5998,46.6338,3
45.3173,37.2611,52.5943,3
45.2685,36.8402,52.7586,3
45.4626,37.4179,58.1439,3
45.3760,36.7703,57.8408,3
45.2389,36.7323,63.2217,3
45.3881,36.8612,63.0176,3
45.2884,36.5541,68.8227,3
45.1805,36.4956,68.6519,3
45.3654,36.5841,73.9960,3
45.3899,37.4346,73.5667,3
45.2523,36.6601,79.1942,3
45.2622,37.1385,78.7304,3
45.3575,36.7708,83.2893,3
45.3888,36.3177,84.1308,3
45.2344,36.8396,89.4973,3
45.2707,36.9510,89.4193,3
45.7863,36.7394,94.1255,3
44.9812,37.0396,93.9410,3
45.0212,36.4360,100.0000,3
45.5293,36.5589,100.0000,3
44.7358,40.8292,0.3012,3
45.2007,41.3508,0.0000,3
45.1162,41.1885,5.4833,3
45.3665,41.1149,4.6911,3
45.1073,41.7475,9.8966,3
44.9800,41.2566,9.9967,3
45.6216,41.8730,15.6690,3
45.3250,40.5052,16.3053,3
44.8154,40.6508,21.1119,3
45.3727,40.6075,20.7814,3
44.9308,40.9575,25.9154,3
45.1360,41.2480,26.4566,3
45.3754,41.0139,31.9374,2
45.2561,40.9052,31.8642,2
45.1785,40.9538,37.3762,2
45.4580,40.9635,37.2785,2
45.0075,40.9652,41.7294,2
45.2628,41.2730,42.3831,2
45.3471,41.0939,47.2887,3
45.5034,40.5887,47.0350,3
45.3454,41.5110,52.4587,3
45.2110,40.6657,52.3608,3
45.4048,41.5264,57.7481,3
45.1034,41.0736,57.0874,3
45.5103,40.6834,63.3148,3
45.3230,41.2410,63.2857,3
45.2637,41.1812,68.8384,3
45.6224,40.7219,67.5015,3
44.9538,40.5086,73.0844,3
44.9978,40.9277,74.1118,3
45.3885,40.8660,78.6794,3
45.6653,41.2311,79.0337,3
45.2875,40.9659,85.2121,3
45.2252,41.0974,83.3861,3
45.1359,40.8874,89.7168,3
45.1081,41.0671,89.1705,3
45.0430,40.7102,94.6501,3
45.2838,40.9945,94.3204,3
45.2356,40.9558,99.4791,3
45.2798,41.5957,99.9252,3
44.9709,45.7037,0.6286,3
45.5497,45.2505,0.0000,3
45.0846,45.6055,6.0661,3
45.0791,44.5071,5.2543,3
45.0823,45.0510,10.4072,3
45.3451,45.0289,10.5944,3
45.2379,44.5716,16.0620,3
45.1730,44.8840,15.4265,3
45.3038,45.2770,21.3748,3
45.3505,44.9117,19.5755,3
45.2873,45.4524,26.2146,2
45.3953,44.9627,26.1428,2
45.0790,45.4723,31.1237,2
45.6751,45.1126,31.9780,2
45.1653,45.6644,37.4919,2
45.1984,45.3456,37.4791,2
45.3240,44.9869,42.1403,2
45.1135,45.3085,41.7115,2
45.3377,44.7265,46.8074,3
45.1045,45.2151,46.6124,3
45.0865,45.4966,53.0802,3
44.7564,45.0871,53.2690,3
45.3404,45.3854,58.1768,3
45.0714,45.3274,58.1306,3
45.2846,45.1451,63.1339,3
45.0351,45.4474,62.4402,3
45.0999,45.4677,68.5662,3
45.1663,44.7494,68.3980,3
45.1371,45.4073,73.4259,3
44.9130,44.8480,73.4707,3
45.2849,44.9140,78.5681,3
45.4217,45.5961,79.0858,3
45.2062,45.0767,84.4801,3
45.1999,45.5392,84.6969,3
45.3452,45.1139,89.2635,3
44.9344,45.2474,89.4318,3
44.9877,45.9724,95.0150,3
45.0951,45.8794,94.4888,3
45.4292,45.2894,99.7691,3
45.1958,45.6942,100.0000,3
45.2387,48.8586,0.1522,3
45.0139,49.6353,0.0000,3
45.1413,49.2823,5.7734,3
44.9099,49.6950,5.4343,3
45.2486,49.3393,10.7696,3
45.1752,49.3390,10.5582,3
45.6071,49.0198,16.0398,3
45.2346,49.4075,15.0260,3
44.9120,49.5757,20.4180,3
45.4664,49.1689,21.3281,3
45.1479,49.2865,25.8589,2
45.3505,49.6884,26.1580,2
45.3814,49.4775,30.9118,2
45.3389,49.3835,30.2718,2
45.1850,48.9656,36.2263,2
45.2134,49.4511,36.4246,2
45.3686,49.4393,41.8933,2
45.2718,49.8352,41.0301,2
45.5231,49.2887,46.9790,3
45.1827,49.2077,46.8482,3
45.4325,49.5216,51.6727,3
45.3980,49.6322,51.8893,3
45.2992,49.6598,57.0926,3
45.3202,49.2712,58.1658,3
45.0764,49.7864,63.0361,3
45.1402,49.2569,63.5949,3
45.1185,49.7918,68.5278,3
44.9860,49.4815,68.4445,3
44.9795,49.4762,73.9553,3
45.4888,49.7990,74.8787,3
45.2633,49.6398,78.6442,3
45.6400,49.2064,79.8670,3
45.6053,49.2382,84.7287,3
45.3545,49.3501,84.1426,3
45.3163,49.5819,90.2208,3
45.3774,49.2427,89.8455,3
44.9136,49.3577,94.5917,3
45.3948,50.0049,94.8457,3
45.1909,49.2642,100.0000,3
45.2242,49.3227,100.0000,3
45.4970,53.3964,0.0000,3
45.2436,53.3421,0.0000,3
45.0550,53.9982,5.5884,3
45.7547,53.4916,5.9281,3
45.3619,53.5173,10.4530,3
45.1509,53.7618,11.0197,3
45.1894,53.9387,16.4251,3
45.5619,53.3323,15.7649,3
45.4050,53.3582,20.3978,3
45.2579,53.5603,20.9665,3
45.1689,54.3322,26.0850,2
45.3803,53.8398,25.4714,2
45.5564,53.8719,31.6574,2
45.4746,53.6699,32.0199,2
44.8879,53.9295,36.9339,2
45.3030,53.4315,36.7327,2
45.2135,53.3425,42.2844,2
45.5778,53.2578,42.3504,2
45.1791,53.5234,47.4058,3
45.2811,53.7396,46.8030,3
45.4811,53.7086,52.9285,3
45.5061,53.1079,52.9468,3
45.2303,53.9899,57.4941,3
45.4502,53.3677,58.0958,3
45.3200,53.6376,62.6419,3
45.1894,53.9611,63.9018,3
45.6540,53.8423,68.5468,3
45.3529,54.2628,68.6814,3
45.2806,53.6016,73.6043,3
45.3404,53.4588,73.3710,3
45.2504,53.5486,79.2456,3
45.3979,53.7630,79.1923,3
45.2867,52.5465,83.7726,3
45.4046,53.4326,84.6382,3
45.4455,53.6046,89.1784,3
45.2651,53.6710,89.7872,3
44.7949,53.4640,94.2306,3
44.7595,53.5358,93.9870,3
45.1857,53.5378,100.0000,3
45.2131,53.1768,100.0000,3
45.7471,58.2173,0.3396,3
45.2241,57.7475,0.0000,3
45.3113,57.5540,5.3733,3
45.1304,57.3804,4.9243,3
45.5134,57.9362,8.7501,3
45.1284,58.1657,10.3771,3
45.3679,57.7761,15.8814,3
45.2702,57.7010,16.0752,3
45.5695,58.0101,21.1046,2
45.0945,58.1762,20.7971,2
45.3753,58.1232,26.8095,2
45.4644,58.1857,25.6877,2
45.0913,57.4830,30.8590,2
45.5682,57.5990,31.0157,2
45.2520,57.6709,37.9731,2
45.2085,58.0283,36.4519,2
44.9308,57.6761,41.7463,2
45.1182,57.4147,42.1733,2
45.1958,57.4322,47.4216,2
45.4156,58.2541,46.1583,2
45.1170,57.4835,52.3054,3
45.5409,57.6766,52.3941,3
45.0973,58.3825,56.7449,3
45.1519,57.6351,57.0342,3
45.4836,57.3538,62.9282,3
45.2474,57.6695,62.2908,3
45.2295,57.6662,68.8254,3
45.3664,58.4780,68.4760,3
45.3810,57.7871,74.5401,3
45.2652,57.8640,73.9545,3
45.1342,57.7449,79.2173,3
45.4096,58.0739,78.9073,3
45.3172,58.1829,83.6635,3
45.2634,57.0213,84.5806,3
45.1066,57.6679,89.4127,3
45.3870,58.6123,88.6972,3
45.0933,57.9633,94.3735,3
45.4303,57.8444,95.1795,3
45.2135,58.0582,99.5214,3
45.6506,57.3848,99.6461,3
44.9791,62.3454,0.2698,3
45.0195,62.4044,0.0000,3
45.3406,62.2919,5.1407,3
45.4451,62.0620,5.4325,3
45.2083,61.5448,10.4645,3
45.0884,62.5229,9.8442,3
45.5082,62.0516,15.9926,3
44.9872,62.0126,15.4572,3
45.6838,61.8985,21.6293,2
45.4966,62.4470,20.7557,2
45.6241,62.7089,26.4993,2
45.1701,61.8471,26.5517,2
45.2761,62.1601,30.9050,2
45.2697,62.4484,31.9865,2
45.1803,62.0726,36.1079,2
45.1301,62.0033,37.1588,2
45.1219,61.7945,42.4841,2
45.1786,61.8536,42.5115,2
45.3549,62.0430,47.1928,2
45.3391,62.2669,47.4729,2
45.2873,61.9233,52.3582,3
45.2288,61.8169,52.0926,3
45.2452,62.4021,56.8583,3
45.1849,62.1870,58.4309,3
45.6231,62.0279,64.1442,3
45.3543,62.3495,62.6252,3
45.3538,62.3754,68.0764,3
44.7420,62.1500,68.3136,3
45.5320,61.9438,73.3317,3
45.0289,61.9162,75.0177,3
44.9458,61.7047,78.9202,3
45.6581,62.3277,79.7235,3
45.1861,61.6882,83.9859,3
45.2382,62.1086,84.1035,3
45.3813,61.8917,89.0101,3
45.0222,62.1668,89.5266,3
45.4814,62.5694,94.1332,3
45.2679,62.0437,93.9685,3
45.1575,62.5752,99.6836,3
45.1034,62.0896,100.0000,3
45.2022,66.3541,0.0000,3
45.3776,66.3821,0.4423,3
44.8896,66.2250,5.7452,3
45.1518,66.3311,5.0583,3
45.1861,66.6659,9.8146,3
45.2531,66.3913,10.9954,3
45.2388,66.6065,15.7622,3
45.2871,66.3402,16.1171,3
45.3715,65.9819,21.1611,2
45.3713,66.7543,20.5483,2
45.3708,66.2114,26.4117,2
45.0485,66.3118,26.4753,2
45.0691,66.7504,30.8068,2
45.3707,65.5873,31.4515,2
45.3591,66.5296,36.7894,2
45.2148,66.4860,37.3174,2
45.5391,65.9285,42.0049,2
44.8245,65.9055,41.7532,2
45.4362,66.1715,47.2239,2
45.3232,66.1146,46.3711,2
45.1140,66.2796,52.8658,3
45.2219,66.4513,53.0939,3
45.4873,66.3675,57.3262,3
45.0142,65.9702,57.3573,3
45.2830,66.8820,63.2638,3
45.2464,66.6044,62.7436,3
45.4716,66.6062,68.4506,3
45.6819,66.6504,68.4437,3
45.2344,66.1862,73.6188,3
45.2428,66.2199,73.5772,3
45.0247,66.1453,78.1487,3
45.3460,66.3398,78.8861,3
45.4404,66.0567,83.8551,3
44.9669,66.6227,84.5133,3
45.5291,66.7906,89.2615,3
45.1209,65.7772,88.9247,3
45.1982,65.6975,94.1982,3
45.2466,66.5838,94.3783,3
45.2888,66.8749,99.0970,3
45.4803,66.4300,100.0000,3
45.4565,70.3274,0.0009,3
44.9711,70.3694,0.0146,3
45.3239,70.7631,6.0546,3
45.1760,70.8697,5.3968,3
45.0017,70.4812,10.5843,3
45.0958,70.2141,9.9892,3
45.1544,70.2669,16.4047,3
44.7729,70.5597,16.0536,3
45.0706,70.4567,20.8816,2
45.2477,70.7252,21.3393,2
45.1432,70.0750,26.3983,2
45.1318,70.3680,26.4275,2
45.1761,70.6183,32.8354,2
45.4003,70.9298,31.8344,2
45.2786,70.6841,37.0808,2
45.4357,70.5441,36.1879,2
44.9695,70.6647,41.5422,2
45.4004,70.9279,41.9949,2
45.5054,70.6040,47.3814,2
45.2777,70.2771,46.8891,2
44.9343,70.3064,53.7013,3
44.9645,70.1734,52.2288,3
45.1114,70.6071,57.5888,3
45.2235,70.2715,57.6571,3
45.2512,70.4859,64.1483,3
45.2575,70.4634,61.9094,3
45.3111,69.9338,68.6969,3
45.2916,70.7657,68.1038,3
45.2686,70.7290,73.2194,3
45.3852,70.6956,73.6168,3
45.5789,70.6810,78.1103,3
45.4609,70.3289,79.3462,3
45.3223,69.7338,84.5130,3
45.2188,70.3885,83.9994,3
45.4209,70.2499,90.0303,3
44.9592,70.6150,89.8599,3
45.4127,70.5815,94.6334,3
45.1532,70.1596,94.3940,3
45.0709,70.1887,100.0000,3
44.9193,70.8640,99.3818,3
45.0587,74.4253,0.0000,3
45.4477,74.9134,0.0000,3
45.8046,74.7318,5.2931,3
45.1260,74.4954,4.9966,3
45.4335,74.9082,11.1716,3
45.1197,74.9137,10.6791,3
45.3500,74.4777,15.2701,3
45.3710,74.9987,15.4803,3
45.3850,75.0967,20.8717,3
44.9754,74.3427,20.7144,3
45.1740,74.7260,26.3079,2
45.2087,74.9406,25.9354,2
45.5161,75.0189,32.0124,2
45.1313,74.7019,31.9404,2
45.2232,74.5271,36.4725,2
45.1250,74.3886,38.2773,2
44.8727,74.4426,42.4033,2
45.1269,74.6313,42.3029,2
45.4696,74.6548,47.8294,3
44.9237,74.5550,47.6158,3
45.6578,74.4472,52.0609,3
45.3314,74.7528,52.2724,3
45.0198,74.5827,58.1554,3
45.1965,75.0882,57.8267,3
45.3835,74.8204,62.9561,3
45.4298,74.3717,62.8811,3
45.1804,74.8513,68.7365,3
45.1001,74.4500,68.4603,3
44.9556,75.0392,73.5723,3
45.0293,74.3800,73.8408,3
45.3204,74.5063,78.8904,3
45.0373,74.6593,79.6851,3
45.6893,74.6733,84.4264,3
45.3416,74.2205,83.6356,3
44.8000,74.8716,90.4464,3
45.4763,74.7502,89.4254,3
45.1927,75.0547,94.8447,3
45.2757,74.4059,95.0374,3
45.2332,74.8559,100.0000,3
44.9362,74.6482,99.7797,3
45.1574,78.6123,0.0000,3
45.0435,79.1948,0.1887,3
45.3248,78.3693,6.2376,3
45.1815,79.4708,5.6377,3
45.2168,79.5603,10.8100,3
45.2175,78.8300,11.0423,3
45.1559,78.8338,15.4910,3
45.1120,78.7390,16.6757,3
45.4647,79.0180,20.7789,3
45.1529,78.8374,21.9471,3
45.3213,79.1716,26.4157,2
45.0860,78.9781,25.7779,2
45.5022,78.7228,31.2930,2
45.4258,78.7379,31.4694,2
44.7356,78.8506,37.1393,2
45.1379,79.1152,36.8340,2
45.4807,78.7269,41.9845,2
44.9692,78.9197,41.8945,2
45.4552,78.7599,47.1566,3
45.1281,78.9555,48.3627,3
44.5636,78.9330,53.2188,3
45.1602,79.1055,53.2203,3
45.2079,78.7516,58.3624,3
45.3622,78.9287,58.2004,3
45.4552,78.9315,63.3106,3
45.3677,78.8088,63.7519,3
45.0570,78.9080,68.8048,3
45.0519,79.2088,68.5162,3
45.5282,79.1312,73.6028,3
45.3095,79.0276,74.6958,3
45.2801,78.9060,78.8496,3
45.3009,78.6071,78.7560,3
45.0607,78.6829,84.6126,3
45.2684,78.7248,84.1354,3
45.2139,78.9632,88.7201,3
45.0449,78.5149,89.0239,3
45.1186,78.6370,95.1190,3
45.6311,79.1950,94.4541,3
45.3052,78.9274,99.6956,3
45.5281,79.5495,99.2650,3
45.5512,82.9806,0.0000,3
45.3197,83.6222,0.1406,3
45.3456,83.4139,5.7687,3
45.3654,83.4631,4.9642,3
44.9163,83.7054,10.0075,3
45.1564,83.0584,10.2744,3
45.1179,83.2970,16.0266,3
45.3871,83.3251,15.5811,3
45.1795,83.4937,20.7919,3
45.1549,83.4367,21.0433,3
45.1621,83.0092,26.8777,2
45.3804,83.2289,25.7326,3
45.3113,83.0941,31.1227,2
45.1428,83.3667,32.2002,2
45.0517,82.8785,37.1892,2
45.1813,83.3237,36.6308,2
45.3786,82.7458,42.3799,2
44.8433,83.4355,42.0883,2
45.3514,83.2290,46.5155,3
45.5365,83.2582,47.7466,3
45.1033,83.2301,51.9766,3
45.2930,82.8760,55.1352,3
45.3842,83.5572,57.7699,3
45.3430,83.4295,57.3584,3
45.1286,83.4496,63.0489,3
45.1136,82.9686,62.5467,3
44.8713,82.6491,68.4439,3
45.3975,83.9136,68.4004,3
45.0072,83.1494,74.0357,3
45.4692,83.4378,73.9706,3
45.2822,83.3789,78.3550,3
44.8615,83.7859,78.9239,3
45.3699,82.3174,84.9830,3
45.4943,82.6882,84.0519,3
45.3164,82.7788,89.7181,3
45.4723,83.2552,88.6906,3
45.0558,83.1208,94.6121,3
45.2173,83.0785,93.8348,3
45.4243,83.3461,100.0000,3
45.3491,83.0727,99.6965,3
45.0596,87.8313,0.0000,3
44.9310,87.3597,0.0000,3
45.3128,87.4113,4.9922,3
45.0753,87.5371,5.2216,3
44.8748,87.7296,10.0564,3
44.9995,87.7760,11.0561,3
45.1791,86.9927,15.3346,3
45.1757,87.7333,16.4370,3
45.2964,87.5635,20.9479,3
45.0886,86.9182,21.2141,3
45.4432,87.2152,26.9096,2
45.1862,87.3935,26.2053,3
45.5105,87.5162,31.5498,2
45.2785,87.0117,30.4622,2
45.1569,87.3102,37.1077,2
45.2305,87.2277,35.3683,2
45.3686,87.4317,42.5122,2
45.2686,87.7125,41.8300,2
45.2550,87.4406,47.6984,3
45.3464,87.5117,47.5028,3
45.2246,87.6388,51.7944,3
45.1373,87.8460,52.2953,3
45.2475,87.7848,57.8317,3
45.0964,87.7279,57.7501,3
45.2189,86.7743,63.0942,3
45.3998,87.2392,62.5172,3
45.1671,87.1839,68.2942,3
45.1596,87.8678,68.5722,3
44.9151,87.3899,73.6642,3
45.5021,87.3216,73.5918,3
45.6358,87.0478,79.3462,3
45.2759,87.2182,78.6233,3
45.5348,87.5080,84.5111,3
45.4411,87.4710,83.6800,3
44.9488,87.8303,89.5777,3
45.2790,87.9098,88.9415,3
44.7585,86.8250,94.4714,3
45.2866,87.7859,95.1584,3
44.7508,88.2086,99.7947,3
45.5087,87.5322,100.0000,3
45.2157,91.2452,0.0000,3
45.2299,91.1625,0.8240,3
45.2825,92.2068,5.0454,3
45.1451,91.7562,5.1335,3
45.4578,92.0104,11.0759,3
45.5360,91.8242,10.2518,3
45.4911,91.7882,15.4806,3
45.1650,91.5514,16.3452,3
45.2865,91.5773,20.9731,3
45.1925,91.2298,21.4502,3
45.0597,91.5992,26.1114,3
45.4164,91.4763,25.8127,3
45.4610,91.3312,31.6563,2
45.5179,91.3599,31.5272,2
45.1769,91.6184,36.8079,2
45.4472,91.3927,37.4792,2
45.5841,91.6559,41.7102,2
45.2549,91.5415,42.9914,3
45.2425,91.9938,47.4241,3
45.2723,91.4726,47.2379,3
45.4411,91.3598,53.1114,3
45.5513,91.4014,53.2356,3
45.4728,91.8397,57.5767,3
45.2393,91.5427,58.9401,3
45.2611,91.5240,62.5839,3
45.0688,91.3737,63.3386,3
44.9783,91.3792,67.4906,3
45.5435,91.6109,68.5763,3
45.0452,91.9273,74.4357,3
45.2765,91.4352,73.9603,3
45.4101,91.8400,79.2793,3
45.4560,91.3712,79.4033,3
45.1724,90.8260,83.9790,3
45.1524,91.6513,84.6295,3
45.3017,92.1815,89.2112,3
44.8656,91.6623,89.2013,3
45.0460,91.4897,94.3451,3
45.1262,92.0357,94.7990,3
45.2101,92.0582,99.8523,3
45.0171,91.1810,99.9600,3
44.9347,95.4377,0.0000,3
45.4895,96.1770,0.3298,3
45.2624,95.6184,5.4573,3
45.6196,95.8319,5.0322,3
45.2316,95.7095,10.8007,3
45.1104,95.9113,10.8104,3
45.3320,95.4636,15.7147,3
45.1578,95.7673,15.4562,3
45.5118,95.8455,20.2436,3
44.9972,96.1509,20.9626,3
45.1852,96.1280,26.2400,3
45.0241,95.4512,26.6295,3
45.6690,96.0413,31.3880,2
45.2178,95.8040,30.5690,2
45.2679,95.9647,37.7286,2
45.4813,96.3685,37.6824,2
45.5421,95.7973,42.2777,3
44.9291,95.8286,42.3883,3
45.2065,95.3270,48.1598,3
45.3444,96.3057,47.7395,3
45.5368,96.1384,52.2919,3
45.1614,95.6610,52.1484,3
45.6162,95.8022,58.1245,3
44.9970,96.0350,57.6900,3
45.5154,95.5838,63.8238,3
45.4513,95.6498,63.8668,3
45.4929,95.9364,67.9242,3
45.4232,95.8093,68.4457,3
45.2779,95.7804,73.2514,3
44.9601,95.2730,73.8339,3
44.7784,96.0073,79.2005,3
45.2026,96.0974,78.8173,3
45.3469,95.2020,83.0896,3
45.2161,95.9163,84.6857,3
45.2277,95.8634,89.8668,3
45.2376,95.9657,88.9093,3
44.9319,95.6293,95.1242,3
45.1209,95.9847,94.2234,3
45.1467,95.8621,99.6663,3
45.1636,95.0070,100.0000,3
45.2394,99.7164,0.9163,3
45.1053,99.8453,0.0000,3
45.4839,100.4301,5.9301,3
45.5280,99.8208,6.0994,3
45.2240,99.5372,10.3131,3
45.3284,99.8065,10.5998,3
45.3705,100.1232,16.1170,3
45.2271,99.7818,15.0544,3
45.2456,99.8388,20.9934,3
44.8490,99.5445,21.3076,3
44.9361,99.9430,25.9004,3
45.0843,100.0256,26.3301,3
45.3724,99.6694,31.1367,2
45.4878,99.9326,31.7619,2
45.1637,100.1366,35.5977,2
45.4934,99.8634,36.2176,2
45.0507,99.9209,42.0501,2
45.2914,99.6422,42.5408,3
45.1583,99.8277,47.2553,3
45.3957,99.9898,47.0972,3
45.1984,100.3657,53.1593,3
45.3363,100.0446,53.7884,3
45.3559,100.0542,57.7937,3
45.3345,99.0864,58.4086,3
45.0088,99.7846,62.4578,3
45.1159,99.8979,63.6026,3
45.5210,100.5823,68.4722,3
45.2193,100.2339,67.9940,3
45.0700,99.8898,73.6673,3
44.8498,100.3201,73.8042,3
45.4228,99.5289,78.6148,3
45.1200,99.9392,78.9306,3
45.4371,100.0296,83.8398,3
45.7007,99.9203,83.7571,3
44.8861,100.0271,89.8191,3
45.0352,100.1875,89.5155,3
44.9085,100.1877,94.6043,3
45.0379,100.2871,95.2058,3
45.0336,100.0880,100.0000,3
45.2496,99.8453,99.9258,3
47.8193,20.1227,0.0000,3
47.2029,19.4429,0.0000,3
47.4805,19.8642,5.2304,3
47.6248,19.9854,5.8350,3
47.2962,20.1002,10.6909,3
47.3790,20.1601,10.7126,3
47.6229,19.2747,16.2714,3
47.6769,20.1211,14.0941,3
47.5253,19.5699,21.6993,3
47.4106,20.4438,21.5291,3
47.6758,20.3406,25.8436,3
47.4785,20.2767,25.8459,3
47.3664,19.9036,31.1379,2
48.0047,20.2326,31.2910,2
47.4313,20.1016,37.4359,2
47.6898,19.7147,36.1238,2
47.5560,20.0948,41.8700,2
47.8331,20.1582,42.2239,3
47.7331,19.5833,47.1193,3
47.4235,20.1153,46.8559,3
47.6480,19.9506,52.9316,3
47.3922,20.1355,52.0968,3
47.4387,19.9572,58.4919,3
47.4633,19.4667,57.4221,3
47.5545,20.5607,63.3521,3
47.4809,19.9576,63.9434,3
47.5835,19.9315,68.2183,3
47.7708,19.8424,68.8572,3
47.8441,20.1840,73.5721,3
47.3519,19.9328,73.3499,3
47.4758,19.9282,79.1870,3
47.5070,19.5876,78.4680,3
47.9696,20.1646,83.7317,3
47.8894,19.9280,85.3495,3
47.6840,20.1697,89.8923,3
47.9288,19.8683,90.1735,3
47.5068,19.8916,94.7413,3
47.8157,19.9009,95.5622,3
47.8969,20.0119,99.5170,3
47.8318,19.3713,100.0000,3
47.4668,24.5874,0.0000,3
47.4991,24.3420,0.3008,3
47.5064,24.1109,5.7395,3
47.8329,24.1050,4.9596,3
47.3578,24.2866,10.9326,3
47.6618,23.9330,11.4196,3
47.2109,24.4740,15.8978,3
47.7253,23.9745,15.7133,3
47.6903,24.1848,20.1558,3
47.9741,24.4056,21.0699,3
47.6514,24.7156,25.9444,3
47.4379,24.4655,26.5471,3
47.4296,24.5371,31.7264,2
47.4520,24.3576,31.7493,2
47.6140,24.3258,37.1552,2
47.8144,24.2427,36.7068,2
47.6794,24.5678,42.4202,3
47.5662,24.2272,42.9381,3
47.7814,24.2561,47.9386,3
47.5230,24.3092,48.3062,3
47.7623,24.6968,52.5897,3
47.5363,24.5586,51.7174,3
47.6676,24.5198,58.1760,3
47.2111,23.8067,57.8375,3
47.7266,24.3648,63.1548,3
47.7776,24.3416,63.0936,3
47.7391,24.0163,68.7395,3
47.4622,24.3568,68.6525,3
47.5718,24.4010,74.4556,3
47.4276,24.4968,74.2275,3
47.5901,24.4508,78.8201,3
47.8828,23.3888,79.6698,3
47.4091,24.2375,83.8036,3
47.9309,24.1418,83.9395,3
47.8556,24.4302,89.3069,3
47.4333,23.8727,90.1112,3
47.7154,24.2626,94.9830,3
47.2418,24.1132,94.5879,3
47.8279,23.7698,100.0000,3
47.9905,23.6948,100.0000,3
47.7314,28.6830,0.0000,3
47.6991,28.3554,0.0000,3
48.0454,28.3564,5.4881,3
47.6075,28.4934,5.5395,3
47.8102,28.1880,10.6026,3
47.6692,27.9266,10.0495,3
47.8098,28.2826,17.0955,3
47.8242,28.5566,16.5447,3
47.7861,28.4763,20.3455,3
47.7646,28.8401,20.7562,3
47.2664,28.1003,27.1953,3
47.6476,28.8590,26.3253,3
47.5323,29.0614,31.3931,2
47.5818,28.5592,31.4339,2
47.7872,28.5548,37.0849,2
47.5083,27.9223,36.4260,2
47.4828,28.5088,41.6977,2
47.3385,28.0771,42.2991,3
47.7691,28.2691,47.1684,3
47.7544,28.4707,47.9615,3
47.6000,28.1716,53.1748,3
47.5693,28.1844,53.0780,3
47.9214,28.4760,57.3926,3
47.9385,28.5341,58.0046,3
47.5508,28.7600,62.6037,3
47.3908,28.9894,62.7267,3
47.8235,28.8346,68.5261,3
47.4554,28.6100,69.1169,3
47.7001,28.1971,73.8372,3
47.3547,28.1290,73.5549,3
47.6439,28.0604,79.0722,3
47.7359,28.3566,77.8683,3
47.6525,28.9655,84.4394,3
47.6347,28.3093,84.4991,3
47.6733,28.6332,88.9255,3
47.6558,28.2827,89.6595,3
47.2425,28.3032,95.0081,3
47.7723,28.4119,93.6566,3
47.7598,28.8963,99.5806,3
47.5464,28.6630,100.0000,3
47.8510,32.9360,0.0000,3
47.5357,32.8195,0.0000,3
47.7048,32.5925,5.0452,3
47.5832,32.2950,4.9014,3
47.6182,32.6170,10.8101,3
47.5745,33.1343,11.1413,3
47.5311,32.6909,16.3959,3
47.5034,32.4073,16.4391,3
47.7699,32.9537,21.2103,3
47.5806,32.2290,21.1211,3
47.8780,33.0047,26.8512,3
47.7890,33.2949,25.5399,3
47.6778,32.3505,32.3552,2
47.5211,32.9341,31.3543,2
47.7156,32.5990,36.8352,2
47.6983,32.9074,36.7874,2
47.8099,32.9429,41.8967,2
48.0086,32.8551,41.8896,2
47.7544,32.9431,47.6633,3
47.6720,31.5962,46.8847,3
47.7673,32.3354,52.8885,3
47.8085,32.5978,51.7492,3
47.4842,32.8370,58.5232,3
47.2153,32.6558,57.1610,3
47.6497,32.5845,64.3381,3
47.5238,32.9462,63.6624,3
47.5926,32.6672,68.4213,3
47.4828,32.3825,68.2161,3
47.4039,32.4815,73.5865,3
47.6639,32.7647,73.5860,3
47.4778,32.7592,79.3428,3
47.5344,32.3368,78.7242,3
47.5953,32.9751,84.5574,3
47.6309,33.2018,84.1931,3
47.9143,32.9980,90.0490,3
47.6958,32.6666,89.4763,3
47.8016,32.3948,94.6054,3
47.9650,32.8186,95.2139,3
47.3873,32.5020,100.0000,3
47.6233,32.2640,100.0000,3
47.8471,36.7565,0.3979,3
48.0374,37.2997,0.0000,3
47.4109,36.9112,6.4366,3
47.8992,36.8403,6.0443,3
47.8653,36.2723,11.0571,3
47.6553,36.5821,10.5719,3
47.7144,36.6039,15.7295,3
47.5654,37.0807,15.6388,3
47.2916,36.7079,20.5795,3
47.3728,37.1962,21.4544,3
47.4382,36.4613,26.2645,3
47.3669,36.7695,26.3510,3
47.6925,36.9441,31.1886,2
47.6457,37.2263,30.5304,2
47.6967,36.4886,37.5441,2
47.7950,37.0776,36.4154,2
47.6843,36.9547,40.9197,2
47.6609,37.0261,41.3982,2
47.7520,36.8720,48.0591,3
47.5490,36.8954,47.5391,3
47.0701,36.7357,52.6747,3
47.1603,37.0444,52.6745,3
47.6476,37.0585,57.6893,3
47.6402,37.1016,57.9225,3
47.2628,36.8576,63.1899,3
47.8117,36.7391,62.6689,3
47.4366,37.2749,68.5657,3
47.9099,37.3030,68.0493,3
47.4676,36.8038,73.9914,3
47.3513,36.9786,73.8863,3
47.4065,36.5150,79.1696,3
48.0462,36.7536,79.1122,3
47.5106,36.9131,83.8978,3
47.5798,37.5768,84.2641,3
47.3187,37.0350,90.0383,3
47.7667,36.7891,89.0150,3
47.4530,36.7852,94.5534,3
47.5199,37.2067,95.1974,3
47.8850,36.6056,99.5396,3
47.6471,36.9666,100.0000,3
47.7009,41.5281,0.0000,3
47.7930,41.2080,0.0477,3
47.7838,40.8222,4.7786,3
47.7182,40.5612,5.5189,3
47.4059,41.5080,10.3282,3
47.9222,40.9894,10.3995,3
47.8048,41.1405,15.7561,3
47.5508,40.9343,16.9682,3
47.2965,40.6919,21.6411,3
47.8520,40.7759,20.1764,3
47.8860,40.7386,26.0702,3
47.6508,40.7309,26.7780,2
47.6358,40.7880,31.1820,2
47.8910,40.9690,31.8862,2
47.6296,40.5263,37.2155,2
47.8463,41.6054,35.8918,2
46.9999,41.2444,41.8056,2
47.3456,41.0849,41.8806,2
47.3763,41.0278,47.6517,3
47.6666,41.1074,47.5901,3
47.2933,41.0372,52.7516,3
47.5560,40.8038,52.2585,3
47.5729,41.3269,58.6583,3
47.8963,40.5844,57.4251,3
47.7631,41.4428,62.6745,3
47.6682,40.7131,63.2961,3
47.5029,41.1075,67.8151,3
47.3048,41.9821,68.4557,3
48.0585,41.5053,72.8664,3
47.7039,40.6643,73.5361,3
47.2546,40.5804,78.5200,3
47.5224,41.0643,78.4293,3
47.6614,41.3934,84.3475,3
47.6181,41.1551,83.4930,3
47.8220,40.6933,90.2496,3
47.7857,41.2196,89.7737,3
47.6312,40.8167,94.2660,3
47.9819,41.0836,94.1794,3
47.7349,41.1555,99.8353,3
47.4520,41.2733,100.0000,3
47.6961,45.2846,0.0000,3
47.7275,45.0728,0.0000,3
47.8567,44.9542,4.3147,3
47.8934,44.7398,5.0683,3
47.4125,45.0460,11.6384,3
47.6113,45.3711,10.9216,3
47.5022,45.5857,15.9775,3
47.7823,45.0457,16.0115,3
47.6298,45.6021,20.7825,3
48.0380,45.3648,20.9900,3
47.5831,45.2611,26.0015,3
47.7649,45.2596,27.2876,2
47.5449,45.2270,31.3618,2
48.0054,44.8294,31.6258,2
47.6942,44.9248,38.1637,2
47.4455,45.2732,37.6841,2
47.5566,45.3062,41.9329,2
47.6209,45.5876,41.8945,2
47.1007,45.2533,47.3999,3
47.6707,45.2082,46.9372,3
47.5826,45.7927,52.6106,3
47.7622,44.9530,52.4859,3
47.4315,45.6513,57.1168,3
47.7061,45.3654,58.0327,3
47.1626,44.6563,63.2164,3
47.4470,45.0703,62.9456,3
47.4210,44.8956,68.4210,3
47.2504,45.1114,68.0873,3
47.6268,45.9793,73.1932,3
47.7129,45.3294,73.9642,3
47.5889,45.6956,79.2900,3
47.7718,44.8389,78.9955,3
47.5296,45.0047,83.8973,3
47.6204,45.4002,84.7013,3
47.8185,45.3510,89.5015,3
47.5667,45.1889,89.0835,3
47.5459,45.3693,95.5070,3
47.6016,45.0209,95.2215,3
47.2311,45.5761,99.2836,3
47.7630,45.1203,100.0000,3
48.0482,49.2224,0.0000,3
47.6472,49.9313,0.0896,3
47.6405,49.5244,4.7608,3
47.6674,49.3558,5.9244,3
47.7912,49.0766,10.3847,3
47.7372,49.1792,9.9867,3
47.5392,49.5770,16.3081,3
47.6780,50.2124,15.4511,3
47.7796,49.1410,21.8581,3
47.9035,49.6871,20.1845,3
47.7720,49.2279,26.5426,2
47.3406,49.5547,26.1390,2
47.4759,49.6515,31.5533,2
47.5906,49.6948,32.5309,2
47.6867,48.9319,36.0630,2
47.6454,49.7816,36.9095,2
47.7339,49.4560,42.5863,2
47.7549,49.1678,42.3292,2
47.3231,49.6081,47.2272,3
47.6637,49.5709,47.5092,3
47.9151,49.4839,52.7260,3
47.8975,50.0427,52.6227,3
47.5292,49.3349,58.1201,3
47.5909,48.9489,58.4563,3
47.7947,49.8177,63.8300,3
47.6697,49.5518,63.6612,3
47.3886,49.3679,68.3914,3
47.8160,49.3121,68.0650,3
47.5454,49.6146,73.6501,3
47.3414,49.0976,73.7525,3
47.6656,49.4820,78.7120,3
47.7891,49.5844,79.1148,3
47.7057,49.9529,83.6984,3
47.5474,49.3728,84.8394,3
47.5568,49.2359,89.4208,3
47.6525,49.8326,89.2838,3
47.4941,49.2007,94.5647,3
48.1443,49.5884,95.0360,3
47.6315,49.5149,100.0000,3
47.7441,49.5784,100.0000,3
47.5611,53.8115,0.0418,3
48.0581,53.9994,0.0000,3
47.3977,53.5647,4.7215,3
47.5399,53.3933,5.0996,3
47.5686,53.7284,10.4229,3
47.4511,54.0487,10.7278,3
47.5227,53.4184,15.0559,3
47.3235,53.9984,16.2601,3
47.5147,54.0941,21.3610,3
47.6722,53.9428,21.3619,3
47.6623,53.6122,26.2622,2
47.3100,53.4440,27.2159,2
47.4661,53.1290,32.0309,2
47.6813,53.7757,31.5002,2
47.8137,54.1431,36.5814,2
47.7582,54.0198,36.5532,2
47.9335,54.0188,41.4843,2
47.9506,53.3273,41.7615,2
47.7683,53.9966,47.4178,3
47.5056,53.6062,47.1792,3
47.7998,53.5624,52.3057,3
47.3361,53.5059,52.5724,3
47.4055,53.1608,58.3847,3
47.4315,53.2914,58.6795,3
47.8013,53.9919,63.4105,3
47.8939,53.9492,62.9857,3
47.4186,53.2993,68.3512,3
47.4116,53.4449,68.3449,3
47.9112,53.2310,73.6991,3
47.3813,53.5173,74.1491,3
47.4619,53.6052,79.0179,3
47.7718,53.5198,79.5778,3
47.5426,53.8295,84.1156,3
47.7798,54.2925,84.0717,3
47.6284,53.5546,89.1807,3
47.4917,53.6786,89.0852,3
47.4823,52.7346,95.4293,3
47.9603,53.8788,94.2999,3
47.3789,53.2149,100.0000,3
47.8846,53.7340,100.0000,3
47.7205,57.6635,0.5047,3
47.8207,57.5976,0.4036,3
47.6021,57.8165,5.4585,3
47.7035,58.1613,4.8385,3
47.7447,57.5467,10.4369,3
47.6092,58.1857,10.5309,3
47.5792,58.3225,15.5750,3
47.5373,57.3318,15.6810,3
47.4436,57.8195,21.1726,2
47.4146,57.6478,20.2529,3
47.5296,57.6114,27.3879,2
47.9324,58.2973,25.6684,2
47.5961,57.5338,32.5004,2
47.7978,57.5790,31.7637,2
47.3351,57.8538,36.7543,2
47.7795,58.1911,36.8523,2
47.5868,56.9242,42.8863,2
47.5001,57.9254,43.2348,2
47.3928,57.9011,47.6169,2
47.8501,57.8951,47.9562,2
47.5485,58.0578,52.8386,3
47.6134,57.9918,52.1943,3
47.5718,57.5087,57.6740,3
47.8592,58.0209,58.0487,3
47.3118,57.9908,63.1265,3
47.7391,58.3097,62.9534,3
47.5685,58.1702,68.1193,3
47.6491,57.2958,68.2670,3
47.8926,57.9954,74.1339,3
47.8228,58.2995,73.5106,3
47.8200,58.5690,78.9342,3
47.3676,57.7163,79.1815,3
47.2992,57.6661,84.0456,3
47.6535,58.4337,84.5544,3
47.4088,59.0550,89.4654,3
47.2955,57.5832,88.9575,3
47.3620,58.0486,93.4034,3
47.8280,58.1391,94.5086,3
47.8147,57.5669,99.5788,3
47.7415,57.8319,99.6874,3
47.6089,62.5009,0.6400,3
47.7168,61.9986,0.2607,3
47.4591,62.4559,5.7384,3
48.0179,61.8646,4.8000,3
47.7418,62.0231,11.0260,3
47.8951,62.6161,10.5555,3
47.8077,61.9502,15.8981,3
47.6209,62.0732,16.7014,3
47.3632,62.1038,21.0795,2
47.7602,61.7761,20.9031,2
47.5124,61.4297,26.8970,2
47.3376,61.6243,26.7896,2
47.5646,62.0152,31.4383,2
47.8465,61.9397,31.8765,2
47.4033,62.2043,37.2934,2
47.9126,61.6405,36.6938,2
47.9513,62.3818,42.0058,2
47.6323,62.1944,41.9188,2
47.7410,62.2524,46.8110,2
47.5336,61.9690,47.2407,2
47.6856,62.1594,52.2717,3
47.8996,62.1068,53.3634,3
47.9196,61.7875,57.6496,3
47.5481,62.1993,58.2579,3
47.6610,61.9400,63.9837,3
47.5439,62.3278,63.1393,3
47.6185,62.3074,69.1926,3
47.6926,61.9586,69.1611,3
47.7303,62.1564,74.1981,3
47.6960,62.8424,73.6851,3
47.8615,62.2379,79.1667,3
47.5592,61.9981,79.1957,3
47.4579,61.9326,84.2182,3
47.8797,62.1294,84.2429,3
47.4199,62.6140,90.0272,3
47.8755,61.6695,89.6495,3
47.4439,62.3368,94.8977,3
47.7353,61.8903,94.2169,3
47.5034,62.1976,99.8789,3
47.6822,61.7981,99.9967,3
47.9106,66.4155,0.1975,3
47.7122,66.1622,0.8159,3
47.7030,66.3689,5.6066,3
47.8197,65.9421,5.2913,3
48.0786,66.8124,10.4731,3
47.7772,66.2178,10.7031,3
47.5399,66.1732,15.4935,3
47.9680,66.1717,16.3604,3
47.5452,66.1519,21.2473,2
47.3718,66.5152,20.9846,2
47.5214,66.0861,27.3015,2
47.6247,66.2928,26.7523,2
47.4632,66.6561,31.5611,2
47.3548,66.1566,31.0314,2
47.6478,66.0777,36.3903,2
47.6900,66.3290,37.4467,2
47.8645,66.3342,42.3551,2
47.3501,66.5246,42.3106,2
47.8224,66.2239,47.2197,2
47.5733,66.7462,47.5099,2
47.3324,66.5091,52.3999,3
47.8485,66.4774,53.2518,3
47.8394,66.5970,58.4620,3
47.7946,66.1076,57.3229,3
47.4655,66.5350,62.0462,3
47.6285,66.2360,63.7698,3
47.6081,66.2052,69.0791,3
47.6132,66.2398,68.1764,3
47.6887,66.2163,73.5203,3
47.9216,66.3305,73.4601,3
47.4326,66.3753,78.6675,3
47.5579,66.0603,79.0458,3
47.3709,66.4392,83.9373,3
47.7749,66.4614,84.2625,3
47.8008,66.7829,90.1079,3
47.3694,66.1342,89.2322,3
47.7593,66.1591,94.4561,3
47.4847,66.4055,95.0542,3
47.3893,66.1615,99.0525,3
47.1532,66.4612,100.0000,3
47.6661,71.0024,0.0000,3
47.2156,70.1893,0.0000,3
47.5089,70.7012,5.4114,3
47.8371,70.6375,5.0611,3
47.5264,70.6576,9.7612,3
46.9960,70.6434,10.6435,3
47.9454,70.7352,15.9441,3
47.5692,70.2830,15.6493,3
47.8226,70.6654,21.5197,2
47.6529,70.2565,21.6329,2
47.8456,70.5820,26.5938,2
47.7318,70.3858,26.1857,2
47.4496,70.4472,32.0944,2
47.7998,70.6939,32.0585,2
47.5585,70.1743,36.7637,2
47.6160,70.7290,37.0978,2
47.8337,69.9218,41.7062,2
47.6133,70.6701,43.1525,2
47.4361,70.3134,47.1568,2
47.4825,70.2598,47.3914,2
47.8283,70.5621,52.2017,3
47.5923,70.2147,53.1231,3
47.9258,70.0478,58.0093,3
47.4759,70.5452,57.8520,3
47.3634,70.8890,63.0820,3
47.5376,70.5612,62.7226,3
47.5948,69.9751,67.2425,3
47.4376,70.3666,67.5425,3
47.5321,70.3662,73.6534,3
47.7544,71.0399,73.8983,3
47.4348,70.7263,79.6477,3
47.4075,70.2069,78.2368,3
47.5187,70.6383,84.9521,3
47.8099,70.6420,84.2334,3
47.7099,70.6614,90.1253,3
47.6274,70.6048,89.2694,3
47.6543,70.4494,94.1421,3
47.8062,70.9728,94.7181,3
47.6980,70.7848,99.9283,3
47.6695,70.4612,99.7253,3
47.7359,74.8906,0.4613,3
47.6309,74.3769,0.5538,3
47.4847,74.5113,4.9972,3
47.2829,74.6716,5.5728,3
47.5449,75.1383,11.1644,3
47.8094,74.1564,11.2432,3
47.5841,75.2404,15.4874,3
47.6036,74.7637,15.3233,3
47.3075,74.0176,22.5290,2
47.2979,74.2404,21.3386,3
47.3468,74.2540,24.8786,2
47.6901,74.4158,26.6375,2
47.6164,74.7625,31.3522,2
47.5764,74.4684,31.1789,2
47.4126,75.1910,36.6440,2
47.1786,74.8145,36.4402,2
47.6227,74.6560,42.8503,2
47.5549,74.9817,42.4605,2
47.3583,74.7932,46.9893,3
47.3898,74.3754,47.7791,3
48.1602,74.4952,52.7394,3
47.6937,74.5778,53.3354,3
48.0710,74.5575,58.7619,3
47.5222,74.4458,57.8251,3
47.8054,74.7056,63.5268,3
47.6769,75.1427,63.4232,3
47.9377,74.4796,68.3193,3
47.6313,74.4807,67.9175,3
47.7080,74.9364,73.7405,3
47.8434,74.4058,73.4887,3
47.3956,74.7787,79.1913,3
47.8999,74.3837,79.1336,3
47.9188,74.4363,83.5924,3
47.3367,74.9242,83.8478,3
47.7272,74.6720,90.3741,3
47.7892,74.4957,89.3226,3
47.7892,74.4163,95.3279,3
47.5815,74.9795,94.6388,3
47.5268,74.5306,100.0000,3
47.5726,75.6610,100.0000,3
47.4614,78.4718,0.6164,3
47.5928,79.1942,1.1611,3
47.7653,79.0486,5.8763,3
47.7924,78.5685,5.9295,3
47.6224,79.4098,10.7798,3
47.8699,78.8800,9.7677,3
47.7443,79.2404,15.5110,3
47.5909,78.2831,15.7118,3
47.3815,79.1025,21.2201,3
47.6346,79.3442,21.1731,3
47.6703,79.0439,26.0244,2
47.8299,78.6725,26.5272,2
47.8753,78.6394,30.9078,2
47.4228,79.4925,31.2743,2
47.3915,79.0573,35.4802,2
47.4407,79.3716,36.3644,2
47.5794,79.0356,42.2526,2
47.5251,79.1113,42.8284,2
47.4193,78.8020,47.3158,3
47.7715,78.9573,47.3048,3
47.3217,78.6075,52.7279,3
47.5288,78.8447,52.6006,3
48.0999,78.7981,58.5882,3
47.8943,79.1885,57.4710,3
47.6590,78.8302,64.1651,3
47.7137,78.8834,64.0504,3
47.5611,79.1129,68.7723,3
47.7011,78.9154,68.8398,3
47.5056,79.2815,73.5435,3
47.8991,79.2613,73.9589,3
47.6135,79.2782,79.2329,3
46.9883,78.7021,79.0317,3
47.6875,79.1595,84.9849,3
47.7489,78.3221,84.3093,3
47.8747,78.9808,89.5754,3
47.5327,79.2321,89.2971,3
47.7501,79.0759,94.7640,3
47.7284,79.0079,95.3755,3
47.7669,79.2593,99.6180,3
47.4663,78.9662,100.0000,3
47.7379,82.9325,0.3903,3
47.5060,83.3600,0.1433,3
47.5866,82.9971,5.3297,3
47.6482,82.8439,5.5642,3
47.8629,83.4161,10.6838,3
47.5416,83.1966,10.4606,3
47.6564,83.4388,15.7355,3
47.2641,83.3978,15.9881,3
47.6616,82.8056,20.6365,3
47.4885,82.9828,20.8076,3
47.3952,83.8034,27.0668,2
47.6870,83.1478,27.2291,2
47.9563,82.9359,31.7028,2
47.5951,83.0771,31.4962,2
47.6144,83.2211,36.9503,2
47.9192,82.9158,37.3256,2
47.4166,83.2290,42.6269,2
47.7454,83.0630,42.2477,2
47.9620,82.9804,47.6517,3
47.8246,83.0415,48.2361,3
48.0462,83.4861,53.1797,3
47.2858,82.7616,52.5894,3
47.5000,83.3457,56.4711,3
47.7555,83.1052,57.6238,3
48.0129,83.0655,62.3495,3
47.7230,83.2725,63.0709,3
48.1018,83.2209,68.9285,3
47.6962,83.5391,68.2556,3
47.4189,83.3876,73.8338,3
47.7906,82.9729,73.9243,3
47.3127,83.0140,78.5950,3
47.7308,83.0126,78.2610,3
47.5179,83.3374,84.2761,3
47.4826,83.4097,84.9932,3
47.8133,82.4656,89.5923,3
47.6032,82.5472,88.8285,3
47.7914,83.2136,94.7772,3
47.5016,83.4826,94.1219,3
47.4540,83.0626,99.2371,3
47.4552,83.4764,99.5779,3
47.7878,87.5589,0.0000,3
47.3478,87.3874,0.0000,3
47.5258,87.4414,5.6979,3
47.6012,87.1860,4.9191,3
47.5379,87.5557,10.7014,3
47.6272,87.5574,10.5266,3
47.3646,87.0353,16.0903,3
47.3568,87.2541,15.7324,3
47.4249,86.8681,20.4652,3
47.2696,87.5519,21.2514,3
47.4797,86.9582,26.8989,2
47.7196,87.1821,26.9094,2
47.6591,87.4638,31.0580,2
47.3283,86.8974,32.6205,2
47.4661,87.3880,37.0719,2
47.6274,87.3221,36.7538,2
47.7276,87.0565,41.8850,2
47.1708,86.8095,41.4562,2
47.8023,87.2866,47.7171,3
47.7086,87.4464,46.8964,3
47.6466,87.4448,53.7319,3
47.5624,87.5881,52.5696,3
47.4911,87.6293,58.8405,3
47.6840,87.1635,58.1285,3
47.6875,88.0334,63.5290,3
47.4449,87.7508,63.5456,3
47.8187,87.5019,68.9252,3
47.7197,87.2921,68.4882,3
47.6084,87.4708,73.7239,3
47.5687,87.3139,73.6824,3
47.2754,87.6758,79.1213,3
47.5093,87.5458,78.6933,3
47.5299,87.4808,84.9258,3
47.6876,87.1357,84.0346,3
47.8014,87.4897,89.9534,3
47.7103,87.5997,90.4802,3
47.3611,88.0906,95.2051,3
48.1566,87.0734,94.9281,3
47.6635,87.6335,100.0000,3
47.7031,87.6021,99.9466,3
47.5284,91.7149,0.0000,3
47.6065,91.1466,0.0280,3
47.4459,91.5691,4.7201,3
47.6277,91.8489,4.9652,3
47.4449,91.8134,10.9830,3
47.7164,91.4393,10.2115,3
47.5653,91.5612,14.9268,3
47.4349,91.9542,15.8932,3
47.8770,91.8837,20.8964,3
47.5721,91.8689,21.4320,3
47.8291,91.5749,26.3871,3
47.5805,91.5629,25.9730,3
47.6166,91.5309,31.3496,2
47.7898,91.1559,31.7477,2
47.4472,91.3246,36.4610,2
47.7257,90.9017,36.9265,2
47.6407,91.2879,42.1964,2
47.3889,91.5658,41.4798,2
48.0416,91.8374,47.4917,3
47.4405,91.4963,47.2513,3
47.6800,91.6985,52.7440,3
47.7000,91.5280,52.8028,3
47.5040,91.2599,58.8187,3
47.7148,92.1208,57.7574,3
48.1137,91.6028,63.7309,3
47.6381,91.6284,63.1003,3
47.5330,91.8730,68.4166,3
47.7977,91.8501,69.1282,3
47.7158,91.1257,73.5241,3
47.6265,91.5827,74.3434,3
47.8588,91.5355,80.1624,3
47.5618,91.4986,78.4012,3
47.3197,91.2249,84.7173,3
47.7799,91.3139,84.2605,3
47.7929,90.9689,90.3598,3
47.8421,91.8221,90.0747,3
47.2233,91.5134,95.3660,3
47.6302,91.8018,95.4609,3
47.7723,91.5016,100.0000,3
47.2974,91.7261,100.0000,3
47.6618,96.1379,0.1393,3
47.6610,96.3392,0.0000,3
47.9100,96.1834,5.6858,3
47.5507,95.8923,4.8610,3
47.5192,95.8289,10.0845,3
47.5849,95.4589,10.8528,3
47.9585,96.4485,15.2727,3
47.4600,95.7745,16.2006,3
47.6132,96.1127,21.3757,3
47.3008,95.8403,20.4901,3
47.5413,95.7000,26.7432,3
47.6483,95.6836,27.4203,3
47.4754,95.9096,31.9687,2
47.6876,95.5535,31.1601,2
47.7780,96.1364,36.8715,2
47.3903,95.8258,37.6550,2
47.4525,95.7274,42.1897,2
47.8714,95.6638,42.4027,3
47.9319,95.3782,46.7682,3
47.6350,96.1168,47.5902,3
47.8676,95.3120,52.8598,3
47.0843,96.2207,53.2813,3
47.5880,95.1298,57.8456,3
47.8770,95.9468,58.8744,3
47.5944,96.4316,62.2018,3
47.5017,95.4338,63.5808,3
47.4112,96.1243,68.8189,3
47.6895,95.7882,67.9487,3
47.7734,95.6687,74.1195,3
47.9516,95.7274,74.3954,3
47.6900,95.9991,78.3373,3
47.5146,95.6107,79.6712,3
47.5817,96.0085,84.2234,3
47.5805,95.3784,83.3068,3
47.5842,95.7358,89.0851,3
47.6809,96.4091,90.2710,3
47.6485,95.8253,95.0877,3
47.6931,96.0005,94.9047,3
47.6624,95.6118,100.0000,3
47.1886,95.8830,98.9900,3
47.6941,99.7205,0.6625,3
47.6589,100.0147,0.2265,3
47.4682,100.3507,5.6336,3
47.5309,99.6966,5.0764,3
47.6100,99.6746,10.2979,3
47.5133,99.9393,10.4292,3
47.7292,100.0094,15.9905,3
47.6813,99.9415,16.1313,3
47.0828,99.8924,20.7673,3
47.6555,99.8097,21.3271,3
47.7766,99.5848,26.4275,3
47.3754,100.1439,26.0825,3
47.4707,99.4869,31.5329,2
47.4000,99.5549,31.6719,2
47.8254,100.1183,36.1266,2
47.6042,100.2042,36.7739,2
47.6967,99.8688,41.9129,2
47.4997,100.1836,42.4428,3
47.5205,100.2265,46.6549,3
47.5974,99.5939,46.8025,3
47.3584,99.8033,52.9415,3
47.6159,99.8248,52.5448,3
47.2203,100.1715,56.7709,3
47.4901,99.9763,58.1175,3
47.6794,99.9852,63.8866,3
48.0345,100.0021,63.1079,3
47.5996,99.8167,68.6090,3
47.8859,99.2529,68.3362,3
47.9293,100.1180,73.8911,3
47.3114,100.2106,74.1888,3
47.6716,99.8033,79.1688,3
47.4240,99.6489,79.3484,3
47.8507,99.7772,83.6279,3
47.4560,100.0593,83.6284,3
47.8883,99.8605,89.6568,3
47.4829,100.1752,89.8066,3
47.2960,99.7961,94.6585,3
47.5265,100.2615,94.4382,3
47.7745,100.1454,99.9460,3
47.7828,99.5386,99.9692,3
49.8452,19.9679,0.0000,3
50.0120,20.0028,0.0694,3
50.0357,20.1720,4.6338,3
50.1019,19.5462,3.8660,3
50.3945,19.7183,10.3023,3
49.6273,19.8637,10.6297,3
50.0486,19.6380,15.5676,3
50.0737,20.0716,15.8536,3
50.1521,19.9673,21.7488,3
49.9414,20.2084,21.4177,3
49.6722,20.1323,25.9957,3
49.7982,19.8727,26.3966,3
49.6870,20.0081,31.4702,2
50.2076,19.8099,32.1739,2
50.0774,19.9900,37.4789,2
50.3845,19.9368,36.4721,2
50.0858,19.5731,41.4548,2
50.2614,20.1716,41.6762,2
50.6270,19.5854,47.6783,3
49.8407,20.5343,47.1030,3
49.9431,19.4574,53.6729,3
49.8764,20.1441,52.6339,3
49.8897,19.3317,57.7806,3
49.9457,20.0956,58.9675,3
50.1289,20.2580,63.0053,3
49.7373,19.9162,62.7906,3
49.9900,19.8517,67.5822,3
50.2534,19.9578,68.2560,3
49.7790,19.8574,73.2526,3
49.7612,20.0488,73.4498,3
50.1497,19.8919,79.0048,3
50.0173,20.1154,78.5268,3
50.1798,19.6460,84.2317,3
49.7590,19.9638,84.6559,3
50.1111,20.3176,89.3221,3
50.1818,19.7923,89.2445,3
50.0260,20.2550,94.4632,3
50.1390,20.0694,94.9053,3
49.8291,19.8846,99.9532,3
50.0675,19.7578,99.3540,3
49.5734,24.4343,0.4720,3
49.5981,24.2332,0.0000,3
50.2434,24.1474,5.5359,3
49.9150,24.0044,5.6468,3
50.2157,23.8299,11.0975,3
49.8050,23.5109,10.5317,3
50.1014,23.7558,14.7981,3
49.9010,24.0220,16.4743,3
50.0024,24.4309,21.1575,3
50.3137,23.9430,21.0087,3
49.6862,24.4539,26.8728,3
50.1746,24.1731,25.5711,3
49.9827,24.0072,32.0403,2
49.9147,24.0761,32.6659,2
50.1599,24.5333,36.5861,2
49.7799,24.5306,37.5882,2
49.7427,24.0553,41.6481,2
50.0963,24.5364,41.9211,2
49.9258,23.6235,46.8913,3
50.3015,24.3583,47.8316,3
49.9270,24.1286,52.6409,3
50.0648,24.6233,52.2952,3
49.9724,23.9726,56.9107,3
50.1840,24.7348,58.2775,3
50.0461,24.7666,63.3873,3
50.1605,24.2528,63.3047,3
49.9734,24.4603,67.8754,3
50.0839,23.9546,68.6760,3
50.4788,24.4205,74.2712,3
50.1805,23.5128,73.6184,3
50.0896,23.5839,78.8054,3
49.9841,23.8410,78.4625,3
50.2675,23.1363,84.3463,3
50.2327,24.2024,84.9148,3
49.9145,23.9390,89.4690,3
49.9237,24.0390,89.3835,3
49.8416,23.9592,94.1758,3
50.0833,23.9108,94.1158,3
49.7853,24.2722,100.0000,3
50.1502,24.2748,100.0000,3
49.9890,28.5577,0.2201,3
49.8541,28.0984,0.6761,3
50.0251,28.7366,4.7132,3
49.9189,28.0081,5.5863,3
49.8771,28.2548,11.5042,3
50.1333,28.6173,9.9253,3
49.6285,28.7122,14.6693,3
49.8997,28.1776,15.3269,3
49.9118,28.1043,20.4446,3
50.0510,28.7409,20.1845,3
50.0391,28.5835,26.5390,3
49.9558,28.2419,26.6951,3
50.0671,27.8528,31.4684,2
50.0111,28.0929,31.4572,2
50.0983,28.1729,36.9586,2
49.8021,28.0500,37.1499,2
50.2348,28.0659,42.5818,3
49.9974,27.7570,41.3878,2
50.1217,27.9339,47.0591,3
49.9837,28.5555,47.4608,3
50.3137,28.1763,52.6809,3
50.0905,28.6348,53.1572,3
49.9132,28.6165,57.4318,3
49.9845,28.5714,58.3824,3
50.1140,28.4482,63.1182,3
50.1098,29.0778,63.5852,3
50.0763,28.0104,67.9988,3
49.9352,28.6941,67.9527,3
50.1285,28.4570,73.8617,3
49.9568,28.2421,73.1973,3
50.1223,28.3980,78.4087,3
50.0447,29.4480,78.8466,3
50.3308,27.6455,84.0753,3
50.1910,28.4257,83.8892,3
49.9947,28.7166,90.5454,3
50.2131,28.2696,89.3572,3
49.9549,28.1609,94.6593,3
49.9452,28.0609,95.1559,3
50.0842,28.2288,100.0000,3
49.8071,28.2554,100.0000,3
50.0942,32.4776,0.1557,3
49.9851,32.3324,0.0000,3
50.0864,32.7234,4.4168,3
50.0332,32.6392,4.3140,3
49.8384,32.7791,11.2187,3
49.6719,32.9254,9.5861,3
50.2795,32.5600,15.4321,3
50.0709,32.3428,16.0474,3
49.9752,31.4886,20.6473,3
50.0382,32.9515,21.2184,3
50.2101,32.3634,26.6796,3
50.1489,32.1423,26.8655,3
50.0655,32.5471,31.4296,2
49.7924,32.8208,31.7300,2
50.1166,32.6553,36.9450,2
49.9408,32.9546,37.1453,2
50.0346,32.5912,41.2213,2
49.6031,32.5211,42.7396,3
49.8590,32.4319,46.8822,3
49.7419,32.3574,47.5077,3
49.9016,32.4704,52.3184,3
50.0474,32.7487,51.6971,3
49.8479,32.6048,58.1142,3
50.0255,32.8784,57.1888,3
50.0830,33.2470,63.1818,3
50.0177,32.7874,62.8852,3
49.8106,32.6490,67.5940,3
50.0792,32.8009,67.6191,3
50.0326,32.5666,74.4231,3
50.2620,32.8841,74.2896,3
49.9270,32.7096,78.8211,3
49.8006,32.6564,78.9057,3
49.9595,32.6138,84.2409,3
50.1776,32.4562,83.5707,3
50.1356,32.8886,89.6527,3
49.7722,32.5921,89.6162,3
49.7863,32.4022,94.6636,3
50.2366,32.6991,94.4506,3
49.9597,32.4317,99.7940,3
50.1445,32.0556,100.0000,3
50.4378,36.8909,0.0000,3
50.2326,36.9255,0.0000,3
49.8056,36.7204,5.3594,3
50.1791,36.9274,5.4902,3
49.9333,37.0986,10.4230,3
50.3676,36.6463,10.7238,3
50.4379,37.1547,16.1622,3
50.0594,36.8580,15.7025,3
49.8876,36.3814,21.3729,3
49.6924,37.0375,20.8980,3
49.8089,37.2638,25.5912,3
49.8668,36.6703,26.3906,3
49.8775,37.2806,30.8933,2
50.8171,36.5245,33.0569,2
50.2186,36.8090,36.9554,2
49.9242,36.9462,36.4736,2
50.1418,36.8967,41.6105,2
50.0854,36.9517,41.7467,2
49.9145,36.9958,47.9138,3
49.9715,37.1213,47.9520,3
50.2607,36.9672,52.1807,3
50.1783,36.7847,52.8848,3
49.8742,36.6621,57.5440,3
49.7350,36.6661,57.3783,3
50.1133,36.5226,62.8232,3
50.0006,37.3858,62.8118,3
49.7236,36.4485,67.9907,3
49.8686,37.5335,68.9044,3
49.9370,37.3980,73.3779,3
49.9177,36.7007,74.1976,3
49.9860,37.2943,79.1644,3
50.1818,36.2973,78.0978,3
49.6668,36.7137,83.4411,3
50.2481,36.7823,84.5182,3
49.9015,37.0895,88.4911,3
49.9902,36.9923,89.7662,3
49.9365,36.3288,95.2425,3
49.9215,36.7505,95.8464,3
50.0193,36.6864,99.7106,3
50.1290,36.5958,100.0000,3
50.2203,41.0261,0.4939,3
49.9862,40.8464,0.0000,3
50.0550,41.1415,5.7538,3
50.1770,41.6728,4.9726,3
50.0712,40.8463,10.9913,3
49.8146,41.3267,10.1580,3
50.1533,41.4146,15.0124,3
49.7306,41.1231,15.8537,3
49.9416,40.9098,20.6250,3
50.0662,40.7633,21.2357,3
49.8851,40.9258,26.9237,2
50.1909,40.7536,25.8793,3
50.1556,40.6225,32.3059,2
50.0270,40.8792,31.5842,2
50.2722,40.4133,37.3553,2
50.2389,40.9564,36.8063,2
50.0273,41.2727,41.7404,2
49.9971,41.0227,42.4447,2
50.5351,40.8325,47.4078,3
49.8478,40.9060,46.8304,3
49.6939,41.4075,52.8096,3
50.0186,40.7904,52.5941,3
49.7687,41.0445,58.0616,3
49.8915,40.8256,57.6486,3
50.1630,41.1131,62.3544,3
50.1447,41.2156,63.2514,3
50.3291,41.0598,68.6364,3
50.0939,41.3159,68.3096,3
49.8710,41.3446,74.1449,3
50.2550,41.1773,72.8598,3
50.0328,41.0627,79.5621,3
50.2117,41.2365,77.9109,3
49.8350,40.9433,84.0398,3
50.0334,41.4967,84.6002,3
49.8162,40.8040,89.0142,3
49.9766,41.2943,89.9557,3
49.9248,41.0436,95.5739,3
49.7030,41.2440,95.0018,3
49.9407,41.0471,100.0000,3
49.9411,40.8614,99.6435,3
50.3724,45.1311,0.1007,3
50.1571,45.1997,0.0179,3
50.1005,45.0088,4.4949,3
49.8539,45.7817,4.9756,3
50.0261,44.8654,11.1974,3
49.9398,45.1267,10.4596,3
50.5026,45.3956,15.7111,3
49.4234,45.6691,15.4420,3
49.8295,45.0342,21.7851,3
49.9916,44.8065,20.9506,3
49.8337,45.3710,26.1226,2
49.6861,45.2384,26.2874,2
49.7493,44.6751,31.7203,2
49.9439,45.1986,31.9519,2
49.6123,45.2812,37.1734,2
49.9635,44.8383,36.5117,2
49.9097,44.7895,42.2910,2
50.0006,45.0703,42.5980,2
49.8956,45.7071,47.2340,3
49.8091,44.9859,47.4140,3
49.7859,45.3065,52.4313,3
49.9153,45.2507,53.1339,3
49.8914,45.3184,58.1169,3
49.7580,45.4200,58.3024,3
50.1932,44.9305,62.6385,3
49.9891,45.2298,63.1676,3
49.9287,45.3189,67.1440,3
50.1316,45.7047,68.1445,3
50.0405,45.7674,73.7009,3
50.0611,45.8157,74.7024,3
49.7878,45.1397,79.3942,3
50.0994,45.4750,77.6366,3
49.6092,45.7984,84.5975,3
50.0707,44.8905,84.0030,3
50.1139,44.8482,89.1211,3
50.0751,45.4401,89.2122,3
50.1965,45.5481,93.8405,3
50.3276,45.6131,94.8401,3
49.9725,45.5000,100.0000,3
49.9457,45.7450,98.9476,3
49.8670,49.6080,0.0000,3
50.1399,49.0553,0.0000,3
50.2301,49.0256,5.1429,3
49.8938,49.5827,5.4597,3
50.0194,49.3867,10.5580,3
49.9671,49.4639,11.2548,3
49.7595,49.5762,15.3184,3
50.3910,49.5004,15.1555,3
49.9536,49.0360,20.7360,3
50.1231,49.8821,21.5930,3
49.9790,49.6447,26.7200,2
50.4499,49.2925,27.0705,2
49.7816,49.8277,31.2686,2
49.8633,49.3883,31.1910,2
50.0852,49.8416,35.7863,2
49.9651,49.1477,37.2946,2
50.2841,49.4213,41.7536,2
49.6770,50.0583,42.7647,2
49.6043,49.6703,46.8124,3
49.8983,49.0991,46.3680,3
49.9909,50.0423,52.1686,3
50.1783,49.7882,52.9925,3
50.3993,49.7602,58.7971,3
49.7706,49.6973,58.6502,3
49.8456,48.4278,62.5242,3
49.8550,49.6420,62.8747,3
50.0006,49.2924,68.3568,3
49.9868,49.2840,68.8317,3
50.2761,49.1290,73.7929,3
49.7141,48.9479,74.2025,3
50.4015,49.3752,79.8640,3
49.8704,49.4033,79.7812,3
49.8175,49.7487,84.0364,3
49.8559,49.3210,83.1264,3
50.2522,49.5416,89.3997,3
49.8614,49.5672,89.9154,3
49.9451,49.7628,94.8744,3
49.9813,49.7474,94.4829,3
49.7497,49.4578,100.0000,3
49.9555,49.8307,100.0000,3
49.9770,53.6826,0.0403,3
50.1052,53.7000,0.0000,3
49.7332,53.4713,5.4017,3
50.0376,53.2386,4.9822,3
49.8140,54.0936,10.6519,3
50.0861,53.6642,10.2132,3
49.9109,53.8320,15.6594,3
50.1006,53.7271,15.9372,3
50.0693,53.5264,20.8972,3
50.1818,54.2321,21.5116,3
49.4422,53.4568,26.3731,2
49.7804,53.3407,26.1064,2
50.0691,53.8695,31.3953,2
49.9112,53.4311,31.8325,2
50.0880,53.9563,36.9070,2
49.7378,53.5795,37.2706,2
49.6529,53.6588,42.2478,2
50.4007,53.5039,42.0444,2
50.3375,53.5077,47.9058,3
50.0785,53.6179,47.5942,3
49.9705,54.3616,51.5988,3
49.9435,53.6083,52.5646,3
50.2161,53.5501,58.1408,3
50.0463,53.9358,57.8261,3
50.0644,53.6472,62.6649,3
50.3198,53.4556,62.9187,3
49.8286,53.8048,68.1820,3
50.3030,53.8444,68.2826,3
49.8181,53.6510,73.9442,3
49.9908,53.6421,73.1740,3
50.4486,53.6239,78.2601,3
49.7850,53.5810,79.9198,3
49.9659,53.5718,84.6329,3
50.1835,53.8819,84.3105,3
49.7791,53.4589,88.6782,3
49.9552,53.5568,89.2095,3
50.0559,53.4871,94.5666,3
49.9027,53.6747,94.9192,3
49.7311,53.8202,100.0000,3
50.0837,53.7242,100.0000,3
49.9169,58.0277,0.5723,3
49.9009,57.7570,0.3153,3
49.8892,57.6790,5.4742,3
49.9139,58.2613,5.0301,3
49.8362,57.8933,10.7440,3
50.0641,58.0564,10.2497,3
50.2271,57.3981,15.3990,3
50.0077,57.6856,15.6346,3
49.8037,57.8323,21.2842,2
49.8929,57.6310,20.8222,2
50.2208,58.2234,26.0767,2
50.1017,57.8892,26.9578,2
50.0383,57.8343,32.3789,2
49.8152,57.9905,32.2620,2
50.1332,57.6659,36.4338,2
49.7183,58.3396,36.2757,2
50.1427,57.4668,43.3838,2
49.7294,57.9075,42.7113,2
49.8594,58.0639,47.2275,2
50.0776,58.2190,47.1542,2
50.2994,58.0005,53.6058,3
49.8336,57.7021,52.5154,3
49.7575,58.1725,57.8568,3
49.7708,57.6479,57.4598,3
50.1847,58.0319,63.0916,3
49.9269,57.8231,64.0485,3
49.9532,58.1520,68.2564,3
50.3365,57.5290,68.8246,3
49.8481,58.5587,74.0329,3
49.6592,57.6153,74.0268,3
50.1316,58.0697,79.0257,3
49.9362,58.2208,78.5153,3
50.0107,57.7087,83.8606,3
49.9082,57.6742,84.4854,3
49.7048,58.0240,89.1565,3
50.0061,57.8447,89.2241,3
50.2426,57.7835,95.0886,3
50.1433,57.8130,94.1079,3
49.8236,58.2784,100.0000,3
50.0278,57.7246,100.0000,3
49.8264,62.1472,0.2509,3
49.7389,61.8777,0.0000,3
50.1724,61.9739,4.5451,3
49.6935,61.8752,4.5181,3
50.1537,62.3476,10.5298,3
49.9474,62.3277,10.8764,3
49.8027,61.8507,16.1427,3
50.0541,62.2877,15.3425,3
49.8497,62.2444,20.7117,2
49.6960,61.9052,20.9501,2
50.3403,61.8537,26.2849,2
50.4086,61.7772,26.6460,2
49.8578,62.2258,32.7463,2
50.1583,62.1508,31.1034,2
49.9649,61.9357,36.1168,2
49.5742,61.8561,36.8263,2
50.2239,61.8838,42.2011,2
49.6598,61.8651,40.8816,2
50.4468,62.1647,47.4516,2
50.1070,62.8650,47.1508,2
49.8038,62.7053,52.0161,3
50.2596,62.0831,52.8483,3
49.7127,62.8833,57.7036,3
49.8597,62.2698,57.5723,3
50.0849,61.7270,63.2307,3
49.8794,61.8703,62.6872,3
50.1772,62.0001,68.3291,3
50.0854,62.4473,67.9594,3
50.0441,61.8324,73.5800,3
50.2130,61.4014,73.2228,3
49.9537,62.2195,79.5572,3
49.6605,62.5299,79.2078,3
49.9519,61.6646,83.9243,3
50.2050,62.1132,84.1201,3
49.8057,62.3257,89.3988,3
49.9527,62.0767,89.1511,3
49.8369,61.6494,94.4271,3
49.6400,62.2510,94.4030,3
49.9215,62.0941,99.5989,3
49.7650,62.1718,100.0000,3
50.1820,66.6998,0.0000,3
49.9617,66.2564,0.7142,3
50.1834,66.2665,4.1190,3
49.7682,66.5057,5.1028,3
49.9780,66.4999,11.0922,3
49.8442,66.4933,11.3320,3
50.2856,66.1565,15.9369,3
50.1502,66.3218,15.6649,3
49.6539,66.0563,20.7050,2
49.7477,66.3486,21.4859,2
49.9162,65.6547,26.2566,2
50.0548,66.3777,25.9552,2
49.7590,66.5817,31.7548,2
49.8638,65.8654,31.6903,2
49.8205,66.4306,36.9210,2
50.4154,66.2924,37.8425,2
50.0164,66.1157,41.5775,2
49.8246,66.4445,42.1698,2
49.6323,66.6218,48.1069,2
49.6302,66.6194,48.2100,2
49.6408,66.1756,52.2068,3
50.1948,66.1914,52.4043,3
50.0843,66.7837,57.8639,3
49.9059,66.2305,58.2238,3
49.7337,66.3109,62.6890,3
49.7594,65.7324,62.9004,3
50.2157,65.7208,68.6924,3
49.8702,65.9968,68.5930,3
50.2621,66.7652,73.8261,3
49.9859,66.4333,74.9227,3
49.9415,66.6563,78.6512,3
49.8339,66.8465,78.9487,3
50.0449,66.4799,83.7642,3
49.9123,66.1232,84.3766,3
50.0733,66.1356,90.4876,3
49.9945,66.3466,90.1454,3
49.8250,66.1595,94.8796,3
49.7049,66.2446,95.7623,3
50.3658,66.5850,100.0000,3
50.0987,66.1863,100.0000,3
49.8102,70.8169,0.0000,3
49.9102,70.6879,1.0170,3
50.2857,70.6279,5.2946,3
50.1563,70.9359,4.3829,3
49.9746,70.2106,10.4170,3
49.7484,69.9845,9.8667,3
49.8893,70.7023,15.3825,3
49.8269,70.6450,15.9329,3
50.3404,70.8067,20.5397,2
49.8659,70.7503,20.6094,2
49.9351,70.0132,25.6625,2
50.2519,70.5765,26.0013,2
49.9023,71.0409,31.2505,2
50.0947,70.7878,32.3014,2
49.8298,70.1065,36.2903,2
50.1462,71.1239,37.2250,2
49.8681,70.8827,41.8707,2
49.8337,70.4269,41.8147,2
49.8596,70.8928,47.1105,2
49.6825,70.7021,46.8911,2
49.8155,70.7367,52.2689,3
49.9094,70.5390,52.4884,3
49.9142,69.8234,57.8083,3
50.3227,70.7152,57.7070,3
50.0940,70.7145,62.7369,3
50.2514,70.5752,63.0017,3
50.3181,69.9058,67.8331,3
50.1283,70.7285,69.2444,3
49.5488,70.7839,73.0615,3
50.0838,70.5068,74.1092,3
49.9529,70.8296,78.5333,3
49.9837,70.5842,79.7857,3
50.1666,70.5876,84.5304,3
50.2172,70.6387,83.6979,3
50.1257,70.5178,89.2972,3
49.8430,70.7001,89.7297,3
49.8089,70.1945,95.6827,3
50.1721,70.5523,95.0400,3
49.9065,70.4746,100.0000,3
50.1929,70.1023,99.4899,3
49.7551,74.9928,0.0000,3
49.8167,74.6704,0.0000,3
49.7131,75.1149,5.1885,3
50.2567,74.3022,5.5153,3
49.7115,75.4705,9.6616,3
50.3592,74.7309,10.4349,3
50.1179,74.4554,16.1820,3
50.1717,74.7404,15.9145,3
50.3859,74.9322,20.6615,3
50.1501,74.5755,20.6869,3
50.1025,74.4340,26.3390,2
50.1348,75.3098,26.6350,2
49.7060,74.3427,32.4421,2
49.8731,74.2819,31.0766,2
50.1588,74.7707,37.1658,2
49.9934,74.4060,35.9485,2
49.8331,74.7734,41.5135,2
50.1966,74.4368,41.2793,2
50.0001,74.9651,48.1147,3
49.6776,75.1639,47.4611,3
49.8758,74.9411,53.3093,3
49.6642,74.6076,52.3592,3
50.1252,75.1749,57.9314,3
49.9416,74.8705,57.7775,3
49.5661,74.8920,63.6507,3
50.2147,74.3900,63.4615,3
50.3066,75.4960,68.6605,3
50.1968,74.4391,67.8594,3
50.1975,74.1261,73.7619,3
50.2861,74.9506,74.0372,3
49.9901,74.6139,80.0248,3
50.2467,74.9907,78.9613,3
49.8832,75.0607,84.0571,3
50.0157,74.9215,84.3153,3
50.3100,74.3409,89.5074,3
50.4276,75.0060,89.3752,3
50.1598,74.7225,95.4700,3
50.1642,74.4769,94.8560,3
50.0837,74.8773,100.0000,3
50.1129,74.8625,99.6394,3
49.9087,78.8711,0.0478,3
49.9498,79.2782,0.0000,3
49.6531,79.5374,4.8544,3
50.2201,79.1299,4.8720,3
49.9734,78.8628,10.7045,3
49.8465,78.8944,10.5077,3
50.2204,78.8240,15.3016,3
49.8911,79.0575,14.9037,3
50.2395,78.9533,21.2692,3
50.0438,78.7472,20.5115,3
49.8599,78.4956,26.4899,2
49.9674,78.4871,26.0075,2
50.1304,79.3353,30.9370,2
50.4323,78.6595,30.7266,2
50.3515,78.6351,37.6040,2
49.8670,78.8594,36.1895,2
50.2555,79.2894,41.7750,2
49.9850,79.1460,41.8696,2
50.2728,78.9156,47.1087,3
49.6834,78.5593,47.6627,3
50.0471,79.1921,52.3502,3
49.6717,78.7985,53.6505,3
49.8070,78.9364,56.6880,3
49.8960,78.8232,58.0607,3
49.9364,78.4918,62.8259,3
49.9592,78.6485,62.7325,3
50.2010,78.7599,68.6410,3
49.9646,78.5784,68.2546,3
50.0582,79.4684,73.2981,3
49.9830,79.2201,74.3145,3
49.8702,78.9006,79.5037,3
50.1023,79.2574,79.5331,3
50.1107,78.9904,83.8750,3
49.9512,78.8940,84.8100,3
50.0353,79.0031,88.9767,3
50.2409,78.7172,89.3313,3
50.2619,79.2133,94.3120,3
49.7842,78.8862,94.4486,3
49.7065,78.7214,98.6260,3
50.1808,79.1997,100.0000,3
50.0706,83.0234,0.5117,3
49.8597,82.7599,0.0000,3
50.0822,82.9143,4.7394,3
49.9166,83.2815,5.1904,3
50.5273,83.1171,10.9016,3
49.7103,83.3340,10.2951,3
49.9982,83.6639,15.6033,3
49.7384,82.8123,15.8759,3
50.0237,83.1810,20.4099,3
50.4053,83.5972,21.1178,3
49.6958,83.6332,26.8842,2
50.0206,83.5175,26.0686,3
49.8079,83.2051,30.8026,2
49.7780,83.3211,31.6989,2
49.7237,83.0352,36.1731,2
49.9023,82.9785,37.3382,2
49.9686,83.0849,41.9090,2
49.6559,83.1283,42.3467,2
50.0463,83.3657,47.7391,3
50.4396,82.8193,47.4858,3
50.0694,83.0620,52.3153,3
50.0998,83.2787,52.1050,3
49.6405,83.0104,57.5580,3
50.1205,82.8807,57.8059,3
49.6586,82.6925,62.7732,3
49.9499,82.9119,63.2293,3
49.6597,83.0934,68.3193,3
49.7104,83.2264,67.3365,3
49.8630,83.3941,72.5717,3
50.1342,82.8081,73.3890,3
50.2813,82.9698,79.7542,3
49.9389,83.1325,79.3685,3
50.1088,83.2041,83.9789,3
49.6898,82.7072,84.8671,3
50.3399,83.1968,88.5868,3
49.8455,82.9113,89.1958,3
49.8231,83.3141,94.8605,3
50.3160,83.0411,94.8369,3
50.1482,83.4644,99.3825,3
50.0810,83.2019,100.0000,3
50.0119,87.8823,0.0000,3
49.8100,87.1221,0.0000,3
50.0587,87.2316,5.7663,3
49.9993,87.3395,4.5980,3
50.3642,87.3542,11.3449,3
49.8755,87.6176,10.2450,3
50.3638,87.7047,16.2142,3
49.8551,87.9404,16.8085,3
49.9241,87.4169,21.5160,3
49.6056,87.7122,21.5645,3
49.8874,86.7107,26.4824,3
49.7733,86.8920,26.5011,3
50.2636,87.3027,32.1715,2
50.1328,86.9565,31.3019,2
50.2159,87.1997,37.2517,2
49.9180,87.5848,37.0567,2
49.9503,87.5763,41.0253,2
49.7829,87.2293,42.6916,2
49.7108,87.3580,47.5271,3
50.0495,87.3388,47.0581,3
49.9507,87.6609,52.2874,3
49.5681,87.5083,53.3795,3
49.7898,87.7766,58.1551,3
49.7687,87.1573,57.5210,3
50.0338,87.3140,63.7107,3
50.1699,86.9048,62.4484,3
50.1229,87.2138,68.3336,3
50.1093,87.6260,67.8044,3
49.5557,87.3345,73.2568,3
50.0132,87.3418,73.1965,3
50.4174,87.3735,78.6605,3
50.0203,87.5274,78.6311,3
50.4641,86.9116,83.4840,3
49.6801,87.3696,84.4470,3
49.9339,87.5094,89.7020,3
49.9278,87.4966,89.3755,3
49.9182,87.2189,94.8534,3
50.2436,87.0069,94.4967,3
50.0325,87.8955,100.0000,3
49.8375,87.0913,100.0000,3
49.9373,91.2097,0.5069,3
50.0616,91.2207,0.0000,3
49.5665,91.3922,5.4154,3
50.1921,91.7064,4.6107,3
49.9433,92.0078,10.2703,3
50.1538,91.7726,10.9062,3
50.0862,91.8060,15.0487,3
50.3031,91.0370,15.9454,3
49.9903,91.3913,20.5651,3
50.1100,91.8194,21.0011,3
49.9422,91.9634,26.1049,3
49.9916,91.5179,27.5512,2
49.8320,91.8284,30.7293,2
49.8084,91.4862,31.5135,2
49.9451,91.5491,36.4976,2
50.2575,91.2788,37.2143,2
50.1355,91.2946,41.9218,2
49.9995,92.0816,41.9207,2
50.7247,91.8093,47.5402,3
50.1768,91.0634,47.9544,3
49.7354,91.8398,52.3353,3
49.8401,92.1107,52.5817,3
49.6938,91.8714,57.2844,3
50.2721,91.5741,57.2578,3
50.1643,91.7353,62.0962,3
49.9873,91.6686,63.2782,3
49.9631,91.8024,68.7055,3
50.0062,91.5080,68.4951,3
49.8793,91.2722,73.1223,3
49.9800,91.3216,73.6048,3
50.2660,91.5168,79.0164,3
49.9543,91.9709,79.7763,3
49.9061,91.7973,85.2561,3
49.7679,91.8730,83.3402,3
50.0059,91.5369,88.6202,3
50.2178,91.6232,89.0101,3
50.0657,91.8501,93.8525,3
49.3703,91.5664,94.3527,3
50.2677,91.4678,100.0000,3
49.9626,91.1152,100.0000,3
49.7348,95.3769,0.0000,3
49.7629,95.7263,0.0000,3
50.0568,95.3172,5.1373,3
49.9037,95.8499,5.3878,3
50.0313,95.4924,10.5387,3
49.8974,96.1837,10.5815,3
50.0159,95.4052,15.4943,3
50.0518,95.7659,15.7447,3
49.6493,95.5452,20.9152,3
50.2403,95.2222,20.5306,3
49.6204,95.8871,26.9089,3
50.0721,95.9626,25.7998,3
50.0739,95.5577,31.6088,2
50.1005,95.7019,31.9890,2
49.9673,95.8716,37.7876,2
50.0995,95.5647,36.6019,2
50.1746,96.1023,42.0870,2
49.6946,95.5044,42.1956,2
50.1161,96.0909,46.3523,3
50.1743,96.2176,46.1716,3
49.9989,96.0168,51.9259,3
49.9001,95.9575,52.3702,3
49.9273,95.8557,57.3098,3
49.7866,95.9300,58.3692,3
50.0797,96.1978,63.3677,3
50.3694,95.8092,63.2842,3
50.0806,95.6011,68.0330,3
49.8200,95.6228,69.4564,3
50.3643,95.6911,73.4739,3
49.5706,95.4912,73.2795,3
49.9121,95.6186,79.0547,3
50.1550,95.5711,79.6658,3
50.0691,96.0560,83.9908,3
50.1093,95.9255,84.9443,3
50.1305,96.0456,89.2092,3
50.2392,95.4066,89.1872,3
50.0563,95.4437,94.2753,3
49.8155,95.9031,94.6574,3
50.1927,96.3537,100.0000,3
49.8977,95.9000,99.5521,3
49.9873,100.7387,0.0000,3
50.0605,99.9515,0.0000,3
50.0962,99.6187,5.1801,3
49.7285,100.4633,5.7568,3
49.8464,99.4433,10.7715,3
49.9913,100.6731,11.2272,3
50.1270,99.8415,15.6587,3
50.0604,100.1065,15.4356,3
49.7272,100.5785,21.0696,3
50.0848,99.7428,21.7357,3
50.2080,100.0181,26.4208,3
50.0570,100.0295,26.5947,3
50.0753,99.9472,30.9947,2
49.9949,100.2251,31.9150,2
50.2625,100.4255,37.1929,2
50.0375,100.1031,36.5549,2
50.1599,100.3971,42.6261,3
50.1113,99.9278,41.9273,2
49.9680,99.7810,47.5058,3
49.4407,99.8384,47.4025,3
50.5003,100.0013,52.6522,3
49.8333,100.5159,52.2249,3
50.4066,99.7780,58.3656,3
49.9887,99.8313,58.3995,3
50.2657,99.9443,63.1458,3
49.9175,100.0672,62.6106,3
49.4613,99.4389,68.3105,3
49.7860,99.9647,68.1648,3
49.8587,99.8053,74.1678,3
50.0471,100.4695,73.7358,3
49.6180,99.6869,79.0049,3
50.0484,99.8242,78.5495,3
49.8784,99.9567,84.1860,3
49.7804,100.0739,84.3290,3
49.9780,99.7927,89.8095,3
50.2647,99.8655,89.1594,3
50.0932,99.6488,94.0986,3
49.8702,100.0928,94.2966,3
49.9963,99.3972,100.0000,3
50.2881,99.7270,100.0000,3
45.6023,30.5120,65.7232,3
34.1941,55.9463,73.7793,3
26.3746,88.5176,13.5851,2
5.7793,50.2496,12.8610,3
13.0609,23.8203,43.0604,2
38.1755,64.5337,35.6685,2
5.5269,60.7251,32.7706,1
15.7493,56.1236,17.0067,2
19.4728,94.0941,61.0853,2
49.5389,70.2305,9.6977,3
34.9618,89.2698,91.2707,3
29.9536,29.6103,64.3067,3
11.4339,24.4829,21.1724,2
9.3665,55.6321,94.3914,3
34.7178,75.5581,80.3605,3
15.7655,65.7933,71.2936,2
18.6826,51.0054,70.1340,2
41.3808,48.9307,62.5689,3
34.8939,94.3100,78.7463,3
13.7537,70.0519,95.7734,2
22.0220,81.2230,53.9209,2
24.7014,65.6211,42.5129,1
19.3113,80.8895,53.2684,2
47.0691,20.6993,76.9351,3
12.0802,80.8970,87.0231,3
40.2827,67.5074,12.2709,3
48.2176,46.1080,2.8230,3
5.0846,79.0899,83.3017,3
41.1367,64.7231,63.1883,3
45.8065,73.0901,35.1189,2
47.7681,97.2466,62.7892,3
30.4745,94.9484,77.8074,3
10.3422,96.6535,72.4367,3
38.2556,52.0746,0.8446,3
17.2279,46.4890,45.5888,2
36.5600,56.0486,37.2129,2
16.1655,81.4799,78.7504,2
21.3445,37.4049,22.0047,2
34.8267,81.8061,78.4984,3
44.1799,80.3576,48.5933,3
17.0313,49.9026,28.3731,1
9.4771,31.5121,1.2695,3
13.8533,86.8167,53.7127,2
22.5249,38.9909,58.9867,2
48.8026,47.8374,84.7510,3
47.2629,82.9545,59.1436,3
18.5915,22.6708,73.6589,2
48.0185,75.1358,3.6222,3
11.2751,51.4364,98.9289,3
8.8203,45.4307,55.1881,3
10.0381,29.4084,6.8697,3
27.6252,42.9216,3.9502,3
27.5821,78.4360,66.8841,2
35.7938,64.0506,78.1237,3
7.8071,35.2571,70.3304,3
20.1085,39.1078,2.7046,2
44.0815,87.0380,6.0472,3
18.6976,37.1643,20.6785,2
16.6136,43.7630,70.6525,2
48.6433,23.6351,32.2891,2
35.0339,44.4741,19.1125,3
12.5521,67.8356,15.1055,2
9.3446,79.9755,34.3761,1
45.2542,59.7114,13.1785,3
13.6743,90.5175,12.5563,2
19.1987,44.2736,98.7725,2
48.8494,75.3655,23.5513,2
13.0676,24.8076,6.1301,3
47.3365,68.2813,19.8306,2
40.1595,26.1134,52.2389,3
13.8102,55.8902,22.9069,2
11.1425,94.1483,91.9927,3
27.1981,82.8957,20.1754,2
22.8634,38.0434,8.3765,2
24.0744,79.5924,74.4806,2
24.9524,55.7057,60.2902,2
46.9901,32.0049,40.4913,2
45.7556,63.8965,79.2900,3
25.8184,93.6841,89.0265,3
25.0678,20.4008,56.6161,2
14.1764,39.2444,42.9739,2
25.2495,88.8528,3.1289,2
18.2786,70.5855,62.1981,2
19.2995,34.2356,27.7016,1
45.1551,41.0290,49.1752,3
47.4041,29.4734,87.0735,3
38.4519,58.8338,94.8944,3
8.3485,88.3674,19.7682,2
20.9390,29.7882,49.5289,2
12.6090,40.4084,5.9625,3
18.7294,33.1085,68.5347,2
33.7180,73.2369,67.6013,3
9.6423,37.1063,73.7474,3
26.6984,70.4079,5.6603,2
22.3840,55.0404,69.2351,2
46.0428,65.9628,76.1112,3
33.9574,92.7924,81.0786,3
16.1288,37.7843,91.1894,2
31.8852,55.9694,70.0140,3
17.6772,84.6876,52.7742,2
44.1942,71.4959,26.0218,2
48.4457,52.1945,76.5933,3
16.4990,53.3663,73.8285,2
36.3317,95.1195,79.7822,3
19.5883,89.0635,92.1069,2
47.9343,92.0368,69.5368,3
40.8117,71.8282,31.9715,2
41.7243,38.2055,43.1304,2
20.4576,33.7719,79.8909,2
26.2367,62.1590,50.2040,2
36.0216,34.0717,50.0807,3
16.7112,97.7326,6.0177,2
46.7781,24.7932,10.9267,3
45.7819,71.8282,32.4415,2
31.4764,33.2922,6.4867,3
7.2153,41.6018,17.9400,3
23.1494,90.1334,37.8555,1
22.9354,29.6618,98.8703,2
11.5361,47.0646,94.5742,3
25.4716,47.0481,71.5162,2
6.4863,45.6958,58.0232,3
49.5954,97.4037,62.6187,3
20.3051,64.0042,93.3869,2
35.0228,31.9364,97.1544,3
45.5993,37.3422,65.6846,3
44.5202,37.6416,92.3642,3
13.1022,48.5736,94.3124,2
47.6000,21.8627,86.6394,3
36.2175,89.7376,46.1915,3
49.1678,79.8585,75.9359,3
24.2122,51.3857,20.5558,2
7.6209,92.1170,59.0693,3
30.1152,47.0421,73.9700,3
23.3097,84.7458,7.9824,2
16.1344,42.6728,2.3330,2
34.8549,76.1295,41.3392,2
40.7954,96.2984,73.6702,3
35.2973,55.9697,55.3481,3
17.9650,39.5289,2.6211,2
26.6390,38.0063,46.7363,2
41.5560,49.3706,32.1897,2
25.1075,59.6395,27.2669,1
31.9964,22.3196,48.6123,3
34.2060,57.3012,97.8263,3
11.9766,56.2442,29.1796,1
45.6451,34.3685,52.1426,3
24.0944,93.3781,55.7604,2
25.9546,66.9260,71.1418,2
6.4394,39.7411,23.5725,2
23.7011,66.1096,91.5889,2
30.4597,34.5164,52.5856,3
24.2858,71.6588,63.6826,2
34.7065,99.7833,2.7605,3
39.3007,88.3876,24.5140,3
39.0827,28.3986,54.2533,3
19.5078,38.2400,64.7168,2
23.1181,33.2848,60.6596,2
27.8065,23.3793,82.0759,3
49.4037,47.3807,98.7298,3
49.8119,57.1496,92.0675,3
40.2028,86.7589,12.2508,3
40.1144,38.9232,74.7480,3
15.6154,82.7138,89.3760,2
27.5784,54.6585,14.5693,2
15.6193,99.3772,73.0806,2
39.6092,85.1206,58.3641,3
24.8501,47.8470,2.7265,2
41.4374,89.1907,34.2945,2
28.1759,66.2418,65.7464,2
34.2449,35.7377,68.6668,3
38.8641,21.3813,61.7884,3
23.7523,90.8103,94.3732,2
31.2687,51.9688,93.8069,3
17.1410,59.4041,35.3123,1
11.9134,91.5438,25.0486,2
40.7903,80.2552,66.6838,3
9.9044,52.0514,92.6863,3
21.4663,21.6256,72.5564,2
35.9418,66.4119,36.2866,1
19.5264,38.3632,59.1748,2
49.8265,82.6740,65.4840,3
30.6276,76.4263,50.1916,2
43.1342,66.5499,24.7454,2
30.3485,39.6326,53.5669,3
41.2071,78.2047,27.0355,2
37.8182,29.9031,64.5346,3
19.1692,69.3718,86.2359,2
11.0194,75.7182,68.3321,2
39.0616,97.5438,48.2959,3
11.1339,75.6757,54.5307,2
41.5356,83.4389,73.3121,3
22.8670,58.0555,91.6050,2
24.6187,66.9281,68.3515,2
10.2081,81.5532,1.4951,3
49.1933,65.4720,16.8058,3
40.2886,87.5620,20.4770,3
6.8565,61.9596,64.0567,3
12.5718,64.9285,52.6391,2
43.8619,85.2665,13.1957,3
36.8159,60.2294,46.6258,2
12.3051,79.8115,86.8366,2
14.2479,22.3525,60.9150,3
49.1577,74.3052,25.2705,2
44.2730,63.0450,50.9759,3
7.5776,24.8536,57.9301,3
41.3013,80.2535,94.0765,3
27.6243,69.6578,62.7189,2
22.1088,20.2271,83.8900,2
8.0191,96.7411,84.3854,3
9.6703,29.7623,73.7118,3
29.4650,71.9130,28.9954,1
44.7661,63.4378,56.5469,3
49.5762,81.7238,68.8807,3
43.9992,99.2758,81.2535,3
41.2875,35.3072,87.3344,3
44.6546,67.7642,65.0628,3
33.0698,63.5959,18.3383,2
34.5966,50.3525,53.6502,3
45.5500,28.7341,95.5455,3
30.5687,95.9858,20.0648,3
7.4430,69.6809,52.6863,2
38.0699,68.1160,51.4287,2
45.6145,45.8727,27.1545,2
41.1796,48.1309,56.3076,3
32.6322,43.5572,35.5747,2
6.8315,42.3629,32.6092,2
5.7563,85.8532,88.5349,3
12.9776,68.4352,44.1966,1
10.7518,21.9971,66.3550,3
8.5860,91.2818,78.9658,3
37.5931,87.4209,10.6618,3
33.2106,36.5115,51.9761,3
21.1348,29.7912,73.4535,2
18.5842,29.8323,87.9415,2
11.0585,36.4333,2.3714,3
28.3358,86.0249,85.1226,3
38.4702,57.7077,88.9452,3
39.5209,91.1392,23.9467,3
32.0579,21.7264,52.1487,3
44.4598,79.0774,77.6171,3
19.2691,51.8523,98.6258,2
17.0274,26.8992,38.9015,1
39.5257,61.8890,4.3711,3
34.9126,78.8485,60.2776,3
12.7102,35.2844,40.7336,1
21.1193,28.1505,85.9341,2
46.6078,31.5055,56.2344,3
24.3401,52.7206,58.0329,2
25.4712,56.1203,14.3632,2
36.9787,66.3943,5.6003,3
21.8945,37.4224,38.9964,1
10.3486,68.8436,58.1524,2
31.6749,49.2885,72.2042,3
42.9191,53.3077,43.3052,2
45.4301,68.4134,50.9681,3
38.1715,44.8115,3.2758,3
36.5865,71.6852,42.8541,2
7.0631,95.2055,73.0769,3
22.3496,36.0843,55.5344,2
5.9567,56.5764,98.8393,3
38.2639,98.7944,39.6014,2
8.9207,97.2088,86.5248,3
30.3142,38.3874,73.8747,3
5.8654,93.1544,69.7182,3
12.9106,33.1630,5.7977,3
39.6720,30.2283,52.0070,3
21.1184,63.9261,69.4809,2
14.4483,36.0397,33.7600,1
47.0835,55.5225,25.6958,2
28.3798,34.4297,76.5192,3
19.3672,98.6110,62.9893,2
32.5204,43.2418,17.8406,3
8.4993,88.4537,97.9622,3
14.6866,99.4742,61.5914,3
40.4018,99.0681,97.5269,3
30.5616,62.1657,67.5755,2
14.8899,51.1045,82.7584,2
9.9408,56.7242,31.5692,1
31.2125,35.1517,92.8058,3
40.6260,26.5012,32.5860,2
6.9437,29.8554,42.3642,2
19.8256,61.6494,29.0895,1
19.9481,96.6542,87.4906,2
5.6019,68.1821,14.2161,2
40.5246,86.8761,66.0378,3
35.2925,88.1154,10.1837,3
36.8451,29.5947,4.2307,3
33.7371,41.7668,4.5880,3
7.8408,98.3754,22.3095,3
23.3525,41.3223,93.5330,2
8.3220,63.4566,47.7791,2
36.1449,91.8654,0.0398,3
5.7452,50.1826,40.1619,2
45.0715,42.3093,84.8335,3
9.0171,26.1923,74.5120,3
39.3190,27.5589,99.3055,3
8.6208,90.7347,19.3921,3
5.9892,88.3834,18.4333,3
28.8238,86.1442,15.4718,2
38.3475,62.5233,25.5866,2
6.8700,41.0347,42.4761,2
21.5567,77.3518,40.9826,1
22.1154,84.9799,46.3928,2
49.3471,65.9569,93.7209,3
44.6988,53.1228,61.2667,3
11.3361,62.1616,42.3977,1
26.7687,34.7419,86.6221,3
8.5987,82.4960,94.4124,3
9.7852,54.6948,58.4950,3
49.6101,89.2306,41.4229,2
48.5563,46.5013,33.9991,2
27.7816,82.3661,19.2168,2
38.4110,20.2160,26.2480,3
48.8511,72.5173,46.2561,2
37.9293,54.8205,10.6689,3
27.3906,96.4322,27.2602,2
7.3794,79.3077,45.4405,2
20.0617,59.0031,93.0000,2
16.2612,36.0416,53.3911,2
25.8489,31.9838,58.0657,2
30.8521,68.4345,41.3555,1
18.0522,46.2663,83.4357,2
33.1294,51.8419,61.3267,3
20.7326,89.0118,72.7632,2
9.5427,24.4936,3.3417,3
6.2390,59.7528,18.0842,2
35.3540,58.6210,9.3477,3
5.2624,22.9380,53.3337,3
31.3972,48.2412,7.8900,3
47.0610,52.4571,42.9309,2
22.1656,24.7574,71.0447,2
34.9165,33.1572,26.8582,2
29.6114,50.1413,99.7929,3
27.3415,90.5783,20.4613,2
30.0299,45.7436,93.4502,3
29.8031,72.3157,7.6021,2
26.9459,66.3578,29.0403,1
38.1095,57.3264,56.1310,3
21.2419,74.1204,10.3171,2
27.7802,91.6512,23.5184,2
44.0802,90.8041,23.0432,3
8.6326,81.1535,95.8582,3
16.5072,93.0403,20.8167,2
21.1687,90.8725,30.4060,1
39.0063,31.7575,37.8766,2
47.3332,38.1026,70.1702,3
46.3799,82.7964,94.7989,3
47.4687,29.0909,60.1663,3
24.2103,74.6191,74.2549,2
16.0357,83.9894,40.9203,1
34.5532,54.2165,34.6116,2
36.2254,63.3526,85.2924,3
40.3704,89.4666,76.5772,3
46.2579,32.5333,64.0482,3
8.7084,59.9718,86.1345,2
37.6519,66.6343,69.3986,3
12.7980,94.4642,21.2472,2
12.5137,31.2003,93.6219,3
25.7386,62.6452,37.9025,1
6.2275,25.3330,1.5760,3
29.2548,35.4787,40.2121,2
25.7146,62.6063,89.2806,2
6.9455,59.5383,13.1864,2
46.6933,93.3965,13.9938,3
10.2812,28.7896,9.8084,3
12.1144,32.4551,16.3501,2
11.6859,50.2331,25.3895,2
23.7685,91.4995,35.1966,1
17.8913,93.1484,32.1608,1
10.4902,69.5188,28.1795,1
28.3982,81.4389,56.5569,2
41.3945,47.5761,16.8677,3
22.7600,52.9542,71.5968,2
35.9078,44.7496,92.9326,3
17.4015,99.7171,3.2701,2
35.3183,69.6169,58.4929,3
40.0612,67.2701,60.9917,3
44.4811,34.9394,53.1158,3
37.0446,44.6302,21.9485,3
10.8006,41.0151,66.6078,3
32.6734,33.7402,49.1154,3
14.6196,94.8778,72.4134,3
12.7998,43.1770,85.3079,3
30.0705,48.4764,59.8421,3
22.5267,92.9143,87.3541,2
12.2174,74.1959,83.7588,2
14.5060,89.7208,41.9557,1
18.8477,98.7249,68.8005,2
18.0728,62.3752,64.3465,2
37.0372,36.7513,61.6600,3
43.1268,84.2928,29.4274,2
48.6587,21.0071,77.9016,3
19.2700,95.2964,86.1057,2
44.6522,40.1494,79.6415,3
19.9694,55.7767,90.4335,2
37.4204,71.2453,12.8973,3
29.2227,29.8812,7.5024,3
47.5961,67.3919,0.6146,3
26.1063,42.9395,15.3910,2
41.8605,32.2887,16.6350,3
15.4673,76.9954,19.0731,2
19.4612,92.1877,56.5142,2
12.7854,88.7922,51.2162,2
42.5402,26.2996,16.1822,3
9.1317,58.4989,38.7379,1
23.7204,49.3232,42.4149,1
22.1555,32.7729,56.9083,2
44.1126,99.5265,11.7308,3
23.5056,39.2873,56.6900,2
21.2164,90.2203,93.5204,2
19.6289,48.5134,53.4963,2
33.5985,80.1967,10.0071,3
7.2992,74.2582,47.8687,2
35.2738,44.1286,17.2172,3
10.0063,82.9067,40.3029,2
8.7294,39.7413,86.1519,3
26.6693,88.2674,94.5335,3
8.0131,95.4578,37.1066,2
36.4222,52.2502,61.4617,3
35.1395,30.6388,43.1124,2
14.2966,29.5445,59.1944,3
35.6118,40.6054,0.7325,3
48.6842,57.9879,65.1825,3
8.3850,69.6174,76.2600,3
7.1325,61.8858,14.2013,2
11.6114,69.1841,61.9258,2
29.9197,60.8135,46.9989,2
26.6550,46.7568,25.7330,2
16.9540,92.6480,26.6708,2
21.8531,60.3267,74.2693,2
39.9694,77.7343,30.3031,2
12.3392,85.3621,87.4487,3
46.0817,88.6674,36.1377,2
11.9078,73.6342,64.9417,2
16.1554,69.6177,99.8243,2
12.5840,50.2863,39.1050,1
14.6089,83.0456,70.7303,2
14.7636,88.6237,42.5800,1
29.7909,74.7914,87.4158,3
15.2076,67.3876,67.1576,2
44.8871,81.7835,91.4435,3
8.3855,54.0365,30.6329,1
27.3732,84.8648,49.2561,2
6.5818,73.6656,1.0293,3
9.3989,78.2183,83.1000,3
19.3152,65.5205,54.7185,2
7.5019,63.5878,1.0970,3
41.8987,79.8507,28.3712,2
16.8049,35.2098,95.2763,2
43.0605,87.0189,46.6213,3
41.5185,67.3251,29.9462,2
24.3696,52.7271,35.1825,1
15.9034,51.8596,59.9292,2
13.8284,31.3477,69.0228,3
28.6852,48.1735,90.7902,3
25.7594,46.5389,21.6256,2
19.5427,41.8998,86.6809,2
45.1395,53.0064,26.0952,2
10.8657,77.2905,87.9087,3
23.5003,89.9919,24.7513,2
32.3921,26.4874,56.3124,3
33.7407,71.5504,77.8785,3
9.2635,42.2849,69.3064,3
31.6434,95.9562,78.4179,3
26.1941,62.6998,65.9699,2
5.4603,49.1370,12.1902,3
15.7748,86.3606,54.8472,2
43.7207,91.1054,80.5949,3
39.2934,33.2879,26.9293,3
36.6835,44.0839,37.5150,2
47.1358,76.4695,10.6635,3
37.4541,83.5030,91.3313,3
35.8306,27.6566,76.5276,3
34.5335,56.4907,76.0538,3
28.6303,94.5833,93.1596,3
15.1452,55.2466,19.8520,2
19.8823,37.8475,51.1918,2
5.0290,83.3121,15.8940,3
17.3355,33.9928,35.3953,1
8.4665,88.7126,41.4949,2
46.5899,23.7569,17.2596,3
42.6122,57.1049,5.9443,3
7.1006,91.5883,26.1707,2
23.4897,91.7607,66.7637,2
39.6702,57.7200,69.5249,3
31.2944,33.6231,57.2687,3
46.6513,47.6186,49.3879,3
23.7238,75.0903,62.7018,2
26.4676,23.7824,26.4536,2
19.1537,78.5993,39.6288,1
22.0237,55.6691,43.1984,1
37.2952,73.6247,76.2868,3
14.3336,79.3160,29.6198,1
5.0028,71.1667,1.1797,3
9.4097,23.2905,60.6363,3
14.3549,84.7333,35.6307,1
20.0830,61.1834,77.5040,2
36.3379,36.5235,76.3508,3
27.8064,98.9924,51.6809,2
17.8781,80.8913,2.9291,2
37.6084,63.4544,17.5649,2
6.0847,23.7265,8.1787,3
26.9476,76.6069,13.3803,2
12.1536,85.1220,22.7923,2
42.2556,27.6036,83.6928,3
37.9663,31.8134,33.7943,2
19.9901,30.7075,37.7118,1
35.5026,78.4439,20.2904,2
37.4803,41.3329,4.2504,3
13.7585,47.3790,3.5908,2
9.2886,48.4998,92.4587,3
33.6111,94.7502,3.7236,3
44.0644,30.8558,23.6944,3
9.5142,52.8958,20.2452,2
38.2709,80.3941,29.0488,2
40.9905,33.0923,4.0253,3
12.4268,39.6621,5.0328,3
9.9404,44.2162,85.2447,3
43.4963,99.4860,9.8007,3
5.0829,65.2489,60.3245,3
15.6279,83.7633,95.5953,2
19.9259,95.6668,10.4274,2
26.4038,35.7735,58.4432,2
8.2009,60.3490,17.3172,2
23.7853,75.0442,33.3785,1
29.3201,97.7196,87.5317,3
49.8635,34.1633,49.4133,3
40.2908,94.3202,24.0892,3
49.4491,55.3080,77.2105,3
28.3273,43.8082,10.8900,2
12.2833,71.7916,55.3868,2
24.4741,70.0875,50.7390,2
11.3593,40.9239,43.1791,2
22.9024,92.2020,94.1915,2
29.0324,41.2520,79.8871,3
13.1826,59.3733,99.4245,2
44.3645,94.3667,9.7877,3
25.7966,81.5283,15.6014,2
39.6034,47.3429,88.7212,3
23.7921,40.0214,91.6864,2
37.0756,57.0378,96.1029,3
32.1074,66.9635,36.1228,1
42.5622,66.8226,62.1648,3
47.1295,41.5940,79.0912,3
41.4845,25.0708,72.2334,3
42.3671,62.9093,11.1183,3
8.5518,21.8841,36.6108,2
32.9547,65.6098,50.9776,2
23.7763,74.4696,88.3241,2
42.1918,77.2032,29.2327,2
47.3203,88.8978,94.7774,3
32.8575,46.6381,45.2155,2
19.7315,48.0745,42.5574,1
47.0752,59.7976,40.4373,2
33.7718,42.9075,0.8806,3
37.8452,46.5962,23.7483,3
29.0762,32.8879,27.7972,2
28.0535,97.9511,24.3920,2
26.0166,62.2413,71.2908,2
28.4901,78.6722,86.4210,3
17.7253,86.8529,26.2730,2
41.4207,70.9323,56.8534,3
25.8770,63.6340,23.4579,1
27.4130,68.6805,38.1566,1
22.1827,47.7936,81.7902,2
22.2999,66.4261,97.2212,2
6.3542,37.5922,92.5226,3
37.2517,50.1167,8.9769,3
28.1271,82.7096,42.2890,2
42.9791,43.2390,49.5161,3
9.0583,62.0457,86.1056,2
11.8491,68.7654,31.4259,1
20.9037,20.6866,53.2992,2
49.3398,31.7491,23.4254,3
15.1835,64.9705,18.9908,1
47.8245,75.7059,62.5296,3
5.1788,57.6465,80.9435,3
27.8147,79.0623,68.2058,2
46.8261,49.3316,82.5367,3
16.7194,64.6025,61.7944,2
24.9223,28.1892,43.4202,2
13.8643,58.9851,2.0624,2
26.7537,50.1863,1.3509,2
33.0241,45.0403,58.2374,3
44.8663,89.1528,50.3570,3
26.2067,62.6646,39.0322,1
18.2793,32.6107,91.5090,2
7.7739,47.6091,16.6440,2
7.7240,33.8201,45.5965,2
30.1526,91.5492,68.3839,3
41.0883,64.2642,20.1266,2
43.2435,57.9612,77.1249,3
5.2858,55.6511,33.8881,2
18.3741,73.9877,82.4543,2
43.8781,84.0585,81.1663,3
42.5788,75.4853,75.9912,3
14.9522,96.5798,50.3144,2
16.8241,56.3636,82.3265,2
36.1620,32.2084,43.8647,2
38.9809,75.5181,18.9573,3
38.4290,73.9874,24.4375,2
18.8410,53.5524,67.3728,2
47.8148,99.5794,68.9244,3
23.5598,25.4766,59.2987,2
26.6777,73.6576,96.4469,2
12.5063,49.6496,57.6151,2
20.7821,34.0840,59.8547,2
6.7722,50.1635,97.2696,3
26.5193,28.1271,83.4289,3
13.0567,40.0665,96.2438,3
39.8796,45.7526,64.7269,3
26.9495,91.3997,56.0294,2
34.7365,31.9310,24.9864,3
6.1944,67.0596,56.2518,2
18.8517,38.5707,45.3033,2
9.6702,88.2364,83.1881,3
31.8266,92.1264,61.3486,3
27.0912,67.9984,8.5437,2
14.7870,64.6656,11.2245,2
41.4317,33.6179,41.8450,2
26.8055,32.6344,24.2166,2
26.7976,28.5430,18.7167,2
6.0437,60.5159,82.2281,3
41.4866,48.3917,68.7443,3
49.5459,53.8725,91.3829,3
40.0345,34.1469,44.4234,3
46.8858,33.4044,5.7636,3
17.0269,20.3884,12.7100,2
24.1822,81.1549,21.3721,2
43.2346,99.0318,46.4179,3
49.6460,66.2251,6.0226,3
9.9756,61.0351,92.1814,2
9.4316,65.7372,81.1002,2
49.2392,92.6401,10.6044,3
8.4561,36.4211,27.9889,2
43.9612,71.6170,94.2224,3
23.8482,52.8101,27.9614,1
24.6883,83.2734,69.6699,2
40.5379,86.4556,0.4291,3
15.6779,72.3402,44.6218,1
10.2854,25.1833,94.3350,3
43.1802,45.5237,63.9293,3
11.6040,30.7978,33.3638,2
17.6558,98.3507,2.4358,2
29.6281,88.3298,2.5906,3
29.9177,50.3995,21.5896,2
15.5915,85.1556,46.4453,2
7.0647,52.7062,81.6724,3
36.0120,96.3963,77.3089,3
12.6927,25.3462,46.2557,2
25.0165,63.8160,67.1651,2
16.4445,99.0655,49.4764,2
37.1736,52.6720,68.4422,3
49.2528,32.2870,43.5926,3
36.3661,88.5484,63.7188,3
15.4078,71.6125,62.2734,2
6.9640,68.5515,53.2585,2
18.0261,39.1134,76.7887,2
7.9214,42.7604,70.1069,3
14.4143,29.4085,98.2895,3
30.4534,41.5012,15.3965,3
5.3198,79.9802,35.7496,2
13.7553,92.2825,69.6331,3
41.4685,72.4592,91.6711,3
20.5003,32.5128,0.6670,2
6.5218,88.3087,61.4858,3
7.0502,28.5381,69.6511,3
22.3200,81.9525,93.6557,2
39.0200,34.5261,64.9670,3
31.7904,87.8333,20.0285,2
37.3514,67.9827,47.7569,2
18.0988,22.0826,80.5601,2
9.8343,50.1896,49.6155,2
19.8374,72.9962,32.8487,1
28.2341,27.6154,43.4495,2
31.2350,88.9460,18.1592,3
20.2386,40.7433,15.2665,2
22.3528,92.6670,37.2938,1
17.2474,96.6434,71.5474,2
21.6354,79.9455,63.8545,2
43.4678,28.8807,53.9859,3
36.5956,99.8140,60.1739,3
11.3310,97.7232,45.8771,2
26.9690,40.2517,81.3629,3
28.8185,97.9121,51.9028,3
13.1250,81.6245,14.7701,2
17.7507,95.1589,97.6366,2
39.9499,36.5518,74.1921,3
31.7324,55.7392,44.6135,2
25.3873,45.7886,53.8033,2
6.6442,87.8793,89.7041,3
22.5868,95.8855,77.6145,2
43.1547,91.3023,34.0318,2
41.5722,31.6103,97.7036,3
31.7875,75.5314,30.6406,1
6.4340,33.0476,14.2072,3
24.9095,43.4029,94.4383,2
42.8686,63.1881,85.2382,3
31.3285,93.6016,74.5145,3
38.0834,41.9918,79.4465,3
39.7564,26.4754,5.7893,3
44.6563,98.3084,60.4636,3
12.6858,53.6951,2.1049,2
41.9777,28.2528,33.5151,2
30.3217,75.8449,90.7076,3
23.9816,35.2823,10.8898,2
34.6347,30.3046,65.8228,3
25.5306,53.3220,26.0916,1
45.5792,77.2950,52.4676,3
24.0702,48.8357,39.9164,1
43.4138,53.7132,0.4401,3
46.5460,67.4285,16.5678,3
10.6964,50.1264,61.2235,3
47.2627,24.3562,35.2776,2
16.5727,53.6951,79.2096,2
12.1347,94.7979,25.6441,2
38.8720,71.1578,54.7780,3
42.9747,68.5723,78.2466,3
31.5119,77.6372,4.7489,3
34.0299,91.1197,65.0338,3
41.8158,99.2777,15.6251,3
36.0100,91.7794,2.8746,3
12.8145,39.9721,88.0281,3
48.9754,93.0806,47.4004,3
35.0445,28.3164,97.9080,3
47.4820,67.7052,14.3128,3
47.6348,91.6634,99.0681,3
27.8534,47.8540,37.7157,1
27.3698,92.9831,12.8689,2
34.1837,93.2142,27.3772,2
28.6348,83.5570,51.4750,2
28.7363,81.3294,16.4705,2
37.1712,93.1086,10.1899,3
7.7088,26.9989,73.5400,3
22.6048,57.1592,72.8358,2
28.5393,68.0101,85.0638,2
25.3067,89.9858,52.3197,2
23.0838,40.8843,73.0311,2
32.9873,84.6550,54.6704,3
44.0079,42.9956,73.0505,3
22.6995,29.1133,52.8313,2
15.4100,24.9392,36.3212,1
48.9893,91.5282,97.9801,3
6.2858,32.2287,23.5100,3
38.1536,98.2491,40.6381,2
31.2614,27.0756,62.9216,3
45.5000,72.7390,65.3327,3
26.9364,55.9981,36.9823,1
41.9089,71.5777,29.9621,2
28.3046,29.2563,4.5764,3
11.1319,89.4051,25.7223,2
48.3392,47.0631,40.9705,2
41.5420,37.9155,90.9403,3
34.4045,24.9700,95.6619,3
17.9367,38.5569,89.8232,2
19.6428,77.8133,3.4157,2
46.4470,52.7371,17.8604,3
49.1560,79.3419,79.3461,3
27.5371,75.0788,29.0879,1
28.3142,50.4488,42.5120,2
5.1928,84.8679,21.7947,3
26.3103,72.7153,3.4443,2
20.4093,41.1060,13.2855,2
41.6039,63.3302,45.6266,2
10.9618,61.1278,26.7392,1
10.6964,62.1463,68.1785,2
7.5548,24.4967,73.8583,3
14.3040,32.2910,96.2140,3
13.0999,74.7685,81.4984,2
19.7962,57.0461,55.4163,2
14.0260,43.6803,96.3083,2
17.3100,84.9854,53.5130,2
34.0576,56.5801,58.8293,3
29.3045,58.5524,80.2841,2
44.6096,40.4442,13.5855,3
41.5048,36.9517,86.6227,3
9.6171,27.2803,18.1649,3
5.5331,79.8109,39.7150,2
47.5384,49.2255,70.2998,3
35.7407,45.9769,89.2647,3
22.9044,64.1104,39.8196,1
24.5904,24.3753,31.0201,1
47.6750,86.5152,88.0173,3
37.0779,72.2598,89.8589,3
29.2038,93.2770,41.5193,2
31.8927,57.7340,1.9047,3
13.9532,94.2289,59.8100,3
7.0956,97.3781,92.8000,3
37.0396,42.6519,29.4977,2
43.9364,24.8478,23.7361,3
12.4880,77.3063,38.1758,1
46.2177,84.2331,98.4658,3
18.4550,57.9940,65.9813,2
48.8635,47.5719,32.6844,2
33.2041,73.2223,18.8947,2
25.4513,50.1894,42.1129,1
11.3208,71.8516,18.7524,2
6.1437,59.6790,3.8599,3
34.9737,67.5488,56.6736,3
9.2845,29.9094,66.5382,3
6.4493,29.2726,76.3769,3
12.5136,59.6591,9.8503,2
15.5785,90.3493,75.3203,2
13.4834,37.1647,47.3780,2
33.4532,66.5855,28.4654,2
47.6033,86.8120,65.1613,3
45.8580,43.5210,29.9772,2
18.9055,32.8323,13.9938,2
45.9168,88.6195,54.8905,3
34.7277,39.0805,2.2863,3
24.8714,73.5632,67.9861,2
32.1921,94.0298,20.9326,3
16.8630,26.3702,93.6417,2
25.4597,52.1348,98.5645,2
24.2486,46.7874,20.8683,2
24.7951,74.8526,91.4096,2
13.6067,75.3864,0.6631,2
41.0398,42.4116,3.9221,3
22.7408,91.4016,23.2831,2
17.9286,33.4215,98.1614,2
24.4715,95.8257,9.1868,2
25.1879,57.9441,25.5920,1
27.3798,48.0442,24.6572,2
21.4392,70.8143,46.8157,1
23.4172,88.2852,64.4923,2
33.6635,37.7852,75.0056,3
6.6598,37.0881,41.2805,2
45.0126,22.2433,44.4866,3
10.3918,38.4038,40.5359,2
9.4315,86.3591,8.2922,3
31.3403,33.0616,10.6522,3
25.8226,47.6335,4.5213,2
7.9208,43.9346,78.2834,3
43.3127,25.3086,17.1729,3
20.2591,72.0065,28.5164,1
14.9837,67.0618,68.1439,2
26.9374,73.4775,0.4101,2
19.7536,68.7591,65.0945,2
13.7502,46.5646,22.6368,2
45.4334,43.6840,88.1997,3
44.7636,62.0564,87.0820,3
8.4501,30.0931,40.6717,2
36.1305,97.6439,46.6861,3
5.3322,34.5203,43.8005,2
36.0492,66.9226,87.6107,3
16.9512,63.1997,14.4252,2
34.0359,80.9882,51.3416,3
25.1653,34.8692,93.4070,2
32.2776,85.2132,2.4252,3
16.3089,58.5914,53.6228,2
23.2237,46.9829,45.0371,2
21.4688,23.2039,69.2746,2
39.7084,44.8999,96.5925,3
49.4114,65.4854,79.4089,3
29.5490,40.8880,7.0024,3
20.4995,34.8298,92.2287,2
48.7057,62.5380,56.3200,3
46.8718,79.7963,16.1989,3
47.8381,65.7081,2.0662,3
13.8298,83.7465,12.7766,2
43.3085,82.9060,3.5257,3
19.8971,60.5502,7.6025,2
31.0826,98.4209,60.0140,3
27.2172,89.3479,96.3969,3
45.5535,22.9565,9.9628,3
32.6957,38.1359,52.1051,3
42.7329,95.0764,33.3604,2
43.1919,60.3202,65.8595,3
10.6445,25.0683,78.0403,3
31.9302,85.9109,11.5783,3
12.7345,25.0391,65.0127,3
32.7012,54.0443,13.5286,2
6.0732,40.7176,0.2806,3
47.6941,33.6159,26.5491,3
40.9358,99.5963,62.0548,3
16.3994,56.2332,5.9651,2
9.9056,76.7675,82.9487,3
17.1562,79.0715,64.0370,2
27.9351,43.1409,98.5223,3
16.1584,36.6940,10.9944,2
34.6547,92.0964,13.4161,3
9.6988,92.3539,66.0552,3
48.6060,76.8234,77.1705,3
25.7774,39.0650,56.9141,2
21.1196,57.5780,51.5685,2
6.1957,68.6833,35.8535,1
41.5447,24.5040,55.6190,3
21.2009,27.4637,41.3695,1
23.4172,80.2646,15.2020,2
42.3672,23.8325,51.5707,3
34.2052,21.1475,6.9130,3
17.3076,50.5162,34.6510,1
48.7090,33.3554,89.0736,3
47.5060,34.0474,75.8588,3
49.9185,39.8283,50.2736,3
39.1476,78.7822,83.3165,3
20.6708,29.6528,67.6422,2
20.2803,71.6852,47.3419,1
25.6373,90.5209,64.0459,2
33.1028,97.6681,26.9744,2
35.9831,48.4419,59.8921,3
41.7700,93.8228,42.7102,3
42.4441,46.8053,66.1027,3
44.4935,74.8338,70.5734,3
42.6932,40.1959,74.6896,3
33.6940,63.6710,97.5091,3
23.5631,38.7880,83.9266,2
13.3305,79.6219,92.8220,2
41.9712,70.6521,92.3153,3
27.0009,26.0538,73.4931,3
37.2580,89.2301,40.6099,2
11.5269,28.2136,34.5396,2
40.6834,61.7095,17.0436,3
15.8818,47.8729,48.0286,2
42.7750,99.3865,59.9258,3
22.5132,34.6703,51.1024,2
32.5904,46.1553,32.3923,2
42.2825,72.7971,45.0267,2
30.0972,60.3800,17.4375,2
44.1652,27.2800,21.3026,3
30.2773,56.8907,59.5349,3
46.3864,42.8798,15.0714,3
10.4580,24.7249,79.0755,3
25.5861,40.4641,67.4072,2
39.9813,94.9703,39.9437,2
36.0239,41.6503,86.5481,3
45.8913,70.4200,65.8949,3
34.6827,67.3250,43.8783,2
38.3145,98.1298,74.5804,3
18.9305,60.0349,59.7062,2
8.6996,59.3593,10.2457,2
27.9732,26.9586,36.1368,2
47.9518,20.5971,27.4270,3
21.7282,67.2019,96.5443,2
33.7887,91.5025,16.2602,3
17.9869,90.9648,0.5177,2
25.4200,56.2310,94.6255,2
25.2149,92.5064,58.5321,2
18.4988,31.8613,49.0201,2
5.7939,46.8168,52.3067,3
30.1230,55.5146,96.3970,3
11.6709,99.7995,69.1380,3
42.1247,70.7460,21.4932,2
38.7794,87.8552,75.1934,3
44.3275,25.0822,96.1952,3
47.2636,91.7594,63.7408,3
43.1008,68.3922,49.2209,2
46.8955,36.6034,85.1576,3
24.8246,43.3552,50.6195,2
33.6785,34.6188,75.1154,3
22.7584,76.2968,15.7146,2
7.5190,32.9247,18.0538,3
39.2690,59.4053,76.4024,3
38.6136,39.6208,91.0907,3
39.6079,26.8298,57.2346,3
23.5722,56.7581,36.7120,1
27.3330,48.4482,46.2843,2
29.5125,78.4480,15.1488,2
11.0082,59.8295,47.4985,2
30.3738,69.0706,27.4120,1
34.1480,59.6535,49.5890,2
31.7258,68.9697,61.6897,3
42.3774,59.9600,94.1037,3
47.5887,46.8291,88.1253,3
23.9424,97.9440,92.7403,2
24.7776,47.9558,68.6024,2
21.5401,72.8295,42.1338,1
27.5845,50.2975,79.6698,2
32.0618,74.6599,82.0927,3
40.8306,60.7621,25.4209,2
21.3530,64.1628,23.8762,1
40.1371,38.3489,33.5202,2
33.4733,75.8157,39.4642,1
39.0064,92.1581,16.4397,3
46.2154,63.0461,44.8833,2
40.8126,82.7261,68.2532,3
23.3827,41.3814,36.0360,1
30.7978,65.1180,92.3947,2
25.5501,73.3308,66.0046,2
37.9259,99.3167,80.2029,3
6.7843,84.9286,99.9892,3
6.7063,67.7749,59.9407,3
28.6211,90.0246,81.4322,3
12.7420,28.2400,16.6586,2
44.9025,27.8728,64.6173,3
35.7475,37.4496,22.9779,3
42.6072,53.6065,49.9473,3
22.8719,34.6554,43.9286,2
17.1194,44.0130,20.1717,2
33.1943,42.9485,16.5660,3
41.3791,66.0686,85.8886,3
40.1645,49.7455,56.1671,3
49.4148,48.6419,23.9504,3
12.3427,95.1941,24.9580,2
46.7430,67.3464,59.0077,3
23.0100,51.6759,32.0765,1
37.8240,79.1005,53.1224,3
25.2021,70.8502,49.1408,2
42.0875,25.2120,90.2609,3
28.6024,60.7372,39.0977,1
28.9528,37.6262,49.7319,2
22.9201,43.5192,21.2194,2
43.7096,88.0140,48.5118,3
15.4158,56.0301,92.5641,2
40.0729,84.6048,70.2743,3
37.5805,31.9702,34.6847,2
42.4383,34.1819,7.5160,3
43.0884,82.4603,15.8131,3
28.7654,23.3360,14.8520,3
16.5769,76.3205,30.4940,1
41.4716,21.8835,0.4325,3
18.4908,78.4759,95.1540,2
19.1949,64.5530,4.1349,2
5.0568,21.2607,9.7327,3
44.3457,71.3114,89.8312,3
42.5704,81.2074,35.3704,2
11.0307,28.2691,2.5013,3
12.9999,21.5311,68.7804,3
22.4981,62.2525,47.8847,1
17.7544,29.1625,54.2295,2
43.8685,79.9762,93.1472,3
21.0190,87.6564,72.2566,2
47.4352,43.0211,80.3630,3
27.8671,54.9392,46.5755,2
24.4663,90.1653,94.4413,2
34.8346,35.4222,42.0511,2
21.0017,73.6788,7.0345,2
34.4358,57.3445,26.1044,2
7.8586,24.2382,89.2179,3
30.9527,64.1264,1.7502,2
39.6947,36.8502,38.3404,2
34.0972,30.7623,79.6694,3
42.5879,61.5595,36.5417,2
16.3353,77.9170,34.0563,1
41.4286,78.5955,35.2929,2
15.2998,48.6193,34.2295,1
48.0495,70.1853,65.7557,3
17.7602,49.1430,46.6165,2
48.9521,73.4065,15.4053,3
49.5926,41.5436,62.1729,3
44.3823,69.2608,92.5921,3
43.1643,22.8005,68.6815,3
37.4383,49.7441,90.9531,3
41.0414,49.3657,22.3083,3
14.5662,37.6431,58.9223,2
33.9245,31.9100,54.8530,3
16.2628,92.8327,85.6306,2
10.2031,40.1829,94.4518,3
18.4543,85.2661,5.0464,2
22.4508,69.1836,39.9545,1
40.5793,98.3936,51.3532,3
25.8634,76.3609,75.3705,2
7.6909,55.0071,49.9744,2
18.8338,80.7270,88.6979,2
43.0401,70.7025,79.4202,3
15.4682,22.0544,51.3455,2
23.4495,90.5371,78.9105,2
22.1833,21.3946,27.4875,2
21.2198,74.0669,90.3277,2
14.9429,82.8729,72.8577,2
20.8919,21.2935,3.2704,2
32.8660,87.7698,63.1963,3
39.8155,60.2293,26.2862,2
6.7892,85.3876,47.4231,2
44.4411,49.6151,27.5979,2
35.0172,68.3477,70.4241,3
9.0986,26.6682,57.0925,3
29.6723,27.4337,43.0190,2
33.5123,63.3622,18.6504,2
46.7516,22.7490,27.2576,3
8.0395,42.6696,68.5299,3
6.0714,23.1011,20.5857,3
6.2457,51.2045,23.0148,2
19.4968,86.9771,43.2200,1
5.6772,63.7452,10.9384,2
7.6703,46.1851,27.2106,2
10.0261,43.8746,48.4063,2
16.3014,22.5839,89.2600,2
34.3132,76.5322,40.8091,2
30.8003,76.2386,35.6693,1
42.4076,81.7892,28.7084,2
19.9758,34.7137,50.2620,2
41.5094,65.1212,35.4684,2
23.4606,75.4068,51.4267,2
29.8723,68.7741,73.8543,2
33.1546,74.7462,66.6127,3
46.6909,78.9159,54.6562,3
45.4081,92.0318,35.1515,2
41.2386,98.5975,20.6845,3
22.8634,53.2361,61.0574,2
48.3202,44.4487,75.3741,3
40.0353,75.6931,58.8274,3
30.7274,42.5642,13.7250,3
20.0327,38.3672,65.2624,2
43.3912,32.6954,65.9468,3
10.4842,50.4078,17.3184,2
18.4794,88.6860,41.9739,1
9.8870,35.9160,84.3645,3
23.4572,94.8783,56.1225,2
27.8186,56.4941,77.3456,2
42.6067,30.1639,40.8415,2
17.7246,91.9506,73.4709,2
18.1547,52.6698,41.9207,1
46.9316,57.8947,1.8428,3
37.8538,27.7235,63.0740,3
28.1075,81.0167,55.0144,2
12.8855,91.5169,90.3328,3
23.9308,68.7535,55.2422,2
29.0407,27.2160,49.3981,2
15.1317,83.8278,84.8800,2
5.8409,78.9388,11.4847,3
5.4433,21.0944,46.6007,3
41.6351,44.9123,92.4629,3
23.9510,35.0924,45.9078,2
33.2132,60.4565,44.0666,2
13.4805,75.9472,35.0397,1
48.6760,52.0507,22.1558,3
43.6841,36.6950,16.8115,3
37.3331,43.8520,41.7349,2
25.2974,82.6840,57.4294,2
38.3624,98.9995,71.0964,3
17.5484,81.3559,84.9922,2
24.3858,72.7629,49.0396,2
10.7398,78.3044,44.3647,2
20.5885,57.4189,58.2050,2
39.0591,92.6954,68.4253,3
49.7432,32.5990,15.4336,3
40.5695,70.6811,86.2115,3
35.5525,21.0077,67.2696,3
14.5244,55.7551,69.1512,2
34.5330,50.6031,71.3067,3
47.4870,38.4618,11.9436,3
11.0758,56.6089,29.8239,1
26.0364,26.7474,24.6932,2
20.6224,94.7074,29.7038,1
7.1691,44.8825,93.6883,3
24.2257,85.4855,26.7262,1
11.1100,59.7325,70.1760,2
43.0342,39.2831,98.6652,3
27.0158,60.1830,85.8545,2
23.3288,80.5904,56.7653,2
11.0933,22.6347,93.4203,3
43.9921,98.6838,67.4187,3
34.0577,36.6827,64.2300,3
26.9783,50.1867,68.2453,2
8.8247,60.3111,75.8114,2
42.3491,59.2012,35.2585,2
30.7567,30.2599,9.1479,3
41.8612,30.1201,41.7268,2
23.5286,98.6451,70.5180,2
39.4944,73.5932,27.2516,2
21.2506,34.6594,54.2137,2
8.5060,92.3093,19.6449,3
14.6075,58.7662,31.9778,1
12.4944,98.8528,27.9646,2
38.2786,78.0865,24.4578,2
17.4960,62.7746,86.1029,2
38.2791,44.2441,4.3190,3
32.3332,58.0587,34.3892,1
34.0795,96.1349,90.3492,3
34.9551,96.7427,39.5623,2
9.5475,56.1814,66.0391,3
41.0639,95.0394,51.7152,3
21.7879,42.5332,60.6849,2
36.1744,70.5920,19.5135,2
25.0792,25.9420,52.0385,2
14.6390,91.1339,80.8220,2
37.9154,28.9929,44.6799,3
13.1093,23.5020,40.2469,1
19.1179,93.4571,92.6070,2
47.0672,21.1466,51.8887,3
5.8207,68.3578,50.8419,2
24.3671,24.2094,10.4870,2
19.0865,39.3607,17.8833,2
43.3078,22.2789,21.7875,3
46.2665,89.7366,35.5242,2
41.1986,32.1787,64.0426,3
44.7433,57.7574,16.6880,3
31.0460,79.8539,86.5621,3
22.0610,42.7263,68.5576,2
16.2438,39.4221,18.2365,2
21.5371,55.1400,72.4860,2
9.8485,54.0761,65.7838,3
29.5228,83.0371,89.2317,3
14.5734,92.6916,88.5366,2
21.3729,85.0656,51.5229,2
41.4877,79.8414,96.2403,3
14.9497,78.8853,1.3896,2
46.4785,35.9128,37.3432,2
42.9386,58.2122,66.3780,3
21.2649,64.4326,84.5456,2
45.1637,56.5037,72.0148,3
26.0249,95.1718,72.7560,3
24.4077,59.8492,18.3130,2
47.3452,40.4044,18.1353,3
25.3453,78.0929,68.2706,2
16.4559,41.1960,23.5637,2
32.1453,96.5681,88.9412,3
27.7028,50.2268,39.5733,1
41.2797,72.0476,4.1264,3
8.4040,58.5084,53.2322,2
48.2274,31.2858,80.7686,3
45.2973,50.2101,16.1801,3
16.0841,73.0227,6.9790,2
44.8519,80.5289,79.4450,3
38.3146,30.2960,73.0892,3
31.9635,24.0772,28.4637,2
24.0395,63.4326,18.0528,2
28.7252,96.6080,35.4624,2
11.8164,57.4975,45.0581,2
46.2737,56.9885,24.3327,2
15.1017,22.7641,74.1390,2
17.0517,83.0359,55.0323,2
37.0241,36.2545,15.4999,3
23.8169,48.5426,50.6146,2
38.6734,92.7079,59.4310,3
15.1638,43.6330,90.5653,2
14.4337,27.5941,92.1161,3
6.1999,79.9126,14.5606,3
34.9867,34.9150,89.7149,3
7.2440,44.3596,78.3036,3
30.5292,53.7499,43.5538,2
27.6043,99.5899,67.3650,3
26.9177,45.7480,50.3803,2
46.5177,37.5178,34.5479,2
7.9248,70.3385,76.7017,3
33.4412,84.9469,77.0749,3
48.7610,56.1952,8.4070,3
29.0928,81.6810,40.6953,1
25.2155,78.9886,1.6840,2
34.5777,76.5768,97.0670,3
37.8477,30.4710,49.8303,3
23.2675,52.0745,78.5091,2
31.1497,78.4700,74.5797,3
35.9752,80.6216,21.8561,2
9.4420,32.9007,80.8751,3
48.0228,94.9462,1.2836,3
49.7782,90.9224,19.8849,3
30.0831,98.7689,47.0993,2
47.9049,63.5050,34.4363,2
12.2238,28.3261,70.6686,3
19.7410,52.6186,93.7209,2
13.9931,49.8620,90.9565,2
47.3268,84.2201,38.3145,2
10.6456,83.1528,83.9038,3
37.1680,46.9913,65.2426,3
36.6022,90.9944,13.9154,3
16.8721,52.2959,81.1650,2
45.2166,42.2731,50.4144,3
32.3471,33.2374,79.2375,3
26.1906,91.5743,54.8345,2
42.4878,23.9271,43.8860,3
23.8613,35.5150,56.1638,2
38.7726,59.4653,83.1955,3
18.1841,43.8682,16.6829,2
40.2861,31.8397,14.9767,3
5.3163,51.0615,43.6904,2
25.3002,81.2936,41.4696,1
5.1918,68.7557,17.1229,2
6.1266,82.1899,24.5835,2
38.9880,71.3380,88.3311,3
21.1171,72.0062,56.8224,2
40.2255,46.3468,59.9490,3
29.3393,23.4867,3.4005,3
45.6351,71.2610,61.3128,3
38.4395,21.2525,23.2077,3
34.2556,77.4710,62.9617,3
23.4957,67.1095,69.9891,2
23.2878,65.1196,7.8985,2
12.6299,81.8059,38.0005,1
40.0116,73.9428,36.2608,2
39.6883,30.1087,16.0589,3
23.4119,72.4640,29.7765,1
19.5450,88.9374,89.9886,2
46.0642,21.7583,79.8410,3
39.2817,40.6517,22.6631,3
6.5685,85.7655,60.7529,3
5.7129,38.0208,83.0773,3
32.0954,88.4626,14.6705,3
47.8668,36.5946,30.3518,2
46.6738,45.0326,59.5196,3
20.4843,79.1748,31.1387,1
24.8579,26.7021,92.0942,2
45.7714,84.3358,87.3094,3
32.1233,26.8371,7.0591,3
40.3736,61.3667,27.7004,2
6.6860,98.7235,9.6696,3
21.3919,74.4160,62.3098,2
10.6870,69.6362,33.6401,1
12.6772,69.3657,90.0448,2
38.8186,32.9976,17.4118,3
26.1199,21.6904,2.0745,3
16.3361,28.5361,54.6718,2
6.9548,39.4824,5.8203,3
28.8708,48.2093,8.3029,3
20.9465,20.0519,82.5454,2
21.3677,73.2717,70.8764,2
29.9712,67.1074,42.8620,2
23.3351,44.4761,7.1238,2
20.7259,57.0013,13.3733,2
45.8620,20.6703,22.3784,3
35.5914,85.8776,47.3745,3
31.4874,41.8402,95.4335,3
33.9874,30.5173,73.6428,3
10.7497,52.2687,49.1217,2
37.5086,99.7062,37.1488,2
35.4081,73.7916,18.4189,2
33.9282,90.3535,55.5734,3
26.5899,71.8040,80.6848,2
15.1374,33.0483,65.1236,2
6.5563,86.0218,30.2074,2
9.9941,81.1738,22.2892,2
23.0642,53.1094,82.0232,2
16.8991,70.6559,99.8643,2
31.9709,31.2779,28.3264,2
29.0805,45.7841,51.6556,2
29.4450,78.8425,62.2948,3
36.4074,37.4645,42.3212,2
42.1308,80.1777,18.2039,3
7.8785,72.2534,44.4078,2
23.4713,22.0015,38.1655,1
13.0416,22.7482,39.8897,1
42.1167,91.3097,23.8183,3
17.3738,27.8855,90.9299,2
7.9346,94.9821,64.1447,3
40.3924,37.5988,60.7516,3
9.8959,72.6933,60.0360,3
42.0752,71.5931,97.1528,3
27.0649,64.1527,7.5852,2
9.8711,33.8801,11.8395,3
11.1788,40.8377,27.8448,2
36.3006,58.9146,92.7049,3
20.4321,25.0730,84.4188,2
42.9203,49.0631,7.0407,3
44.6394,94.6831,99.7168,3
22.5972,30.1705,37.7789,1
31.3505,23.4616,27.4215,2
47.3876,23.5349,15.0948,3
31.1461,96.6187,94.0318,3
16.5884,69.1008,96.5010,2
33.3356,37.7254,69.3643,3
28.0056,59.5023,48.8376,2
10.0637,83.1548,34.6956,1
13.3139,55.2687,64.3045,2
29.9049,85.5279,84.3312,3
32.9265,64.1366,56.6731,2
22.6898,57.5416,52.6712,2
41.0392,79.6693,19.5581,3
49.0022,97.2278,27.9221,2
49.9484,62.0086,22.6736,2
37.4224,23.8365,68.7636,3
42.5751,48.0437,33.4625,2
17.2590,52.5996,57.3438,2
39.2927,90.9293,54.8559,3
26.3745,49.9747,59.5348,2
11.5190,57.3565,50.8789,2
33.3182,25.4816,42.9680,2
39.2796,82.7233,54.3208,3
44.2350,80.3814,79.7294,3
40.6836,78.2877,85.6238,3
9.3595,60.3006,82.5438,2
9.9188,32.4156,40.1610,2
30.3826,77.9125,56.0827,3
14.7484,87.8318,26.4982,2
43.6111,59.6057,4.0477,3
26.5798,72.3245,87.9959,2
31.1959,99.3149,38.0741,2
16.0567,55.4689,65.8426,2
9.2742,27.2005,62.4297,3
22.2723,82.6578,26.3694,1
24.5049,61.2015,94.2350,2
5.3304,37.3595,9.2030,3
49.6092,30.5768,82.3196,3
28.4028,82.5948,30.1711,1
26.3959,98.2305,9.5200,2
32.9295,96.6662,12.6674,3
42.8017,42.0896,20.0662,3
12.4921,78.8501,3.5802,2
23.9231,75.7549,13.9629,2
15.0836,32.1982,2.6106,2
25.5428,59.7405,94.5700,2
37.7634,97.6123,75.6907,3
49.0443,39.8563,16.7598,3
22.6088,59.3422,82.4659,2
29.3652,96.1977,28.8524,2
31.0512,72.1323,15.5867,2
40.3481,71.1520,19.1910,3
23.6081,71.2603,73.3394,2
23.7816,77.7990,26.0676,1
18.7251,20.9415,48.7558,2
13.4751,68.1640,96.5657,2
49.9843,49.9524,73.3626,3
48.2318,61.8737,33.3931,2
12.0104,34.0851,85.4090,3
16.6548,41.6532,74.6661,2
42.6563,36.6754,68.8628,3
25.0968,42.1394,52.0235,2
39.9870,27.9593,7.1124,3
46.0280,97.0725,52.8563,3
11.4627,26.2847,15.5997,3
17.7183,74.7086,11.0245,2
11.1622,77.0426,25.7405,2
14.7225,66.6117,7.8788,2
33.3098,21.5379,23.3027,3
25.2724,70.4754,20.3847,1
44.5639,93.5220,48.0724,3
17.2585,28.8387,93.8694,2
11.0108,43.8952,32.8959,1
17.0761,20.1645,20.7101,2
38.6829,36.4322,76.4074,3
23.7151,26.4816,82.6979,2
33.5818,68.9701,15.0222,2
33.0508,83.7240,99.6373,3
35.1878,54.5743,81.8875,3
7.2671,53.5429,73.2202,3
21.1749,24.7134,11.0940,2
12.5235,86.5022,72.0833,3
39.3740,92.7464,30.2605,2
38.4384,49.1663,78.5686,3
36.3152,99.1839,75.7070,3
5.2657,75.9848,10.1643,3
29.5743,32.5857,49.4728,2
40.6681,43.1288,15.2686,3
19.1523,33.8923,18.3562,2
36.3751,76.3459,52.9141,3
16.3500,62.3720,94.8543,2
22.2662,53.8852,49.4263,2
13.0285,39.5771,69.0943,3
12.2709,68.3609,38.5890,1
18.7827,63.9800,22.5685,1
18.9350,61.9629,65.7293,2
42.6358,85.9727,49.7739,3
8.3398,35.0449,0.0469,3
13.3520,22.4589,71.4735,3
29.5770,22.8585,61.7646,3
41.6368,22.2828,12.7050,3
26.2042,23.3845,2.1277,3
31.2088,65.0062,80.6651,2
8.5055,91.7755,1.8632,3
18.5612,23.8937,24.4262,2
41.6826,30.0111,20.1880,3
32.5116,21.7330,60.2421,3
45.2469,25.5645,0.5905,3
23.2678,87.9248,93.5193,2
41.0526,71.9466,42.6556,2
40.5038,80.5354,18.3624,3
37.2100,83.4063,90.0876,3
37.8328,78.5914,90.1616,3
13.7423,64.0028,89.3499,2
33.4242,94.5074,5.0428,3
14.6281,37.7076,7.8530,2
33.0226,52.1163,24.2468,2
37.7481,74.0937,3.9216,3
24.7776,77.6178,10.3370,2
40.7728,69.2841,71.8130,3
16.2681,79.8160,17.3696,2
43.7154,36.4797,26.8227,3
35.1885,46.6838,30.9050,2
7.8147,85.6084,45.9362,2
22.6873,39.6429,55.5224,2
30.1811,20.1882,8.5603,3
32.5816,42.7177,98.3809,3
16.1861,32.1639,4.4639,2
35.8934,43.2495,27.3967,2
9.9696,24.1978,23.0361,2
22.8478,72.9650,10.1197,2
21.4775,99.3931,68.1123,2
49.9637,26.3527,40.4875,2
15.3603,95.3250,90.5287,2
30.6057,44.5703,54.4856,3
44.2005,65.9094,76.5264,3
35.9494,27.8028,75.7870,3
14.3866,89.6438,30.9650,1
30.3916,42.8595,0.8529,3
40.1061,77.1894,92.3648,3
30.7627,35.0518,17.0837,3
22.5184,46.4526,40.8017,1
15.1232,99.0917,8.5707,2
38.2622,65.4107,55.5617,3
32.6001,92.3237,67.5151,3
17.1891,41.5397,82.8109,2
26.5133,76.3898,37.5915,1
38.2183,53.9281,49.3154,3
46.7796,59.5897,22.4827,2
28.9142,20.6834,27.8942,2
32.1868,25.6758,45.5395,2
31.9483,38.1203,21.7821,2
35.0958,97.9357,30.7345,2
14.3473,98.7214,83.4655,3
47.1197,23.6878,93.3605,3
42.7248,43.9747,62.4220,3
12.7474,53.4168,60.2445,2
9.9643,97.3191,92.9158,3
44.0317,30.2844,66.9159,3
45.0693,31.0100,64.7298,3
14.1881,75.1880,64.7521,2
44.2225,58.8575,75.8865,3
13.6321,71.4101,87.6837,2
37.5346,90.2871,62.9786,3
29.8134,93.2035,32.3404,2
38.6760,75.4440,81.4258,3
27.3934,59.4883,3.4187,2
46.9130,50.9850,55.2021,3
13.9200,69.2968,34.6114,1
31.3275,78.8270,60.9990,3
6.3783,84.4863,56.0868,3
15.7279,45.8931,81.1039,2
47.1328,85.0771,88.6255,3
27.0445,53.3410,81.8829,2
22.7558,76.4686,61.3047,2
11.8796,44.6936,21.2469,2
10.6465,53.6143,19.8413,2
8.2155,36.5565,61.8890,3
41.3793,57.0337,60.9337,3
34.2705,72.1156,98.6859,3
32.4036,63.6990,86.6736,3
32.9426,56.6512,74.2418,3
15.0905,73.8040,76.7225,2
33.7354,35.0189,51.5004,3
41.4474,52.2193,92.7771,3
7.1669,73.2051,23.2861,2
34.1923,95.9476,57.4981,3
24.6610,88.6924,46.3604,2
30.3910,44.5663,54.9338,3
37.2113,60.7435,21.0843,2
5.8840,37.4392,85.0258,3
48.1659,64.9939,82.9073,3
7.1141,88.2872,28.7200,2
12.8955,42.1667,49.8018,2
31.4400,20.5568,34.3005,2
36.7010,80.0249,23.4382,2
16.0913,74.3733,60.9575,2
27.3725,63.7228,49.9455,2
23.3246,83.0300,88.8585,2
33.7930,41.5795,97.4427,3
8.9700,96.1648,55.5996,3
36.9572,53.8838,35.7088,2
15.0486,28.9792,31.2774,1
16.4532,62.6961,85.7236,2
8.7618,79.7587,26.7551,2
33.8489,70.1809,73.7504,3
5.6857,20.1103,16.8735,3
49.1171,47.3340,62.5253,3
18.8603,59.0261,43.7897,1
13.4625,48.6582,19.0642,2
17.5855,53.3829,79.5544,2
13.8390,35.6594,24.7360,2
40.5203,39.7850,81.9453,3
19.5198,44.2335,37.8277,1
25.1657,53.5823,39.4370,1
49.8996,75.4495,88.1621,3
45.2133,54.1550,77.5206,3
26.1841,67.5746,73.4508,2
31.1813,60.5796,1.1841,2
48.6394,23.0387,12.0295,3
6.9113,70.0962,30.2633,1
45.2199,67.4157,78.1527,3
11.5348,52.8501,62.4446,2
13.4501,50.5609,75.4459,2
35.6986,92.1522,55.8195,3
14.3086,90.2989,96.2025,2
26.8524,26.7578,25.2902,2
38.8470,20.0184,29.4764,2
21.6046,83.0718,43.7047,1
28.6497,73.7279,78.4927,2
20.2142,33.7468,18.1978,2
12.2067,29.1555,44.0895,2
13.2402,82.6012,0.0057,2
47.9085,21.0577,32.5334,2
38.9326,89.7651,8.7223,3
41.0487,80.1209,45.9872,3
33.2109,49.3725,31.1828,2
6.4868,20.5468,52.6159,3
5.5215,29.8273,9.6522,3
33.4889,73.5160,75.4314,3
48.7936,98.3909,20.7578,3
20.8274,64.9202,4.4194,2
13.6592,88.2863,40.8152,1
26.8079,78.9225,80.8736,2
43.9208,91.5899,29.4533,2
34.2072,28.8983,96.8892,3
17.0437,51.2302,93.0682,2
33.3568,43.0636,8.6269,3
26.9917,67.2575,66.8395,2
12.4102,76.4736,36.2587,1
47.4805,72.2760,91.8071,3
6.3559,92.2696,87.7870,3
27.9855,98.1127,74.9220,3
49.7778,80.5070,91.5188,3
13.8716,35.7591,50.7738,2
37.8172,41.1999,41.6945,2
12.7587,94.0422,74.4415,3
6.7270,21.7999,99.3796,3
22.8238,68.1827,94.7849,2
48.0114,27.6748,63.5443,3
49.6773,34.3724,66.2825,3
39.8301,26.0451,38.7023,2
14.2381,24.5422,9.9299,2
20.3799,66.3335,95.3620,2
47.1053,89.7915,77.1437,3
6.8312,52.4505,77.9353,3
48.5371,56.9796,70.1276,3
49.7900,69.8408,77.8786,3
48.4841,76.8068,13.1901,3
49.0600,84.3175,26.4589,2
49.4295,26.3715,93.9851,3
42.8502,41.9965,86.0414,3
7.7184,96.1775,60.4830,3
28.4491,99.2833,2.6361,3
28.0595,78.8175,11.2266,2
5.6734,69.2171,33.8026,1
26.6812,69.7841,38.6177,1
14.6548,39.0865,18.7373,2
37.2197,30.7434,97.2181,3
5.2151,44.2888,80.2692,3
9.0543,67.0383,29.0638,1
48.4441,37.5185,7.0969,3
32.6184,50.0832,90.3897,3
46.1740,83.6042,12.8647,3
34.6129,27.3753,2.5241,3
13.8733,59.5561,45.1096,1
39.9202,61.8726,26.4225,2
11.2871,65.5769,67.4842,2
14.5815,70.5465,86.0212,2
15.8989,85.5549,95.0374,2
47.1423,31.2954,4.8941,3
37.6960,50.5637,17.7733,3
25.1184,63.4148,16.1769,2
6.7034,82.5444,45.6097,2
15.9969,96.4156,75.9056,2
23.1194,41.8281,72.9207,2
37.5958,90.7194,1.3131,3
33.3327,42.5398,97.4619,3
6.1169,58.9955,71.0808,3
38.8069,70.6460,47.2122,2
45.9244,66.1409,52.1207,3
43.5702,55.4559,60.7884,3
19.8057,36.9738,46.0338,2
20.1213,23.0187,48.6696,2
34.5306,24.1603,56.7318,3
18.9516,23.2627,9.6887,2
37.2344,63.1309,95.5897,3
35.6713,97.0057,28.5123,2
31.2117,64.6909,52.3612,2
45.3836,62.2166,26.3638,2
36.5884,41.1879,8.3358,3
31.4888,30.9981,71.4216,3
24.7189,89.2959,40.4734,1
22.8287,54.3088,71.3725,2
11.9831,47.3044,26.7880,2
22.4581,92.9333,63.1323,2
27.6472,30.3207,57.6266,3
40.9431,48.8756,90.2876,3
20.8160,32.8365,82.7725,2
30.4515,61.3437,92.5690,2
42.1152,99.4189,69.1660,3
31.0824,63.1071,35.5992,1
13.1419,86.0102,0.6633,3
44.9536,40.9982,23.9400,3
5.3178,48.7998,8.8808,3
13.3044,75.0648,41.5332,1
5.4924,45.3506,0.6129,3
46.1833,88.8379,35.3279,2
15.8202,28.5535,70.5189,2
10.4197,73.5633,25.8353,2
37.8183,51.4591,13.6840,3
17.4821,75.2047,68.5091,2
31.8765,45.8598,63.5258,3
6.8994,68.3417,78.1283,3
11.2195,85.3186,90.5006,3
48.1560,22.4031,89.5627,3
7.8550,50.3539,54.8379,3
14.9771,47.5662,90.8070,2
12.8786,63.1035,82.6984,2
15.8497,94.8059,98.0110,2
16.9738,57.8402,1.1223,2
48.2342,30.9837,42.7806,3
35.2703,72.0439,65.2558,3
5.7703,78.7346,74.6006,3
29.5414,78.5093,0.0597,3
12.4797,25.9395,31.2880,1
14.1622,34.8863,41.9571,1
33.0632,63.4733,83.6913,3
22.7211,52.6203,1.0712,2
39.2095,68.1799,12.5803,3
13.6243,33.6922,40.7530,1
6.7103,82.2931,31.8146,2
46.3413,41.7293,36.6354,2
46.4440,33.4770,84.5671,3
11.8153,59.6358,87.3990,2
12.1890,22.9956,23.9378,2
16.7957,52.5674,74.3786,2
7.1571,65.7502,72.5265,3
41.3233,97.3260,82.5363,3
9.6439,34.0621,72.0573,3
14.5283,39.7609,84.9172,2
25.7724,51.7485,46.9322,2
16.5508,27.0024,97.7197,2
18.1376,60.9642,5.8657,2
11.7140,28.1717,5.1132,3
34.2941,21.3536,45.6870,3
34.9241,49.0482,15.0187,3
15.0523,32.2893,29.5391,1
21.0316,51.7321,22.3086,2
15.5391,71.1512,2.3053,2
24.8653,94.3349,76.1436,2
19.9807,63.8804,98.1934,2
37.2346,67.1705,55.9250,3
45.2414,35.5831,57.8682,3
20.7575,57.4545,3.9916,2
40.6947,34.7432,56.2704,3
46.5495,40.5968,32.7732,2
23.2751,63.5185,23.0112,1
38.2295,70.3763,9.3229,3
27.9329,48.7842,35.0625,1
49.2389,52.4382,2.3981,3
20.9719,67.9659,52.7781,2
8.4688,33.4548,76.9365,3
5.3258,38.4426,98.0718,3
34.5038,39.6422,19.4012,3
23.7434,71.6454,17.1044,2
38.6575,23.3545,19.3996,3
31.5624,76.4949,67.2214,3
16.7816,50.8398,3.7631,2
5.0212,53.3187,54.3354,3
41.9506,97.0133,59.9146,3
41.7449,30.4381,81.6664,3
16.4027,52.7805,2.1325,2
26.0620,72.1037,25.2057,1
41.3903,94.0956,57.0679,3
15.9826,76.4218,29.4606,1
12.3256,42.8153,43.9010,2
15.1559,46.9812,39.5621,1
38.9236,88.6116,82.4901,3
13.6949,84.7804,64.0535,2
15.7009,50.0804,34.5497,1
24.5816,87.5875,41.1607,1
7.4599,78.9866,78.7025,3
30.7526,58.0102,77.2104,3
5.9936,66.7359,95.1938,3
40.7433,42.0417,91.7684,3
14.1109,63.7549,62.4994,2
6.5317,30.1795,54.4345,3
13.1406,53.5319,70.5801,2
33.1414,89.9395,92.1172,3
46.6969,51.3913,12.1922,3
35.0221,93.5206,76.9264,3
36.3661,84.2077,40.9815,2
27.5793,35.9905,67.1543,3
20.6590,41.3970,25.0676,2
27.9820,63.1979,82.6241,2
46.2349,44.7319,33.1825,2
17.6536,44.1644,72.8487,2
33.3094,26.2267,57.2536,3
43.1477,24.8159,90.5473,3
16.5560,46.2209,39.9498,1
11.4028,27.8776,24.0625,2
5.2426,66.1801,13.4476,2
9.2007,65.0585,59.2624,2
34.6951,60.3020,88.4323,3
10.6187,82.9032,41.1201,2
45.6555,38.7624,94.7753,3
44.0228,33.8536,43.4919,3
15.9384,31.3636,38.8018,1
29.0823,52.1263,33.1694,1
19.7547,32.8825,22.2746,2
28.8239,32.7252,82.9486,3
38.1275,99.1083,31.6741,2
13.2078,26.0413,34.9956,1
46.4425,67.2957,95.8541,3
46.1307,50.3793,43.7921,2
18.4710,79.3528,56.9390,2
7.8540,93.4941,78.5487,3
46.9834,39.9567,75.2992,3
33.5235,29.8545,25.9571,2
13.6293,32.2703,64.9386,3
43.9725,99.0296,21.5028,3
35.3403,26.2647,23.9035,3
43.1320,95.3216,97.0658,3
25.9011,78.8649,36.9128,1
36.5451,32.1753,12.2117,3
49.2715,44.9222,89.7169,3
6.0228,86.5178,93.6686,3
5.6998,51.1410,80.8271,3
5.2016,44.3892,25.8226,2
11.0175,27.0377,24.8972,2
13.9976,97.9523,2.2102,3
10.8282,84.5716,76.2492,3
26.0714,50.8221,34.6349,1
48.8067,89.3609,26.1761,3
25.7510,79.6762,82.4817,2
10.4892,96.4651,81.9359,3
27.6597,60.0493,50.7093,2
41.7104,63.7159,81.2549,3
43.8592,76.1982,4.6876,3
25.1530,40.4515,4.3477,2
34.1867,61.0266,6.1110,3
32.9810,35.2044,93.7256,3
36.3708,20.3001,87.1408,3
7.9281,20.9282,39.5226,2
12.0066,85.4307,94.4682,3
40.2537,49.4564,29.2133,2
20.4187,26.9262,90.3600,2
15.9821,40.0145,71.5877,2
32.7977,96.7079,98.1273,3
23.7777,93.6740,95.5135,2
43.5255,94.6017,59.9993,3
10.1446,88.7660,30.7548,2
46.6312,61.5392,48.9713,2
42.4090,51.0613,10.6221,3
40.2682,43.2486,84.5909,3
46.2116,51.3530,67.0413,3
5.7922,83.5215,45.9366,2
16.8962,90.0225,40.9294,1
42.0536,53.6451,94.9506,3
35.1681,73.3756,12.3769,3
38.6381,61.6191,71.8356,3
44.0358,76.2537,49.9136,3
43.3426,79.0530,76.4755,3
46.0183,31.0493,49.9029,3
10.5762,79.9702,43.1993,2
37.4151,29.7405,62.0198,3
10.0774,48.2524,53.5685,2
36.1222,60.0865,73.0740,3
12.8241,71.3559,38.5768,1
11.9400,88.2716,97.5895,3
15.7817,32.6031,76.4470,2
49.5781,53.4861,79.0917,3
11.6218,38.2448,14.0912,2
34.9758,67.0001,66.1894,3
12.6002,26.4989,53.3968,2
28.8412,53.7272,68.2961,2
23.8446,88.5185,77.7699,2
20.1097,91.5372,49.2043,2
25.8981,77.6794,95.6289,2
6.4985,34.0187,80.5288,3
24.8796,88.6942,35.1465,1
48.8985,37.2769,94.8911,3
40.5379,97.9283,16.1768,3
20.8972,35.8081,82.9759,2
17.0741,62.0640,19.3258,1
36.8334,79.4414,11.5126,3
35.8648,33.2386,95.4215,3
44.5966,36.1253,34.0048,2
31.8100,84.5461,94.3286,3
23.8561,59.1072,15.6559,2
20.7256,99.3570,93.7447,2
23.6208,37.8650,57.2950,2
24.0477,80.2070,62.9907,2
34.7347,49.9454,61.7142,3
36.0321,71.8402,69.5504,3
45.0587,41.4546,15.6266,3
6.5595,76.0050,33.5411,1
27.7653,25.8666,92.6931,3
31.4822,29.9752,40.6332,2
19.0793,89.3344,87.6207,2
40.5712,51.0519,94.3174,3
17.3879,72.9216,52.3466,2
24.6955,35.0782,23.9919,2
41.9795,73.4971,93.1188,3
35.6579,24.8620,11.6292,3
37.5579,40.0739,24.8668,3
23.2846,79.6197,63.8814,2
13.7419,91.7019,97.2249,3
40.6383,35.4452,79.3707,3
28.4725,22.2845,66.7529,3
48.9626,54.5272,6.3307,3
15.3773,64.6773,79.1095,2
13.3483,37.5504,92.2339,3
44.6766,93.2539,17.5780,3
46.9713,47.1951,51.6858,3
25.5383,98.2276,26.2669,2
48.1001,96.7322,91.7447,3
21.0750,50.0027,20.4067,2
26.3974,39.8905,62.7124,2
44.0461,95.9734,43.7609,3
24.4192,61.1662,91.1651,2
8.5420,44.5015,19.7119,2
39.8838,50.2613,96.4309,3
49.0640,90.4684,50.8966,3
46.8919,50.1536,39.2816,2
26.2818,75.7721,6.3480,2
29.1141,97.2676,6.7317,3
8.8835,95.5039,83.1204,3
5.0288,56.1084,30.9516,2
12.5403,24.1815,24.9909,2
34.3730,44.3119,30.7632,2
16.8130,27.7689,59.3004,2
37.9111,98.4016,22.6598,3
12.3318,76.5819,32.3180,1
27.8855,76.6819,41.9560,1
21.7115,55.1690,45.6950,1
5.0340,35.0887,60.9329,3
5.7850,42.1153,44.0428,2
24.8823,23.8236,87.5358,2
9.0715,90.0584,99.0813,3
13.0387,25.6460,12.1109,2
43.3642,97.7886,59.1466,3
47.6267,81.5749,56.8704,3
46.1434,57.4602,41.1642,2
37.3958,79.8933,35.4510,2
26.4021,37.2660,11.9797,2
20.8316,59.4233,15.7287,2
12.3356,29.9180,87.5757,3
36.2345,31.6422,66.1274,3
26.8622,65.2425,82.8609,2
26.4206,43.0482,78.0143,2
12.1736,93.9785,94.1521,3
20.5214,81.7803,92.2003,2
46.3651,29.1501,16.7774,3
27.0683,64.1666,34.4102,1
8.4481,54.3580,28.1126,2
25.1446,41.8644,43.5917,2
31.4647,48.8290,21.0653,2
22.8463,40.8397,6.4207,2
33.5219,70.7089,31.8029,1
48.1659,83.1224,90.2408,3
26.1239,61.9025,69.1409,2
31.4640,73.4582,43.2436,2
10.9780,84.9634,38.7345,1
32.3769,49.5215,48.2178,2
33.7534,66.2808,14.0927,2
15.5935,33.9100,57.5893,2
22.7559,39.7141,4.4082,2
39.5391,24.3234,38.0758,2
25.5101,56.2441,13.8498,2
36.9256,38.1730,62.9066,3
22.0115,61.6934,45.2222,1
47.9867,47.7177,15.2999,3
21.2373,59.9236,6.6240,2
46.3302,35.8981,93.0607,3
23.1881,64.4334,68.3021,2
7.9227,53.1140,28.1619,2
12.5839,73.5197,16.5619,2
31.2298,51.2348,97.6234,3
45.7962,20.6053,81.0849,3
12.5896,57.6393,81.2007,2
17.9360,78.7080,24.0927,2
44.2835,55.1218,19.9288,3
7.4021,68.5218,68.2887,3
35.6238,59.8012,40.2761,1
32.8558,22.6664,23.9448,3
16.4984,82.2739,44.1334,2
7.0615,91.6048,38.5377,2
8.4639,53.4768,94.9535,3
41.0658,67.4799,75.9112,3
28.2394,84.3186,84.0188,3
20.1823,55.6314,22.6473,1
35.8264,30.9629,47.2043,3
48.4946,57.2766,6.8293,3
5.8252,96.0111,70.7160,3
36.9324,49.5929,50.1138,3
30.1280,81.3625,50.9390,2
18.8026,62.6061,68.1221,2
7.6060,57.8899,34.4587,1
45.3262,51.0700,62.8928,3
25.4974,85.0608,92.9764,2
8.7623,21.5734,70.4631,3
33.4170,64.3549,43.0767,2
38.7403,76.2924,41.6625,2
19.6243,96.9503,40.5762,1
14.4053,96.8109,70.6237,3
30.1267,81.4185,22.1958,2
30.1100,41.8843,86.2960,3
11.1526,37.4004,24.3783,2
24.6932,30.6416,54.4438,2
37.9762,20.6490,88.7226,3
43.3506,24.0659,6.8354,3
30.8257,45.0855,49.0438,2
30.5357,71.0210,73.1624,2
43.5672,68.5330,10.5050,3
11.1296,69.0976,70.8789,2
38.9336,61.4929,60.0389,3
48.8548,47.8588,21.4170,3
48.6045,93.5010,0.7086,3
23.0846,78.7874,17.7465,2
6.4355,22.9142,56.4794,3
15.3626,40.6311,1.5151,2
37.6656,87.4902,73.3525,3
11.1328,96.5782,96.2133,3
16.6609,98.6456,44.4192,2
6.8756,66.0323,52.6706,2
43.6233,48.4538,76.6634,3
40.4026,22.7960,67.3143,3
26.5762,36.1942,41.6895,2
43.5748,75.1818,62.7196,3
8.6681,73.3337,75.8525,3
47.7493,83.8434,7.9943,3
47.4588,83.3541,0.3339,3
37.0708,44.3176,60.5032,3
17.7254,78.4035,18.6727,2
42.5540,25.8321,2.4093,3
10.9367,50.7636,65.6682,3
26.6269,58.0568,86.5580,2
30.1671,60.6086,41.9431,1
49.0286,39.4248,15.5566,3
27.1566,74.2211,2.1668,2
43.5647,42.6493,64.5384,3
12.7979,89.7536,35.8892,1
13.4133,21.5796,30.8785,1
22.0644,22.8094,55.5360,2
25.4617,59.4450,13.3473,2
22.2384,97.4274,35.7416,1
40.6833,29.9333,12.2821,3
49.9517,71.8690,66.4834,3
24.1666,80.8917,92.8177,2
8.6901,33.7921,86.6072,3
8.5614,48.7308,8.3206,3
23.3587,55.7728,18.0132,2
8.6740,53.3910,51.4490,2
38.1664,78.0797,6.9917,3
24.7084,87.5015,59.6989,2
43.4686,96.0687,33.4275,2
10.9830,26.7138,12.6420,3
35.7118,29.5652,95.2408,3
34.6542,96.4423,56.3506,3
14.1043,33.4541,76.7889,3
5.0049,90.0227,2.9506,3
32.1996,51.1093,61.1568,3
40.1974,28.9563,94.6296,3
31.8101,50.5569,97.9081,3
41.5231,32.9654,8.8548,3
46.5298,66.7894,46.3442,2
8.4787,63.3420,27.1488,2
13.6893,51.2849,3.5689,2
31.9039,69.6882,69.4999,3
6.0280,34.0466,77.2352,3
30.8605,20.7244,73.0703,3
23.7471,41.0459,75.4253,2
21.2164,56.2891,86.0777,2
11.7361,65.2526,10.3949,2
49.0035,44.9484,91.0228,3
21.5154,87.6938,76.4606,2
15.4647,71.7537,23.3342,1
5.8539,44.0383,71.0558,3
13.0344,70.2241,76.4886,2
18.9653,28.1661,59.6592,2
10.9110,20.2078,13.0734,3
16.9991,74.1903,33.2595,1
46.3356,79.3810,98.7471,3
34.9383,21.7111,14.8881,3
17.1317,76.2665,64.5262,2
14.2351,75.8449,27.9049,1
35.0806,44.8631,21.0320,3
27.2679,98.4600,64.6590,3
20.8239,61.4756,43.8608,1
6.4105,73.9430,20.5498,2
29.0402,25.6728,79.0297,3
5.7843,45.7170,38.3317,2
39.7568,97.8870,19.1332,3
11.2576,69.7362,21.7298,2
6.0898,38.5449,23.4524,2
29.8189,56.0024,33.3446,1
18.0091,41.4296,86.1757,2
25.7365,88.3940,99.5752,2
27.3022,94.2795,17.4586,2
18.9403,72.7126,23.8015,1
31.6294,91.9161,97.3614,3
29.0694,78.9374,60.3234,3
23.8958,48.5199,61.4150,2
20.5532,79.9202,12.6171,2
37.3366,60.8850,8.1779,3
42.7804,63.9886,73.4861,3
10.5673,32.4129,87.8634,3
26.0071,43.6713,51.8878,2
21.7178,97.9056,19.6988,2
28.8531,46.5928,16.5113,2
35.6670,30.9582,27.4526,2
26.9312,53.9019,91.0556,2
34.2937,25.5533,14.3210,3
31.3801,38.0388,19.5709,2
49.4400,76.7585,30.2468,2
6.2520,83.6084,57.7238,3
19.0100,62.1861,89.6502,2
7.8552,78.5593,86.2752,3
28.4225,96.8720,23.1675,2
37.4549,53.9889,37.9066,2
33.6336,68.7556,36.7177,1
21.8974,58.3913,99.2840,2
40.9326,49.3038,36.3172,2
45.3540,82.3407,65.3549,3
37.1357,24.5596,9.2628,3
19.2079,57.8074,71.0990,2
40.1958,90.7832,27.0940,3
38.6601,99.5749,20.8186,3
8.1370,91.7213,13.4898,3
37.3899,50.9860,35.5518,2
47.3265,48.0914,40.7648,2
5.7063,34.6841,36.1488,2
34.9671,25.1147,34.9508,2
21.4372,83.2810,27.4985,1
45.1362,95.5175,22.1583,3
21.9992,78.6768,26.8641,1
42.1706,97.9108,63.1362,3
12.2585,20.1548,40.9883,2
15.2100,81.9135,46.9804,2
33.4503,68.5009,3.6292,3
36.8598,86.0568,47.1226,3
31.1923,31.5026,65.8718,3
47.2833,76.9564,1.4472,3
18.9240,96.3144,66.8242,2
19.6112,68.0361,16.3293,2
46.6088,51.1981,19.2092,3
8.3712,22.7983,64.5065,3
35.6646,72.6836,31.4128,2
40.6636,87.1920,60.3074,3
32.6973,35.3956,85.8094,3
8.8072,84.1866,41.8652,2
9.4165,24.9121,98.8485,3
30.6066,55.5515,92.5426,3
25.8365,87.7595,85.3688,2
38.7529,27.6092,95.4649,3
33.2290,52.6801,76.6442,3
8.3269,34.2787,67.7619,3
33.3301,61.9517,67.4603,3
47.7454,30.4242,34.2840,2
18.2052,94.8177,18.7210,2
21.5506,92.4682,67.0040,2
6.4022,96.8171,6.0141,3
28.4854,39.3705,63.1867,3
17.7630,85.4061,56.5188,2
19.0807,89.2494,77.7236,2
27.1912,59.2978,46.7879,2
29.3032,88.6533,7.3770,3
22.4793,80.0102,96.4058,2
11.8919,23.4777,80.5099,3
48.6685,77.1751,55.4049,3
15.5021,96.6689,72.2272,2
36.2348,90.5567,87.5657,3
8.6306,21.5969,22.2702,3
45.9631,62.6920,64.7526,3
20.5695,53.9878,30.0023,1
47.3160,52.9644,83.5897,3
11.9934,45.3792,18.1452,2
18.2041,73.4085,14.1454,2
29.1189,20.2500,98.3104,3
6.6014,80.3515,86.9256,3
49.8304,72.0099,60.6577,3
30.0910,81.1689,87.0731,3
28.7468,77.6129,96.2403,3
10.0334,67.1781,6.7366,2
24.6041,78.0919,38.0304,1
9.5047,86.3921,24.3994,2
27.6053,31.9847,98.9331,3
22.2218,85.7340,38.4553,1
20.7343,39.2396,40.4538,1
44.3865,72.9325,5.3089,3
29.3488,59.8214,68.6950,2
38.9893,65.2587,87.5900,3
33.8913,47.0414,37.6326,2
43.6341,40.7859,14.2542,3
38.8543,54.1990,22.6670,2
42.3316,34.7971,73.2436,3
20.3083,76.9886,77.2887,2
12.0773,85.9854,61.8452,3
43.6585,22.5155,75.6837,3
49.3664,76.2311,91.7800,3
23.6640,76.1283,56.7210,2
20.0847,69.8564,36.0844,1
47.7215,83.8114,87.0873,3
33.6070,87.2365,36.6835,2
34.7644,46.7021,59.4470,3
8.2144,83.3634,42.1719,2
49.2784,88.6594,61.4353,3
16.9637,70.3911,75.6712,2
26.2499,67.3987,87.6292,2
11.1738,59.9582,86.5850,2
22.6020,90.7273,55.8205,2
23.0609,99.3249,16.1877,2
20.6280,37.5834,98.3052,2
11.7607,29.5480,26.3913,2
32.3865,41.1824,32.7106,2
29.0346,70.8880,57.9803,2
32.6735,73.6725,87.7261,3
35.3787,77.6757,39.6517,2
47.5096,84.6604,58.2766,3
25.1792,21.5133,98.6500,3
11.3676,60.7266,34.1802,1
19.6723,53.5569,57.2447,2
5.4502,32.3272,61.3186,3
38.2706,74.0072,99.0990,3
7.1477,61.2156,41.8487,2
13.9512,91.2390,14.3524,2
27.7066,35.3706,43.6480,2
40.5735,76.0475,70.0413,3
14.6782,21.8285,72.0067,3
9.7749,51.2154,84.3923,3
23.4266,57.2344,95.7939,2
45.9077,27.2700,86.6847,3
27.2569,83.8378,35.2122,1
48.0751,83.7246,44.9407,3
21.2324,36.8837,27.5394,1
24.8929,48.3375,64.4117,2
33.5993,35.4794,26.0761,2
7.0339,50.5966,47.3451,2
9.7292,26.8103,26.7812,2
27.1141,98.6748,91.5074,3
22.9288,64.4867,55.9662,2
20.4387,88.5491,29.1616,1
24.2197,92.5520,34.5922,1
27.9990,89.6469,32.7505,1
48.2766,36.2841,68.4174,3
7.7017,62.9675,15.9393,2
33.2815,69.3458,41.6463,2
46.6174,91.3124,73.4981,3
37.3843,25.4582,32.3556,2
14.1423,51.0837,10.9170,2
19.3218,65.6743,16.6191,2
9.7590,76.5347,24.6926,2
26.5196,87.0753,37.8549,1
9.4358,82.8268,73.8508,3
32.4597,63.0334,75.2191,3
20.8970,46.3753,62.7414,2
12.4893,70.6578,86.7065,2
28.1804,26.6343,66.2863,3
44.1196,35.7477,61.2182,3
13.8704,85.5777,25.2838,2
33.3243,67.1455,37.4772,1
45.5210,92.1048,34.0085,2
20.6641,72.3877,28.3994,1
18.6721,21.6461,9.3943,2
34.6116,45.6642,8.1240,3
46.8593,43.6562,20.9106,3
28.5051,86.4570,87.2622,3
18.7289,79.3727,52.3173,2
31.7889,55.2012,17.7249,2
41.9195,63.5293,40.1853,2
35.3900,54.0519,84.9109,3
11.1062,22.3937,56.9394,3
16.5580,29.4571,3.0329,2
39.6671,96.7845,61.5749,3
39.7682,87.0777,80.5426,3
19.7042,20.1881,62.8130,2
47.6412,91.0020,0.4755,3
45.6893,20.8687,53.1400,3
43.3695,53.2832,68.3852,3
15.4621,97.6104,4.4087,2
33.4522,22.7818,4.1813,3
17.1644,21.2155,20.7335,2
11.9277,92.9530,4.1446,3
32.5313,73.6433,82.1026,3
21.5318,34.5297,12.1799,2
11.4138,61.9213,59.6799,2
40.4791,84.3568,84.2779,3
12.1857,79.6249,7.2726,2
44.6250,62.0287,64.1529,3
32.8904,64.6383,52.3350,2
46.4948,47.8698,77.8794,3
21.2879,23.6712,37.8006,1
11.7899,55.2467,8.2006,2
40.3451,67.2683,3.7860,3
34.0484,96.3711,6.3293,3
21.0521,91.5812,3.3439,2
46.3368,99.0998,38.9976,2
25.9248,99.0536,5.9900,3
19.3163,25.0774,74.6332,2
34.3043,89.0760,19.0255,3
29.5297,77.0413,28.1852,2
45.0350,35.8307,11.8205,3
17.6443,83.8131,71.4173,2
45.1024,69.3431,91.8168,3
29.4442,93.4678,87.0182,3
26.3049,20.5177,98.5764,3
27.3692,79.2759,45.2281,2
21.2936,48.6583,35.5319,1
31.0746,84.6221,56.9046,3
28.6697,44.5308,46.2820,2
13.0908,79.5742,78.3177,2
15.7324,65.3606,28.4798,1
48.9830,43.9070,86.4050,3
36.5144,97.2482,71.9466,3
32.4127,56.8358,47.1135,2
5.0559,99.7535,56.7626,3
31.4135,34.4356,43.1996,2
14.8588,37.5059,54.7540,2
15.8403,73.3279,37.6636,1
21.9513,76.1764,67.0723,2
23.1654,94.4069,32.8250,1
37.3267,83.4951,21.8265,3
26.3391,21.6771,33.0095,1
17.1489,81.7186,22.0725,2
6.1446,21.8923,76.3714,3
11.4517,71.5232,20.1562,2
14.9730,84.5149,68.2039,2
34.4534,94.2940,87.0207,3
43.1072,30.8903,16.5977,3
49.1940,66.1221,54.9398,3
27.7562,78.8637,59.4654,2
11.7451,28.1965,30.2828,2
44.1522,52.1782,87.2277,3
30.7748,94.3614,88.4438,3
21.9185,64.0921,70.9718,2
7.0545,32.7923,73.0046,3
46.1543,44.2918,39.4015,2
44.3491,41.2947,92.6082,3
11.3498,40.1673,3.5439,3
9.2074,40.4080,65.5145,3
14.0391,95.1446,34.8665,1
28.3398,73.1966,13.6351,2
35.9467,29.6453,82.6282,3
26.9635,27.1516,70.7636,3
8.4461,97.9630,45.3621,2
22.2312,45.1662,44.9917,2
40.1524,61.6125,64.3316,3
7.5826,88.1343,52.8403,3
28.5752,40.1881,7.7280,3
20.1229,85.4795,54.7037,2
16.8627,67.4474,35.1298,1
15.0661,79.1910,16.7251,2
31.3194,78.6942,6.1642,3
36.3075,20.9162,81.1810,3
17.5149,32.2937,13.0358,2
24.6067,43.0512,46.8786,2
43.0500,28.3977,26.0530,3
10.0992,70.9669,62.3062,2
43.1820,78.3621,69.9457,3
12.2231,85.5344,0.7308,3
37.1720,85.1655,22.6595,3
19.0306,39.3680,81.9528,2
23.9393,49.0770,50.2262,2
37.8741,72.8389,70.7752,3
47.6353,40.4107,20.6896,3
34.2440,31.6845,64.3464,3
48.0209,56.6763,21.4707,2
49.7694,50.6342,11.3871,3
23.7253,27.0129,8.3198,2
7.1382,56.3371,45.9007,2
38.0041,63.5324,86.0161,3
44.2803,33.6736,4.1269,3
36.7848,20.7986,39.3876,2
7.4301,56.7101,44.9681,2
43.0587,71.6479,40.2506,2
27.9208,63.9305,22.6157,2
39.8929,57.3762,63.7844,3
6.4331,28.8704,58.9552,3
38.4906,45.6639,94.5729,3
43.2187,61.9592,63.9900,3
31.6925,44.4527,6.2618,3
41.2056,56.8446,84.1856,3
21.8541,21.1427,12.6917,2
12.0754,78.4780,3.2069,2
41.8695,75.2541,32.3339,2
28.4886,94.5738,6.9743,3
21.3508,51.2802,96.3166,2
48.8852,87.3085,38.1997,2
45.0229,58.7252,64.4057,3
46.7555,39.8461,86.0780,3
22.9661,89.6990,54.8421,2
16.1288,81.2419,11.5151,2
11.4516,31.8533,84.0335,3
44.2063,65.8085,27.9374,2
22.7394,34.6883,0.3814,2
42.7836,35.5705,7.9094,3
10.9313,94.0849,36.3229,2
34.1640,22.5029,52.9116,3
38.6002,25.2468,29.8927,2
19.4909,90.9829,66.5161,2
43.9413,50.0434,59.1130,3
28.2984,42.0883,42.2420,2
16.0239,21.2956,96.8169,2
48.1134,85.9371,17.4568,3
5.9074,35.6763,87.1563,3
11.8937,38.6815,69.1256,3
26.4845,72.3204,56.3062,2
30.7614,89.8186,21.7755,2
11.2645,52.3917,53.4617,2
27.0694,63.1881,48.6181,2
28.3043,94.5536,4.9882,3
47.3743,66.9771,4.7831,3
7.4056,65.7215,68.9076,3
28.4126,55.9091,27.7055,1
32.2963,91.8072,42.2413,2
36.3062,21.3897,44.9933,3
39.2774,87.3528,53.7066,3
30.4932,31.0751,29.5489,2
35.0329,81.3492,8.1916,3
48.2425,96.2854,18.7597,3
7.0342,47.2830,95.8695,3
24.9356,45.0954,89.4686,2
11.0422,95.2872,80.8998,3
22.2610,82.9896,75.6117,2
31.0938,82.5158,50.0095,2
42.9086,83.4629,90.6330,3
40.8891,93.6757,17.8173,3
17.4790,56.1974,24.2818,1
45.3516,34.3812,45.8890,3
28.4736,89.8444,25.9144,2
48.6320,43.3565,16.2992,3
16.4112,90.4863,15.2412,2
6.4364,43.3273,54.4552,3
21.0493,32.8573,36.4186,1
36.1657,54.8883,57.2723,3
47.6174,79.8591,80.3832,3
17.9606,60.9108,34.4599,1
26.8037,28.9501,51.8471,2
28.6617,65.9982,23.4610,2
14.9653,49.4180,53.7699,2
20.1550,76.4912,58.5123,2
10.0782,37.9120,60.4608,3
28.9379,47.1358,17.1883,2
46.4194,55.9551,21.2546,3
37.4403,40.4736,26.5640,2
42.2175,92.6279,46.8086,3
33.4530,48.8805,63.3625,3
37.7607,77.6807,4.0705,3
9.4375,76.6367,53.1839,2
47.4498,28.2849,98.9675,3
11.0088,22.5148,89.8991,3
27.6819,42.9346,57.1801,2
21.9888,99.0891,77.3984,2
34.5173,45.7674,2.5844,3
40.8815,23.8244,11.3135,3
31.5048,80.5538,40.8944,2
31.5073,97.8916,28.1292,2
6.9787,37.7499,44.6471,2
39.9814,53.5403,58.8914,3
30.4614,59.0262,15.9017,2
8.0609,36.2379,27.0197,2
13.4405,35.3962,60.8391,3
25.4526,40.0165,23.5794,2
11.4456,75.3442,47.5935,2
34.9046,50.2772,8.5009,3
42.0366,23.3263,36.7486,2
31.3309,73.1596,48.1750,2
40.9507,58.3670,83.5818,3
16.1085,57.8030,3.0937,2
31.0172,52.2045,68.1188,3
38.4050,54.6408,60.8431,3
37.9414,86.9423,10.5128,3
29.6559,93.9859,28.4030,2
33.2874,42.5852,80.3847,3
38.4516,95.9607,69.8959,3
27.0104,63.2893,77.9415,2
38.2048,29.4248,29.9129,2
35.7121,28.0706,65.9870,3
43.8548,49.4194,21.8003,3
43.4308,58.5223,83.2256,3
8.5144,36.9429,0.1041,3
25.1666,90.5679,64.5277,2
5.8028,21.9796,72.0313,3
9.1760,37.6200,69.8432,3
16.1970,59.2153,39.5305,1
20.4699,40.2070,40.7514,1
13.2254,96.3744,31.6412,1
37.8038,43.4122,26.2195,2
26.7221,78.6009,0.3918,2
12.7000,81.9457,35.2967,1
43.4927,30.6588,81.2994,3
32.9948,33.4791,1.2344,3
44.6625,43.1105,24.1365,3
13.2732,48.4009,52.3859,2
26.4960,88.0976,19.7340,2
38.5939,92.7373,3.6865,3
38.8047,41.9584,44.7693,3
7.7483,43.5478,11.2098,3
15.4788,22.6233,93.8879,2
45.2895,72.0796,32.5204,2
47.4486,97.7452,79.4531,3
35.6723,46.3039,88.3282,3
27.4962,70.5879,17.3244,2
5.9647,99.0013,62.1479,3
35.8388,24.0313,42.1484,2
17.7915,86.8517,48.5533,2
22.3032,31.8281,38.3547,1
21.2935,82.9601,84.7520,2
22.0658,52.8228,97.5225,2
22.0189,70.2893,13.4796,2
24.2999,39.3278,24.2912,2
15.5335,57.9759,29.4143,1
41.7557,55.8973,5.4856,3
24.7393,27.9373,14.7152,2
11.0883,83.4245,42.9546,2
5.0439,60.9368,20.1246,2
37.2801,95.3304,17.0343,3
17.4408,76.9826,63.2374,2
42.2750,71.9347,19.0963,3
42.5910,32.8646,8.3822,3
47.2778,66.7040,33.1156,2
16.5369,26.7764,55.9963,2
44.1634,74.3939,76.2018,3
31.9291,20.7908,44.5092,2
6.6105,26.5042,17.5711,3
45.0220,37.2097,45.1763,3
44.4415,74.2494,13.2649,3
25.8053,81.6750,44.3885,2
14.7841,71.4809,40.7555,1
28.1191,29.9980,90.5044,3
46.4467,44.2594,29.2610,2
12.6771,66.8666,19.9054,2
32.6521,95.6588,18.0842,3
15.1657,27.2953,31.4923,1
44.6728,21.2761,63.6276,3
22.2811,45.4036,17.2197,2
42.4728,85.8231,4.0909,3
30.9457,53.1967,0.6241,3
18.7402,35.0416,76.3449,2
25.1291,83.8404,96.8818,2
23.0622,64.4323,97.2891,2
12.4824,24.3340,46.9617,2
26.9541,94.3219,45.5633,2
24.9789,59.8493,44.5620,1
45.4445,69.4244,79.6301,3
11.9580,90.0781,97.0046,3
48.0596,98.6219,69.7331,3
35.2177,25.3871,28.2921,2
40.4173,48.8879,62.0520,3
31.3920,66.4569,37.0434,1
44.8170,39.9164,77.0369,3
6.1420,87.0725,75.8117,3
49.0527,29.6622,80.3609,3
18.9061,39.8344,20.5035,2
37.3293,95.3967,65.2169,3
16.9614,51.9865,24.1023,2
8.1404,81.3860,10.4466,3
34.2188,54.2618,7.2648,3
18.5679,26.0361,62.9259,2
35.0234,91.5811,28.6163,2
12.9274,57.9673,81.4412,2
30.4625,95.5178,8.8742,3
37.3669,73.0473,24.3410,2
14.3563,50.5617,32.2522,1
20.0740,77.7766,9.0307,2
38.6747,59.9530,17.3985,2
35.1260,49.9024,13.2939,3
31.4520,45.5950,28.3583,2
26.5004,61.5887,70.2861,2
27.1479,62.6809,57.0443,2
46.7269,28.1003,66.3397,3
6.6817,40.7290,79.0936,3
21.2618,22.1358,51.3336,2
24.6981,94.1469,94.2216,2
17.5460,85.6251,51.4734,2
29.3075,29.1304,83.6527,3
32.2679,96.4158,78.2903,3
25.9980,88.5822,31.8216,1
43.8340,29.2684,33.6526,2
44.0710,21.9175,86.8588,3
6.8039,72.7117,63.8120,3
7.5891,87.0572,8.5920,3
43.3117,98.6503,67.2121,3
46.8621,70.0256,98.1046,3
40.8579,74.3422,98.8908,3
26.7736,58.6932,85.1640,2
35.3430,31.5370,30.7973,2
31.3117,21.2806,51.0395,3
15.5272,38.9438,89.5338,2
17.6984,91.8593,53.3721,2
46.7540,78.3380,41.4022,2
6.5834,91.3316,70.7340,3
11.0642,94.8122,48.8618,2
6.3296,43.6701,85.9803,3
23.8602,84.6227,40.2771,1
11.0277,35.5696,88.1206,3
13.1557,94.8356,28.8541,2
48.7237,27.7467,54.8394,3
6.6012,40.5274,85.5356,3
13.4153,91.3221,58.9807,3
37.6961,48.7531,98.4899,3
42.1959,92.9394,14.5833,3
17.0063,87.2795,66.9514,2
22.3181,57.1495,43.8537,1
30.1033,59.1226,45.4722,2
19.7459,55.9092,17.7472,2
13.5890,75.0631,96.4571,2
14.5576,93.0353,62.5571,3
47.8771,51.6203,69.0312,3
29.4736,98.1995,6.0495,3
7.6437,89.1314,5.3496,3
45.8316,27.5215,11.2430,3
19.8843,78.1419,57.6972,2
45.9030,70.3710,59.5700,3
30.6667,52.4844,63.9182,3
48.7873,97.7717,11.0878,3
25.5008,67.3868,71.5925,2
18.5234,98.6348,41.5258,1
17.8414,82.4057,58.8050,2
45.7043,28.5093,5.4669,3
47.4416,55.6792,21.6156,3
38.4391,99.7956,99.8743,3
48.3429,32.5278,85.0327,3
10.5895,48.5457,17.8328,2
21.0209,39.8364,89.6804,2
49.4483,33.9036,12.9667,3
12.3968,65.2551,88.2081,2
38.5475,53.7645,95.9054,3
29.2344,82.7870,49.9992,2
34.9808,50.1110,5.2551,3
32.5678,43.1083,55.0637,3
34.3136,56.1370,15.7067,2
41.2331,33.7963,12.9324,3
19.2811,24.6563,35.3224,1
39.0915,83.2242,45.6722,3
13.2636,97.8995,82.3820,3
5.2358,68.5611,94.5253,3
46.8146,51.9545,61.1354,3
32.7349,78.3999,94.1497,3
25.9906,24.9379,72.1976,3
47.5759,89.6467,2.4499,3
44.7183,31.7830,97.8826,3
38.3582,30.0923,10.0769,3
17.5046,38.3563,0.4027,2
45.0657,30.1178,98.9367,3
16.8765,65.9562,69.8383,2
18.5532,56.4775,77.2933,2
7.9079,48.9359,78.9985,3
19.9386,24.7415,18.7752,2
35.4698,97.3979,22.8787,3
28.2888,39.2408,92.3307,3
45.5050,51.2963,3.7061,3
32.3388,70.2184,61.7739,3
18.3203,21.9118,3.2156,2
40.0516,62.4883,27.1182,2
46.1538,90.7460,81.6153,3
32.9818,69.1982,53.0758,2
13.2441,78.1859,52.0740,2
29.5703,75.0739,37.2013,1
36.6975,39.8537,86.5488,3
49.3732,67.3470,38.1607,2
17.9749,91.4180,32.6703,1
41.6325,52.6864,87.9708,3
24.4325,66.2348,12.2649,2
48.9000,65.0386,61.9357,3
10.6455,75.2438,42.6455,2
24.0423,57.8627,53.5930,2
41.1569,47.3544,88.0734,3
9.9864,62.4448,67.8077,2
48.6674,51.8540,67.8475,3
40.3843,86.6058,91.6963,3
20.5647,87.3975,95.6914,2
26.1217,75.2989,32.2988,1
16.5339,42.2372,5.1422,2
31.0289,88.9423,28.7107,2
6.4276,42.6503,77.2020,3
25.1430,81.3695,21.7023,2
33.8878,78.4804,80.9197,3
35.7828,92.8627,12.6016,3
29.7793,55.9836,99.9283,3
29.7208,74.8206,91.9031,3
11.4121,47.1430,32.3316,1
10.2613,64.8000,30.6554,1
12.4325,21.7514,2.5055,3
22.5843,68.8747,21.2565,1
45.9558,36.8148,27.0420,2
18.6874,32.6201,99.9091,2
37.2632,44.0313,97.3183,3
33.5644,81.5477,34.3702,2
14.7528,55.9844,41.6715,1
49.3046,31.6096,13.5172,3
32.9533,64.9533,54.6228,2
23.5414,48.8897,8.7131,2
40.6615,55.7180,89.7281,3
27.3021,92.2830,92.4008,3
30.1643,83.7959,10.3926,3
10.2752,76.0234,5.0861,3
37.0146,38.4524,23.4766,3
21.2106,93.9557,71.0633,2
38.8175,82.6445,83.1620,3
12.6651,95.3479,39.7009,1
30.2775,84.8213,85.2582,3
27.7748,63.5773,40.9599,1
7.2285,71.8086,67.7208,3
26.2846,23.8487,56.5853,2
9.6385,56.3224,79.8428,3
15.2160,93.5109,70.8281,2
16.5868,38.3808,7.4634,2
44.3249,25.0417,62.6304,3
38.8155,40.4087,38.0411,2
18.2229,84.1385,99.5415,2
48.6769,25.5603,67.7818,3
31.3235,94.4030,57.7942,3
25.5856,55.9140,85.3616,2
35.2448,25.9246,93.3523,3
35.5432,32.4040,46.9345,3
16.2797,67.3101,55.6239,2
48.6618,24.4130,45.0317,3
13.2299,21.7612,77.8164,3
39.0941,94.7363,58.8307,3
16.5108,49.0387,60.4570,2
33.2956,23.4074,91.0714,3
46.6727,83.8809,24.9804,3
20.6637,76.1939,30.5738,1
22.4485,73.4599,3.4014,2
11.2028,22.8798,26.5697,2
26.6490,87.5273,17.8912,2
21.0591,20.7544,46.3443,2
6.1397,45.7840,83.0842,3
47.1221,49.3796,28.3032,2
39.1341,75.8374,37.8104,2
45.7410,56.2947,93.5883,3
44.7725,95.8736,10.8807,3
17.0175,49.6868,74.3413,2
18.2160,36.5616,34.3746,1
18.9928,85.1692,98.9813,2
18.6738,24.1461,72.1715,2
26.6243,54.7018,35.1199,1
26.1671,30.8907,61.2158,3
46.8419,93.5345,73.8119,3
22.5237,93.6970,65.9758,2
27.6680,42.7262,75.5248,3
40.8810,64.7179,28.6067,2
22.5100,69.8714,22.2995,1
26.1927,23.3744,80.5225,3
22.1773,55.6159,88.5333,2
22.8317,58.0131,29.5431,1
41.3173,54.8982,48.1914,3
27.1563,74.1195,54.1406,2
24.5646,72.3841,63.7498,2
36.9714,57.5690,98.0589,3
30.8949,83.8384,46.5813,2
20.1651,61.9496,57.7248,2
18.8906,80.3435,42.7734,1
34.7257,43.0475,48.4274,3
20.8609,53.5118,67.5941,2
12.0412,39.6352,35.9774,1
17.2911,33.9587,81.6968,2
12.3065,71.3383,45.1264,2
12.3556,43.7197,10.9445,2
9.3132,48.7128,75.5134,3
22.8961,65.5137,12.8132,2
44.6624,46.4313,18.9314,3
20.9115,97.5692,62.9998,2
10.4457,32.9548,76.2705,3
43.0420,26.5955,29.3786,2
7.1263,29.9419,13.7807,3
24.6736,21.0133,71.3261,2
23.1483,52.1025,96.1940,2
19.9001,23.3003,40.4859,1
26.0172,57.6424,46.3733,2
20.0428,63.6961,87.0693,2
21.1233,62.8007,84.7547,2
22.9368,30.9048,43.2466,2
27.7064,89.4869,85.2992,3
39.5822,50.6137,27.6936,2
24.8648,45.5671,97.9920,2
8.7985,60.4642,38.4128,1
39.7584,67.7111,6.0173,3
35.2982,59.4102,61.6205,3
9.1193,60.7813,52.8357,2
11.5810,69.1718,90.8929,2
6.1429,40.2306,32.9092,2
29.4910,79.2074,66.0994,3
25.7820,96.7978,34.1848,1
40.2818,86.0886,10.0948,3
6.9716,98.9071,35.8466,2
35.0760,22.3402,76.3844,3
20.8468,66.5045,4.8020,2
9.8552,85.8484,55.4161,3
39.9643,32.9033,32.7778,2
43.3014,66.8766,66.9076,3
14.2902,64.4653,73.4023,2
12.7737,43.9503,0.8896,3
48.3313,91.6646,9.2197,3
42.4519,63.6818,96.4519,3
27.9266,36.5410,85.6249,3
47.2124,62.4538,40.7701,2
39.8794,26.7329,84.2701,3
43.7365,43.6658,1.1291,3
5.4416,98.2446,78.0423,3
21.1421,91.1532,89.2268,2
45.8699,60.1403,82.0448,3
6.6936,32.7993,63.2465,3
9.6807,23.4667,10.8375,3
25.4489,59.0649,92.6007,2
23.9806,61.1507,81.6217,2
41.6620,46.1262,72.4572,3
44.8639,85.8715,32.8351,2
38.2995,79.0217,24.2025,2
35.1384,27.0337,27.4148,2
6.2756,30.4742,10.6446,3
47.6048,33.1063,7.2528,3
38.7616,71.8811,63.6090,3
45.1372,73.3165,66.8273,3
25.5629,65.2546,76.5952,2
21.1601,22.8844,42.6465,2
21.9603,34.5415,70.8777,2
41.2022,32.6848,48.1213,3
19.6757,65.4375,9.3945,2
47.0355,25.0919,82.2525,3
13.7559,81.6716,28.2085,1
40.5401,93.2549,93.5665,3
43.8602,54.0276,42.8735,2
47.8620,91.3011,48.4934,3
22.9068,27.5368,36.1479,1
26.1966,86.4523,32.4045,1
18.6167,22.1134,3.9598,2
41.3623,33.1324,96.6402,3
7.7075,84.5025,11.5097,3
33.5703,80.5424,22.6121,2
30.2434,82.4583,17.0778,2
28.5111,62.6110,76.7711,2
21.2654,71.6240,95.0030,2
36.9016,21.4345,15.0872,3
22.9162,52.3504,33.0602,1
24.9405,95.4700,80.4500,2
11.2495,55.5417,68.1589,2
12.3696,24.0555,95.7711,3
40.3094,90.8175,78.1377,3
35.5557,81.2068,52.5299,3
16.5708,27.5562,59.7509,2
14.8721,85.8444,53.5083,2
49.7915,50.8302,41.9361,2
17.1274,42.8788,47.7431,2
7.9042,86.6729,9.8641,3
45.7953,51.9239,45.9852,3
48.3875,79.1211,27.8841,2
18.7517,31.9852,63.8808,2
34.7390,91.1426,28.4139,2
8.0287,37.5992,96.3114,3
49.4694,48.2719,48.9905,3
43.0827,58.2201,95.8970,3
42.6935,79.3157,62.8537,3
14.2878,34.6293,86.6573,3
15.8389,39.4846,84.6060,2
7.0849,77.4224,61.5886,3
6.7071,34.4964,29.9925,2
15.2196,33.5377,85.3788,2
46.6212,34.0072,57.8299,3
24.4941,50.1085,95.3095,2
7.0607,97.9755,31.7633,2
30.6282,94.5057,64.5143,3
39.5190,27.7454,56.9821,3
18.9782,53.5560,23.7436,2
32.7050,62.8725,12.8276,2
37.8216,42.7511,58.6624,3
44.0758,51.8132,63.9651,3
43.7999,69.7855,98.3024,3
8.6595,49.0198,70.2590,3
26.9748,40.6775,33.4687,1
37.5901,82.9139,63.4723,3
44.9934,61.7323,82.3681,3
9.8274,98.8550,87.4581,3
45.2056,90.4243,84.2277,3
8.8323,92.8285,16.8810,3
44.0516,64.6811,28.2895,2
19.1675,41.5797,72.5335,2
38.1035,54.2089,42.7385,2
14.5995,51.8526,66.2690,2
33.1362,30.3862,73.1447,3
49.5395,84.8728,0.7924,3
41.9953,22.3995,13.4266,3
15.9133,59.3653,84.4618,2
41.6319,49.7946,47.3955,3
12.6671,96.1516,27.3165,2
14.2233,99.0005,21.1675,2
13.1749,98.6296,7.6569,3
6.4921,56.4716,29.6659,1
44.1515,78.7974,54.0643,3
5.4527,41.2435,89.0501,3
16.1744,22.2154,23.1029,2
39.0471,88.7778,28.5262,2
15.4503,86.9965,19.6229,2
21.3491,50.4491,39.6009,1
8.3758,87.5046,21.5034,2
21.5117,70.9853,80.3619,2
31.4184,48.9323,0.5292,3
27.2790,64.9794,35.9495,1
33.3276,83.0270,3.5552,3
41.5146,67.2384,32.5544,2
36.2243,76.3084,75.7925,3
23.5703,66.1163,47.6389,1
21.3771,30.3400,91.9032,2
10.7330,71.8947,39.9933,1
41.9639,57.7090,18.6464,3
11.7804,51.3231,53.4897,2
33.3238,87.9072,37.4317,2
40.1543,37.9846,87.8257,3
9.3793,84.3039,26.8072,2
34.5526,63.5143,57.8121,3
49.1195,67.8783,21.5167,2
23.4739,27.7352,33.5432,1
18.1830,71.4941,91.3855,2
17.6631,87.8064,87.6071,2
33.4687,75.9080,79.8231,3
21.7478,98.9175,38.1794,1
8.8187,78.6281,33.4985,1
6.2481,34.3255,36.9340,2
14.5744,30.9118,16.2570,2
33.1924,30.2702,78.3318,3
42.8785,77.8787,24.5131,3
30.9392,24.8840,94.2697,3
5.3317,37.7207,8.2992,3
49.7623,23.2562,0.1722,3
9.5289,90.5001,40.0735,2
47.5126,96.7594,72.6104,3
12.5991,97.6864,43.8193,2
25.9031,70.9461,71.6110,2
48.3121,97.6735,41.3609,2
11.3955,93.2474,11.8963,3
29.8700,33.2953,35.8264,2
28.8380,76.3998,97.5215,2
46.3369,61.6357,31.2422,2
29.1629,49.3335,45.9489,2
46.1460,61.1400,4.1652,3
35.7823,42.4781,21.3853,3
39.4927,33.2441,60.9277,3
41.7721,44.0441,47.2237,3
30.9938,71.2884,97.1929,3
44.9970,36.7220,54.5776,3
12.1029,24.8009,36.8107,2
19.3912,65.6373,64.1252,2
22.3518,89.3796,84.1749,2
37.4518,48.0595,24.2185,2
10.2228,40.0368,95.9108,3
23.7948,53.2564,47.0698,2
34.1599,93.6000,11.4134,3
41.9128,55.9149,27.4720,2
29.4735,63.2310,13.3381,2
9.3650,70.1502,73.5381,2
32.6672,48.2330,55.5855,3
45.7862,93.9107,23.2289,3
9.2785,72.2605,17.4399,2
41.0478,42.4662,15.0478,3
41.7240,36.6807,0.8839,3
41.9793,27.5053,41.9737,2
22.8115,31.4391,3.5181,2
8.8110,54.2011,95.7090,3
37.6224,77.1834,66.9712,3
39.6103,62.3552,98.5603,3
32.3478,70.4697,2.1171,3
38.9593,48.4701,77.3775,3
43.1360,21.7832,38.4754,2
45.7225,30.2356,74.4306,3
19.5449,60.7486,90.3624,2
33.4829,54.6953,69.7089,3
15.0301,20.9831,61.8610,2
43.7506,75.9661,51.9415,3
11.4497,26.7942,27.9877,2
48.3453,56.9529,80.4681,3
5.5817,57.8044,24.6868,2
47.8734,35.8939,4.9716,3
12.2906,25.0455,31.5387,1
49.8071,94.4434,57.1951,3
42.3962,51.9932,89.1015,3
14.4554,52.2536,12.0612,2
47.1469,47.0543,24.5989,3
14.9826,57.9154,50.4071,2
35.2748,84.7324,70.2683,3
27.1658,62.8548,97.5373,2
25.1188,45.7195,64.5639,2
35.2754,94.9916,35.2191,2
27.9357,69.9455,70.8772,2
6.8025,92.0266,17.7608,3
15.1342,75.5495,19.8858,2
11.0098,95.9475,64.3068,3
47.6313,25.0482,3.5451,3
17.5724,23.0729,43.8542,2
48.2689,48.5507,73.2246,3
34.0896,22.5793,23.2068,3
33.3524,27.3629,45.7352,3
35.4918,47.1849,31.2134,2
37.5461,53.5073,53.1980,3
13.9892,83.1668,59.9737,2
48.7814,80.4813,59.9377,3
32.6489,46.6389,44.5435,2
35.2977,61.2026,95.4269,3
29.9030,21.0169,12.6249,3
7.0766,92.2502,31.5160,2
42.6263,55.6462,92.0483,3
26.6996,88.8101,67.1702,3
16.9795,66.1241,26.8023,1
13.9953,45.5364,29.6686,1
27.3453,70.9651,96.7426,2
26.1127,80.8775,49.1042,2
24.5213,52.9862,87.5696,2
11.5791,43.2151,72.0890,3
18.3103,20.1771,21.6720,2
6.3224,43.3899,32.6719,2
47.8953,84.6395,12.2310,3
10.5280,99.7595,67.1533,3
33.1475,67.0792,14.9710,2
16.8969,54.5900,44.6355,1
48.6847,23.5013,1.4702,3
46.1700,90.2046,28.9589,2
19.4596,67.3627,20.2044,1
44.3962,41.5646,5.9921,3
28.9735,78.6752,95.6240,3
33.1195,28.1485,66.2339,3
9.1635,35.5354,29.6616,2
7.4963,49.2704,76.7021,3
7.4178,59.6681,22.6302,2
30.4870,59.3886,16.6036,2
43.3682,60.0376,98.5672,3
49.3110,40.0849,88.3050,3
37.3798,54.5776,81.5125,3
23.9181,59.3926,37.1809,1
42.9611,92.5365,15.1266,3
31.5417,29.3532,88.5405,3
14.9098,22.8860,74.5630,3
34.9803,52.8841,61.9145,3
39.7046,33.6091,30.4543,2
26.8503,70.6522,61.3677,2
27.2156,72.9163,2.1007,2
19.5594,65.7955,30.6219,1
47.3704,97.0907,37.1369,2
15.4188,37.9394,44.3969,2
48.0891,38.9184,33.1079,2
30.1625,65.5912,66.2562,2
37.7584,83.3053,49.1248,3
8.2017,74.1008,59.2544,3
14.6338,88.3094,74.1507,2
23.9859,97.5023,67.6798,2
46.8478,78.2959,71.0519,3
14.8057,53.5323,63.5942,2
42.2715,92.8967,8.1793,3
37.1665,41.2824,70.9945,3
19.2834,65.6742,52.6760,2
44.2425,72.3077,24.2971,2
33.3022,71.2641,36.4318,1
16.8256,92.7714,15.3943,2
11.3768,67.1312,30.8380,1
27.6903,41.4220,36.8092,1
23.3693,64.9616,7.8783,2
24.4487,74.9847,70.9167,2
17.1915,63.4776,38.4205,1
6.6569,54.5477,67.3611,3
47.5441,28.9714,42.7439,3
47.3520,57.5571,89.3714,3
35.6972,89.2797,75.8289,3
8.2493,81.0006,12.7854,3
38.6867,53.5240,68.4762,3
7.7238,29.1209,10.6582,3
21.8982,33.5724,0.7906,2
44.5612,80.1319,56.8476,3
37.5901,44.1900,70.5607,3
28.4002,27.1071,66.4617,3
49.7080,40.4836,0.4550,3
38.7825,42.3065,40.5218,2
5.3497,25.1588,70.8931,3
48.3844,67.2420,84.2341,3
14.2612,25.4093,34.7044,1
14.3683,69.3322,95.6314,2
15.4049,92.1434,53.7172,2
9.5923,62.8796,46.7062,2
38.7057,79.8948,64.1022,3
35.0529,68.5839,23.6771,2
46.6493,36.9432,59.5153,3
39.8197,26.6944,45.0174,3
6.3446,38.0975,63.6157,3
46.1015,44.3392,83.4898,3
28.6187,80.8677,81.0113,3
33.6166,53.8182,58.4087,3
36.1027,88.8906,54.8347,3
44.3132,51.0941,75.9374,3
32.4332,26.2014,50.2105,3
39.3661,73.7838,56.3509,3
40.6749,92.2551,14.3420,3
16.4907,99.1060,24.1648,2
42.2297,62.5689,38.4896,2
37.7302,80.2654,27.2119,2
5.4964,82.2698,68.9465,3
10.4163,22.9507,66.0602,3
32.0533,81.0517,87.3212,3
34.8810,70.8496,52.0648,2
30.4819,97.9214,4.6562,3
29.4635,39.8015,72.5384,3
38.6896,41.2259,75.8392,3
33.9788,95.7294,81.5576,3
39.7361,31.2377,98.6748,3
40.8309,87.4068,75.1666,3
43.4571,68.7063,1.3124,3
25.8549,39.8679,31.1245,1
17.4003,70.5017,78.7961,2
44.1265,89.9236,2.0206,3
38.9385,94.4002,77.3664,3
10.2420,96.5936,50.2123,3
30.8377,42.6363,84.6641,3
44.4675,85.2721,20.7113,3
10.7235,98.1144,87.2326,3
43.5413,82.3914,10.6524,3
28.1619,29.2333,42.2619,2
12.2708,58.3580,67.1640,2
42.8461,26.4494,89.2078,3
13.5354,95.4784,48.1799,2
7.5554,83.2709,4.7208,3
33.2339,83.7527,46.2894,2
35.6525,65.8017,7.0315,3
36.2038,96.2128,34.2828,2
10.6770,40.5069,63.5547,3
49.2544,84.9385,78.1058,3
21.2155,68.8018,40.4174,1
7.6429,59.3088,54.7886,2
43.1415,81.0514,45.4156,3
27.3900,83.4085,28.9074,1
21.1964,92.2894,76.0232,2
47.4487,90.3084,76.2466,3
16.7633,61.6793,41.6688,1
22.5620,82.3322,38.7536,1
11.6469,47.8853,80.7197,3
27.8496,21.0115,62.3116,3
12.8683,28.6179,30.4378,1
39.6597,24.0048,20.7214,3
14.1225,85.8217,25.0158,2
31.0707,30.1010,79.1011,3
16.7346,56.8938,33.1921,1
34.5857,40.6756,0.0419,3
28.6476,97.9918,83.0862,3
49.6823,55.5797,56.7798,3
40.8947,46.9834,11.2896,3
12.5973,97.0022,79.0270,3
18.0004,82.4643,70.4950,2
26.1184,21.8203,72.7984,3
18.0691,41.7237,52.6065,2
16.9670,77.3131,29.1970,1
41.3037,54.9822,51.6534,3
6.5765,21.6311,21.1796,3
20.6555,34.0981,50.2396,2
32.0553,84.2611,51.3867,3
21.5267,93.9039,43.5733,2
17.6416,26.0771,18.4565,2
36.1002,35.8777,36.4917,2
6.2367,50.2467,64.8013,3
14.8714,20.3079,83.3390,3
37.4464,99.4164,13.5521,3
35.4873,40.5887,50.2282,3
38.6019,33.4662,46.5472,3
17.1097,32.3950,72.2819,2
16.6287,62.3576,69.2609,2
24.9371,30.6693,1.2207,2
22.1948,99.2409,97.2768,2
25.1739,53.2762,64.6171,2
42.4661,66.2585,72.4111,3
6.0794,90.2812,53.8886,3
27.1588,37.2859,13.5869,2
21.5659,93.6043,55.9185,2
23.5387,31.1345,6.1889,2
32.2839,96.6554,44.7919,2
15.6648,50.1410,51.0216,2
38.9143,56.2799,92.6593,3
33.8347,29.6471,11.4283,3
29.8175,84.2242,53.3299,2
41.1756,26.4275,32.8907,2
7.1634,48.4868,56.8779,3
46.6507,56.8122,37.5464,2
35.5785,77.4526,17.1128,3
36.5259,63.1725,50.9169,2
49.1606,81.6938,81.4859,3
41.9596,71.8073,2.5654,3
21.5812,81.3496,17.9773,2
48.0830,20.5678,55.8416,3
8.8027,80.8344,61.6832,3
23.2200,28.1098,45.1731,2
20.7339,35.0332,18.3696,2
43.1365,46.2982,9.9389,3
12.1168,72.8849,36.9637,1
7.5357,24.3897,5.9460,3
38.1783,88.0001,84.5201,3
29.5529,51.3782,31.7292,1
38.5418,84.6312,93.8926,3
49.3170,76.3977,19.2355,3
48.2977,29.8144,27.9246,2
42.4544,61.2194,24.4294,2
28.5731,81.6367,27.3722,2
27.5442,42.9746,39.7858,1
14.5402,76.6034,31.4147,1
27.8047,84.3638,14.1594,2
34.7726,46.4454,48.8018,3
37.2227,93.8833,86.0616,3
45.5043,23.9694,42.0981,2
41.0587,84.9189,41.9724,2
17.8436,63.9013,74.6564,2
36.1209,40.0501,0.0278,3
44.8809,55.6293,83.2472,3
44.2109,95.1037,35.2806,2
34.6882,67.7048,16.4138,2
24.6630,54.4473,19.0849,2
21.8719,54.9016,79.9761,2
43.6213,77.3690,80.5115,3
9.4313,64.5612,25.8815,2
23.8389,76.2438,94.6920,2
21.0576,66.1986,10.7097,2
35.7145,39.0450,46.9029,3
19.6614,24.0524,74.0748,2
32.8720,85.4089,94.6314,3
23.4888,80.5031,30.9855,1
24.4785,86.8728,89.8506,2
21.9177,84.2222,76.5890,2
13.3920,70.0485,49.6114,2
7.8273,63.7737,97.9526,3
40.0955,36.0720,22.1072,3
19.3559,21.4393,7.3623,2
37.3662,63.7320,69.6056,3
37.1936,25.8934,94.5874,3
48.6210,22.7311,6.7796,3
41.8860,68.6404,99.1716,3
16.1109,83.6389,52.4674,2
29.9832,36.7111,60.6742,3
23.4804,37.6497,83.7061,2
14.6391,44.0250,8.6856,2
35.4302,42.7098,95.7884,3
38.3685,92.0942,19.6418,3
33.7900,90.3873,96.1516,3
34.2596,95.8081,14.7628,3
6.8254,57.2069,31.7314,1
46.6699,21.2868,31.7050,2
20.7386,77.0382,0.1860,2
43.2456,94.7559,48.4114,3
9.8679,24.0566,25.8437,2
11.0560,60.2357,41.0176,1
13.6293,86.6539,60.0298,2
33.1834,74.6673,86.4810,3
35.3718,30.6386,38.3100,2
28.4723,34.8176,94.0239,3
16.3544,81.7654,95.1605,2
17.3665,56.4526,24.8792,1
42.0122,83.6195,89.3326,3
7.8215,79.2040,57.9649,3
24.0568,91.1584,86.7350,2
36.4881,33.7656,25.9622,3
12.0236,40.4993,77.3164,3
20.0121,42.6093,24.8896,2
7.2713,47.2171,9.4455,3
30.2864,34.7944,27.1706,2
26.5261,50.4876,32.1506,1
48.0466,24.6679,88.0356,3
46.7841,97.4324,86.2062,3
41.4432,38.9379,18.0149,3
32.1225,62.8401,72.0878,3
10.2864,42.8863,67.2235,3
32.5347,47.8893,14.8090,3
43.6042,86.4906,14.6208,3
38.7184,31.3535,45.1435,3
25.9752,52.1452,34.2165,1
26.0401,76.9392,33.1048,1
31.1061,48.6902,97.1085,3
35.7680,88.1817,43.2098,2
16.5357,26.3189,81.7053,2
36.4163,85.6980,67.9143,3
6.7003,53.9883,33.1526,1
24.5088,73.4411,56.6235,2
33.6033,36.8384,49.6205,3
15.5825,60.8900,29.5024,1
14.7714,95.2251,26.8008,2
33.1671,70.1131,57.6687,2
37.3446,68.6685,84.9623,3
6.1465,25.9015,55.4118,3
22.9847,36.9637,35.2771,1
34.2248,88.2515,18.1541,3
18.1543,31.2028,99.6616,2
5.8960,32.6183,38.4789,2
13.9517,74.4153,2.2864,2
28.1675,35.7324,63.1959,3
10.2767,35.7979,83.0005,3
45.5021,48.9075,58.7584,3
35.3924,80.8691,53.5727,3
31.0382,82.6872,54.6419,3
29.2035,42.6407,83.8207,3
24.8823,64.2170,63.2427,2
29.3300,55.3912,48.5537,2
9.4974,85.7823,8.0875,3
49.4167,97.5849,88.2334,3
8.4484,22.0738,61.7343,3
12.4437,95.2479,65.7207,3
43.6581,99.5320,93.8309,3
9.7328,98.6025,7.0269,3
40.0292,79.9469,21.2957,3
22.2023,70.4503,49.7626,2
36.6741,30.4846,40.7099,2
37.2784,20.6428,65.0313,3
29.3389,93.9920,96.2154,3
36.0071,63.1029,53.0592,2
25.0068,82.2735,33.4307,1
15.8974,55.3191,33.2592,1
41.6405,42.0156,40.2048,2
17.1556,63.0612,30.6117,1
33.2007,84.5028,74.9704,3
18.5716,65.2387,38.2669,1
34.2588,89.7230,84.0259,3
44.9252,52.2138,81.1313,3
21.9491,28.1276,58.8754,2
31.8415,80.8728,84.0467,3
45.2861,76.1708,62.6698,3
5.7010,29.0850,14.0031,3
16.6624,91.4593,72.6064,2
33.4960,29.9532,65.5108,3
37.8567,44.6363,24.3720,3
35.8931,29.6319,58.1620,3
48.8906,21.9732,18.2439,3
28.8572,25.6768,70.7769,3
8.6333,35.3288,54.7711,3
41.6923,49.3554,5.6382,3
20.6531,25.8942,18.8354,2
26.0674,90.4682,89.3561,3
36.6863,87.3865,53.4867,3
47.9996,86.7697,65.7076,3
15.5281,80.8848,87.5078,2
26.5376,49.0780,36.4799,1
38.8487,96.0008,40.0503,2
9.7910,23.3694,83.1604,3
18.9837,85.8419,11.5900,2
6.7746,44.7690,31.5665,2
49.8882,39.1035,74.1358,3
46.4429,82.6073,97.4249,3
12.5350,74.6799,52.2032,2
44.1498,79.4363,77.8995,3
22.3843,74.1527,88.1272,2
13.8738,22.5137,31.1499,1
43.8407,57.1849,25.6963,2
45.9851,23.3767,80.6558,3
40.9587,61.5217,26.3832,2
24.5552,48.3320,14.1681,2
31.7780,35.6550,99.6114,3
30.8488,29.3567,61.4600,3
22.1056,34.8538,29.7188,1
16.5159,66.6160,27.5691,1
7.1576,85.4360,28.5433,2
18.7097,54.6648,79.3294,2
32.6799,27.0139,45.9655,3
39.0512,23.2591,4.0412,3
36.5896,60.1240,16.3775,2
35.1617,26.5437,44.4639,3
41.8940,34.1698,58.9631,3
21.6844,91.4675,64.6608,2
21.1634,59.1364,52.6038,2
49.2991,79.6259,71.3956,3
49.2658,32.2558,46.7163,3
48.2788,88.1888,20.4906,3
23.9656,35.0332,70.0701,2
32.7794,66.4985,90.3062,3
9.5173,95.2399,48.4536,3
6.2161,93.1831,93.1201,3
47.4680,86.7836,27.8426,2
17.8913,46.2453,22.5566,2
45.8732,62.7848,26.6188,2
39.7511,70.2162,37.9272,2
46.1378,64.4407,62.8181,3
6.4682,70.3905,41.2845,1
38.6619,23.5047,38.5871,2
7.9523,94.5077,41.9875,2
11.2634,79.4576,88.1847,3
39.8909,88.0416,84.6900,3
49.5195,49.0690,34.8572,2
10.0224,88.6041,93.0537,3
17.7054,69.2055,24.4938,1
43.7887,20.5509,69.5109,3
29.4325,42.8835,92.3032,3
26.5804,61.9625,8.3273,2
23.5339,32.7210,55.4277,2
31.0280,39.5297,94.3444,3
18.6272,72.3385,97.9115,2
41.1634,79.6963,5.9229,3
28.5870,80.3101,66.0470,3
30.5485,93.6833,55.9559,3
42.6931,90.8660,78.6229,3
11.7445,82.0046,78.7224,3
35.3162,49.7169,28.9005,2
34.2849,78.3793,91.9961,3
20.3640,43.1267,74.1425,2
49.0303,43.2388,27.4314,2
45.2165,41.1791,41.5358,2
49.6422,84.0641,24.9826,3
47.8601,87.4878,97.4046,3
23.1421,73.3752,38.1812,1
24.8947,73.6964,41.4679,1
23.8556,63.3445,10.7249,2
49.3643,86.1565,48.2427,3
39.0132,99.7984,51.6455,3
37.5656,26.8000,95.6246,3
12.4620,84.0775,48.7695,2
33.9979,67.6809,41.5470,2
47.8475,44.8146,23.1136,3
45.2390,43.5348,10.7816,3
12.0482,48.5711,87.8404,3
34.8711,30.1350,53.5285,3
33.0254,84.6434,56.3637,3
20.4560,99.6697,25.9595,2
48.4055,36.7402,51.8018,3
9.9721,91.4400,48.9377,2
44.7791,85.9964,19.0065,3
7.6332,93.3354,56.2139,3
43.3661,75.1874,76.9596,3
26.7489,78.6653,91.8698,2
36.9193,94.5439,24.1434,3
41.1319,62.3801,6.0757,3
34.0408,70.1851,99.0908,3
34.2411,30.4580,99.1176,3
19.1683,75.7807,59.8267,2
20.9949,52.5331,65.3013,2
44.2264,95.7296,99.1008,3
10.2533,35.0326,20.5607,2
48.7993,27.7958,69.7054,3
48.0984,66.0239,0.7831,3
7.9550,76.7853,39.8358,1
27.7560,23.6164,89.8332,3
45.7426,68.1686,47.6294,2
22.7143,35.8289,93.9716,2
27.0191,28.6452,79.2747,3
48.7330,42.5933,68.7136,3
49.8571,29.1901,81.2616,3
27.4253,73.5449,18.0727,2
14.8082,64.4822,25.0508,1
31.8539,27.0162,78.1931,3
17.3288,78.9601,16.3027,2
40.9799,21.0805,17.0811,3
20.2047,82.3945,3.1705,2
38.3137,38.8272,99.6643,3
17.9092,31.6594,68.3261,2
17.4501,63.2181,77.2132,2
40.9963,37.6522,20.9775,3
17.2102,51.5766,74.6970,2
29.3910,90.3899,69.8508,3
32.5977,61.6515,41.2634,1
20.5662,33.9923,27.0111,2
45.5439,86.3566,0.4496,3
15.0819,84.5826,58.5562,2
8.2076,84.5942,75.3378,3
17.6723,79.5128,88.6729,2
34.1242,79.4925,4.8989,3
30.4283,80.2891,46.2599,2
23.2058,65.0382,67.4819,2
41.7485,85.3085,70.3064,3
49.2621,63.0444,44.3268,2
19.8853,29.9489,22.2480,2
18.7734,60.5228,99.7769,2
39.8957,91.0236,18.1364,3
6.0834,20.2197,50.2629,3
10.2891,35.1481,17.7670,2
37.1182,96.2580,12.1178,3
9.8085,46.3746,63.7629,3
21.6190,42.2763,11.5189,2
25.6095,22.8207,62.8182,3
42.0583,97.4863,32.2285,2
42.1295,60.5525,26.7668,2
9.3397,55.7581,86.7245,3
47.6383,56.9609,77.3111,3
14.5850,79.5233,2.1514,2
23.8187,81.5594,36.6610,1
9.6453,97.6851,29.8913,2
6.8996,52.6464,69.6980,3
22.2679,92.0515,21.3086,2
31.0431,28.5587,11.8068,3
13.7884,37.4132,65.9545,3
43.1858,89.2401,62.8288,3
23.3098,41.1748,29.3182,1
25.3798,70.3189,55.5268,2
39.2730,30.2654,11.2906,3
49.5857,45.2778,97.1388,3
18.0244,25.1704,50.7515,2
13.8815,91.9621,43.2463,2
24.8449,51.1685,11.1047,2
33.0470,32.3694,63.9712,3
23.0086,88.2408,52.0454,2
44.9774,22.0242,72.5430,3
30.1477,33.5152,10.5749,3
38.1714,50.0417,7.6371,3
36.2776,43.2723,30.0031,2
8.6946,53.8072,91.3136,3
43.7099,46.4840,30.6803,2
43.9847,79.1675,20.3776,3
45.4226,92.9587,34.0439,2
45.1778,73.0895,87.5620,3
22.3431,51.8516,50.2814,2
16.8606,62.9871,50.9130,2
13.4643,91.6435,10.4602,2
44.7032,63.0314,48.2054,2
43.6316,56.2589,30.2923,2
12.1076,75.0266,83.3063,2
27.9599,42.6000,94.0828,3
34.0952,63.5884,79.2123,3
20.0343,78.9050,35.0685,1
16.6123,38.6158,88.3575,2
41.2464,36.6594,7.0195,3
11.9570,44.6047,60.9825,3
34.9451,29.1146,45.4648,3
28.4437,40.7361,72.9817,3
31.7844,78.4662,69.8487,3
45.3604,73.8439,80.0119,3
27.9246,38.9779,9.0874,3
27.0254,83.8670,58.3336,2
6.1619,39.1366,44.1071,2
23.0993,75.7848,17.5738,2
21.6416,62.8797,98.3728,2
46.6342,50.5363,33.4051,2
47.7362,88.9268,71.0195,3
32.9731,78.3096,70.9725,3
42.6531,77.8831,65.0209,3
47.1565,95.2545,41.6859,2
49.9339,51.4501,24.8996,3
14.3321,29.5133,36.4927,1
48.5642,45.9604,91.9554,3
9.8235,31.7146,16.3088,3
29.7274,99.3507,20.4034,2
20.0214,88.2678,53.1209,2
20.5176,53.8171,73.5076,2
21.3069,72.9858,80.0919,2
7.5595,79.9894,94.4291,3
8.6173,26.5374,61.5449,3
35.4396,56.9820,93.5568,3
10.6986,29.4795,1.0287,3
41.9926,27.2125,60.3387,3
46.8325,24.2126,11.7377,3
44.1969,42.2044,42.2334,2
31.1118,77.3236,18.3959,2
44.3186,81.9314,9.0597,3
9.8707,76.5764,47.2712,2
25.3628,37.4034,71.2334,2
10.1341,49.8636,72.2192,3
49.1292,36.9890,63.5941,3
7.8878,41.3582,9.6487,3
42.3817,53.4454,89.1426,3
6.8095,75.8673,51.4406,2
36.2082,97.3421,97.2723,3
42.3821,36.8534,75.9354,3
48.0793,47.7034,34.9353,2
26.5052,75.6085,24.7775,2
12.1155,42.9219,64.5587,3
6.8945,94.2035,55.7566,3
9.7780,77.8504,28.6727,2
39.4973,90.4170,50.3718,3
13.3062,57.7979,57.1181,2
21.1876,81.5462,27.1463,1
42.8636,55.0021,58.6520,3
7.5209,36.8111,43.8575,2
38.2532,97.7053,7.2547,3
47.1616,44.6466,98.2703,3
7.0108,60.7153,77.7532,3
20.7707,97.9012,92.4751,2
19.9040,20.3241,17.5348,2
6.4644,74.3753,14.1007,2
26.5882,34.9955,86.6949,3
18.2534,75.8295,58.5911,2
21.8966,80.7908,11.4429,2
36.9939,34.3562,8.1889,3
48.5571,33.7620,26.4741,3
5.4583,74.1580,75.9913,3
5.9290,61.3675,84.8077,3
40.4226,84.3103,6.8186,3
17.7341,61.6884,51.0836,2
39.0898,93.5747,71.6757,3
26.6747,67.2355,0.3791,2
25.2799,29.0938,73.1541,3
40.1589,99.9728,46.2843,3
8.9167,31.1053,90.7649,3
13.8142,49.0447,13.3432,2
41.8517,44.0948,37.2298,2
38.4106,67.7926,59.5462,3
7.2793,37.4607,27.5536,2
49.7722,37.9764,37.3282,2
13.6648,57.9198,0.0071,2
41.1590,90.6220,49.0393,3
43.0287,20.3994,43.7350,3
12.6607,51.2345,42.2046,1
35.5486,84.1744,94.1778,3
18.4855,75.1355,83.7444,2
23.0005,64.8555,68.6751,2
8.5544,69.7215,54.2771,2
18.8890,99.5995,8.1610,2
47.7776,71.0082,5.9375,3
13.1380,82.5554,19.6009,2
7.1037,63.7762,99.8589,3
22.0697,55.3525,77.3941,2
31.9447,41.6196,54.7627,3
25.7089,21.3048,10.7492,2
32.2203,31.9066,76.9045,3
27.1015,26.8750,95.1726,3
42.7252,71.1167,74.5538,3
34.9343,21.0330,62.0677,3
16.0073,95.8296,40.9054,1
36.7112,31.9089,47.3061,3
9.6968,52.5212,56.0389,2
33.4624,51.6382,15.8874,2
34.6839,20.9536,80.8659,3
35.3881,81.9391,97.3659,3
19.7193,62.6159,63.2606,2
31.3621,70.6950,94.1986,3
26.7762,88.9372,63.1238,3
40.2141,46.2345,32.9139,2
47.0864,86.6397,50.6287,3
25.7334,40.0923,20.7532,2
15.1552,95.3357,26.6593,2
25.0864,74.5567,64.5486,2
39.6935,50.3315,33.2425,2
27.6184,70.7781,99.4602,2
31.4332,81.4194,92.4517,3
5.1503,40.3207,0.3249,3
45.6543,50.9948,58.0039,3
26.7508,80.2657,36.8192,1
5.5493,48.7119,47.0351,2
23.2450,41.8411,9.6530,2
6.2638,92.8823,6.5943,3
22.8660,26.2653,11.1114,2
34.1358,93.9111,34.8211,2
38.5534,82.4403,64.0376,3
44.0927,34.9350,7.5132,3
25.5226,62.7211,37.2022,1
46.4855,29.8735,93.2962,3
24.0126,86.6635,37.7842,1
27.8603,75.0512,47.3816,2
44.3320,62.9638,1.8128,3
40.9367,59.5336,67.3398,3
19.5580,75.9133,72.2336,2
49.9347,49.1839,21.9639,3
26.6838,75.3440,48.1708,2
43.7756,97.0542,97.9924,3
10.6659,39.4826,29.4566,2
46.7899,82.4988,12.1371,3
24.7268,94.3378,20.6248,2
29.9081,75.1385,6.4803,3
24.4329,93.4504,1.1797,2
33.5026,89.9282,42.9964,2
16.6537,78.1327,36.6959,1
20.0491,40.8369,96.0789,2
38.5414,31.0898,29.7452,2
45.3474,86.3724,35.2166,2
36.9123,28.0651,14.8959,3
45.5385,63.4698,13.6195,3
27.0752,57.1174,99.6865,2
5.6583,79.1710,75.6350,3
39.8772,82.2072,70.9645,3
24.0713,23.9534,96.7588,2
15.8985,44.4183,15.2745,2
19.9294,46.2255,35.9696,1
23.1608,73.4308,97.0877,2
28.5086,99.5276,5.5099,3
21.9065,22.4133,59.7311,2
49.0610,36.9796,71.7614,3
39.3410,28.2849,43.2689,3
11.2886,48.1748,80.6833,3
18.0782,94.6658,77.6243,2
16.8435,54.0953,61.7741,2
32.3031,65.0425,37.6213,1
47.4816,27.0324,63.3077,3
6.6011,64.4577,18.4308,2
8.7936,24.2242,95.5606,3
10.7798,48.7547,47.0319,2
6.0973,93.9706,1.5320,3
46.0186,22.5435,41.0291,2
40.2324,21.9823,80.9814,3
26.1678,57.7009,18.6162,2
15.5094,83.8882,1.0396,2
19.3450,45.6277,27.0844,1
18.9844,29.8031,16.6710,2
30.0721,64.9350,92.9674,2
28.9504,55.0275,9.5146,2
38.1229,55.6851,75.9145,3
13.7078,69.2181,72.4233,2
21.2785,58.3918,6.4352,2
17.1632,33.1588,37.4656,1
9.0132,86.2881,73.3607,3
43.9507,95.8203,56.4176,3
38.5323,59.2108,78.5815,3
29.1525,78.9052,27.5035,2
35.9114,66.2834,24.9838,2
35.8550,49.6223,62.9008,3
34.6216,73.6972,68.3598,3
23.7813,69.9745,90.6747,2
8.0652,82.6553,12.8770,3
25.9513,33.1262,78.2420,3
6.6724,76.0911,40.1510,2
16.9273,96.8369,29.2062,1
14.5267,54.5172,30.2245,1
37.7514,22.4127,69.2058,3
23.9950,82.7149,33.3897,1
5.8160,81.0622,13.2538,3
26.4999,86.6396,92.4995,2
16.0704,87.0532,77.6108,2
46.5605,85.2122,8.9495,3
47.4973,21.9764,34.3556,2
22.5156,58.8212,23.5229,1
10.5709,86.9638,64.1820,3
26.3702,81.9683,91.5157,2
15.0767,45.8328,93.4322,2
29.4820,42.4991,15.8222,2
49.4920,62.8019,86.2258,3
33.6199,55.4931,85.8298,3
21.0429,81.4778,45.3416,2
45.3825,60.2574,32.5817,2
37.6585,88.8107,85.1018,3
26.5282,55.2137,14.9293,2
6.7660,94.5216,72.5230,3
30.9552,66.6726,2.3347,2
25.4188,93.7060,46.2037,2
31.1366,50.1681,10.5034,3
19.5606,26.8071,57.8580,2
49.1789,49.0159,85.8439,3
6.9251,60.4015,65.4468,3
19.3652,27.8678,21.7900,2
8.1504,91.0576,0.4582,3
8.1217,83.6552,29.9730,2
21.4142,44.5350,89.0707,2
46.7933,94.3051,30.7343,2
14.0171,86.2397,84.8965,2
20.9424,66.2404,39.0728,1
5.6741,52.8541,89.4940,3
43.6071,28.3026,30.6958,2
8.3236,43.8428,29.7681,2
7.3932,91.6196,83.9877,3
46.7809,79.5487,76.0050,3
40.4259,74.0197,17.5963,3
12.9981,60.0288,69.0601,2
6.3373,63.7123,88.7133,3
10.6708,45.0356,98.6750,3
19.7993,22.2998,68.3640,2
49.2187,38.4528,21.6067,3
24.4347,62.8726,81.4691,2
49.7069,85.0419,29.0908,2
40.3776,70.4697,49.0951,2
33.5600,55.1812,63.2210,3
38.1571,21.0977,61.6237,3
11.8872,46.9314,44.3638,2
48.7509,46.0452,81.9315,3
20.1677,38.3460,43.4008,2
9.0439,85.5443,49.8317,2
35.9392,83.8191,40.8912,2
25.2821,40.2853,71.4318,2
42.4517,65.9322,3.8594,3
37.0227,73.3499,34.2579,2
23.4157,59.6152,79.0788,2
35.6280,61.3650,80.5505,3
43.6621,24.1434,6.9814,3
26.4051,82.5294,10.9768,2
43.8525,30.9797,69.5478,3
41.1492,23.6387,84.8743,3
42.8668,31.6759,20.9046,3
43.7144,97.2510,48.4300,3
10.6538,42.3645,33.8270,1
33.4029,77.7382,60.6767,3
45.0646,20.8475,38.9918,2
18.1311,80.1364,68.0873,2
45.0904,45.0644,85.5539,3
29.2261,32.2682,82.9070,3
15.5107,80.8217,53.6893,2
28.1698,62.7938,97.5473,2
31.3091,23.5343,95.5898,3
17.6748,57.6153,82.3117,2
8.8063,38.6061,87.6872,3
10.2745,61.3357,18.5883,2
20.9307,83.2350,95.9058,2
30.8259,48.9557,8.0151,3
23.0667,85.1095,75.6668,2
21.0371,33.5939,54.3691,2
42.4442,64.9858,54.1701,3
36.8019,30.3518,61.8636,3
8.5126,32.7757,5.1453,3
32.6412,97.1357,14.8338,3
26.1760,91.5131,85.0026,3
24.0440,79.5763,4.3245,2
39.0443,78.0476,58.2879,3
10.1437,43.6969,17.1727,2
7.6523,91.9350,18.1615,3
14.2998,76.0615,32.2053,1
23.2219,24.5255,92.6757,2
49.8395,49.4635,21.5623,3
36.7597,80.6190,15.3624,3
26.9108,35.6399,23.3732,2
27.2201,51.9708,47.5012,2
22.2936,25.8484,7.6200,2
16.7882,61.8330,21.2946,1
33.1484,80.9400,89.2237,3
47.4666,49.1805,94.3036,3
44.3898,45.2548,36.9946,2
12.5562,89.5249,52.9474,2
14.2629,84.7502,85.0389,2
33.7852,51.5510,22.0036,2
39.4866,81.6393,51.0823,3
38.4231,35.9834,52.9570,3
19.6320,99.3298,42.4332,2
14.2525,35.6902,99.5609,2
49.9650,83.9743,48.0522,3
34.9612,76.1540,13.0373,3
11.4724,51.5225,37.4793,1
26.0640,44.2196,61.7985,2
38.9730,89.7086,40.9381,2
18.1416,32.0005,56.0221,2
6.7185,88.5962,47.6958,3
32.4132,52.0030,0.3662,3
40.4978,57.9032,40.6584,2
39.1544,47.7974,64.7494,3
37.6558,98.5968,76.8388,3
6.0616,69.9999,61.6241,3
10.5505,80.0189,37.4835,1
33.0689,41.4775,17.7118,3
22.8197,36.5121,98.6765,2
37.7092,23.0025,38.4492,2
46.0795,67.6576,48.4848,2
29.1642,44.3097,38.8386,1
13.8682,76.8410,23.6458,2
24.1156,94.1404,40.5866,1
20.1683,53.8158,24.9110,1
37.9642,74.2955,25.2672,2
23.9112,62.5508,86.7443,2
20.0923,66.2586,93.9990,2
16.7471,78.2654,65.5210,2
11.7353,98.7779,78.2343,3
24.2894,64.7859,36.0861,1
16.7798,91.6909,58.5019,2
21.6249,88.1063,44.2318,2
13.3167,32.2034,94.0836,3
22.2078,51.6358,53.7638,2
30.9366,54.5727,93.5813,3
19.8963,29.0439,99.5400,2
14.8884,95.5739,84.5712,3
39.9901,30.6291,3.4791,3
12.6877,52.1343,79.2041,2
22.6725,22.5024,7.1680,2
25.7246,22.2986,75.5719,3
16.0255,58.9798,79.2352,2
29.8603,90.6330,84.7007,3
12.7971,21.7965,86.4255,3
34.5096,93.5154,8.3186,3
49.4121,98.7562,26.8136,3
7.6412,49.7639,43.4286,2
17.0993,24.3277,86.6825,2
14.5102,89.8555,25.8654,2
43.2453,42.6227,10.0779,3
42.0222,42.2041,30.8837,2
23.3537,68.4646,63.6142,2
8.4106,96.2487,5.2048,3
42.6144,77.2351,28.9492,2
31.8714,63.9692,66.6937,3
38.1963,61.1882,71.6207,3
13.9144,75.4054,42.7747,1
47.3470,88.4426,0.1322,3
39.2250,68.1994,71.4250,3
16.6239,83.8983,14.0655,2
45.4479,54.7547,10.6337,3
36.5310,50.9433,25.4500,2
35.1066,46.6785,21.6940,2
32.1280,48.0317,5.2808,3
15.2110,56.0682,57.4441,2
26.8940,93.5018,34.1619,1
44.0281,58.2937,68.1331,3
29.3080,28.7051,42.2481,2
35.3841,42.0808,33.0238,2
36.5513,78.6934,53.6267,3
38.1351,87.3567,50.8850,3
36.2992,20.9809,2.9264,3
32.1218,70.8577,29.3781,1
32.7951,28.1383,76.9363,3
20.8880,65.7135,97.9231,2
28.2448,62.1334,10.3152,2
6.9958,93.8114,86.6461,3
41.4693,99.5381,9.6801,3
39.4582,28.9473,63.4771,3
37.3074,75.4819,26.4883,2
44.7494,65.2836,91.3494,3
25.0091,47.4372,89.8603,2
41.7075,26.8871,43.8684,3
8.4079,89.6151,47.8352,2
16.7687,25.6202,29.3043,1
21.4133,97.6324,99.0115,2
25.8292,93.1040,79.8742,3
39.6268,41.5050,74.2521,3
49.5988,87.1941,54.2142,3
5.0413,50.1400,65.4101,3
11.2340,52.4542,71.0314,3
45.1111,76.1152,61.0611,3
15.1665,73.6794,83.8472,2
24.7043,91.1252,33.8779,1
33.4688,87.2973,88.7771,3
26.0769,56.8526,94.5397,2
25.9891,20.2709,48.4715,2
32.1904,79.4978,7.9152,3
30.8893,68.8867,67.9692,2
17.2547,81.3297,78.9467,2
11.1737,81.7709,61.6343,3
24.6459,82.3311,12.7451,2
21.0794,91.4284,14.3222,2
46.7549,70.3366,0.6709,3
11.9990,24.1746,77.2124,3
16.4410,65.5769,85.0673,2
45.5964,87.2759,50.2766,3
11.4172,47.8012,33.4884,1
49.5785,84.5484,32.2568,2
23.5675,41.7335,40.3425,1
8.6116,86.8015,53.2419,3
32.2279,35.7438,45.1830,2
25.8040,27.7268,3.0520,3
32.8079,65.7337,64.5924,3
45.3214,99.8680,83.9223,3
6.0420,44.5578,77.7597,3
45.5535,92.9523,67.1017,3
43.1129,32.8057,39.2556,2
8.7592,43.2102,77.6272,3
13.3831,79.3930,76.8355,2
44.5920,97.3788,74.7124,3
35.3966,82.6959,18.9230,3
38.2467,92.7524,45.3228,3
5.9917,46.9409,9.6584,3
33.1868,86.7828,9.1379,3
24.2347,73.8106,90.7451,2
14.9183,62.2426,1.7211,2
22.5579,47.6076,17.7224,2
11.4468,49.5347,6.1151,3
45.7868,96.2995,86.3017,3
5.1661,47.5887,43.6575,2
19.8104,84.0029,67.5290,2
13.7815,26.9309,59.9906,3
42.9558,70.7269,24.5223,2
30.0827,62.4664,78.6969,2
24.1613,77.6874,25.9701,1
6.0736,81.5818,98.6395,3
49.3887,80.0869,66.7840,3
21.8467,93.9688,48.0658,2
37.7229,65.3568,89.6927,3
36.0243,44.5439,91.5893,3
12.9622,37.0220,35.9129,1
21.5470,85.8702,43.7337,2
44.2891,46.5446,38.6970,2
39.3284,39.7695,12.3645,3
11.2397,38.6030,60.0553,3
6.8263,73.0833,76.5032,3
38.6331,70.5806,43.9669,2
49.1981,27.2331,75.7189,3
22.1821,86.0699,62.9186,2
11.2519,87.1776,7.6346,3
41.4831,65.3740,15.0437,3
31.7664,64.3868,31.6532,1
41.5602,30.0835,13.9754,3
15.8954,89.2472,16.6113,2
41.2931,81.8898,60.9406,3
26.1323,48.5045,21.5878,2
36.2759,56.9365,27.3786,2
19.6055,31.1672,4.4537,2
24.7235,98.0962,94.3611,2
11.0944,64.1158,34.8010,1
34.2403,22.1704,54.3539,3
25.7513,64.9010,15.2291,2
32.8424,43.7065,50.8339,3
44.1045,27.5008,39.7571,2
29.6756,53.0000,47.9621,2
37.4248,73.5943,47.7263,2
16.5671,40.6444,76.4123,2
25.2658,46.3405,68.5025,2
27.6250,55.3032,13.8666,2
45.5278,86.4502,83.7151,3
13.4344,60.3429,94.7678,2
46.7492,23.1070,0.6870,3
28.0060,36.9628,21.0348,2
25.9231,23.7688,66.9491,3
20.7887,25.8385,84.9297,2
28.6005,93.2036,0.4390,3
31.3142,57.5814,93.7420,3
12.9556,63.6597,17.2259,2
43.6579,46.7977,45.0192,3
35.9439,41.6632,12.0737,3
25.0860,49.4807,35.4597,1
5.3451,82.3439,73.9804,3
36.6823,52.8946,49.5534,3
34.8690,96.4331,28.2481,2
38.6390,69.1961,63.4785,3
9.2140,81.1098,41.0777,2
19.8284,54.5963,87.1921,2
34.3899,20.7483,23.4507,3
36.2615,90.0474,53.8078,3
31.6498,42.4867,14.0088,3
24.6905,63.0605,56.4606,2
13.5623,26.1684,33.5655,1
41.1284,41.8256,68.3704,3
16.6853,38.7930,21.1114,2
24.2871,41.4965,36.2455,1
30.9489,86.5448,76.6111,3
24.6788,44.1933,65.6702,2
24.4970,80.5827,85.9338,2
17.8981,50.8000,2.8899,2
24.3240,55.0625,91.6674,2
23.2700,54.0495,32.9047,1
9.6522,68.2783,21.1266,2
28.4356,81.4935,73.3723,3
9.9221,53.6696,79.9729,3
5.3130,31.8022,41.7575,2
27.7803,61.7792,89.1194,2
38.7108,96.0925,96.5635,3
7.2734,28.0316,80.5969,3
47.0672,74.6134,0.9363,3
9.2903,97.3197,8.9741,3
45.5359,49.9235,93.0472,3
13.8998,97.7858,52.0949,2
39.5443,36.8398,13.3031,3
15.4931,79.7855,0.0642,2
36.0399,28.1921,66.2821,3
18.5963,92.0722,31.4178,1
45.9809,65.4294,21.7998,2
43.2977,44.0284,61.1022,3
29.4871,82.8858,25.5821,2
10.6432,93.0248,31.2253,2
32.9861,89.6754,8.0922,3
18.1389,26.6847,92.1585,2
47.3273,92.4114,36.4727,2
26.5815,93.1101,88.5081,3
5.5154,34.3234,40.8319,2
38.7800,50.6596,20.6169,3
42.2883,47.2769,11.3383,3
33.5102,89.1745,57.6743,3
49.8364,89.9250,24.4686,3
19.8167,35.6607,55.7684,2
34.3414,79.9713,52.9663,3
10.5129,40.0299,46.8330,2
17.1214,24.0558,88.9532,2
28.4597,67.6224,10.2397,2
45.9749,88.9960,39.0581,2
13.9201,83.5549,57.4209,2
42.4200,58.5528,89.1276,3
37.2276,48.1818,75.4854,3
19.4719,54.3588,39.9625,1
23.8255,78.0521,24.5668,2
19.5446,60.9796,27.6821,1
10.9830,76.2586,59.7402,2
47.5839,79.4065,57.2114,3
16.9988,35.9675,52.3390,2
25.7318,52.4003,44.1560,1
14.5476,53.6551,3.9203,2
30.2230,64.5524,66.6883,2
37.1204,73.9163,80.3791,3
10.9880,90.8928,38.8427,2
35.0022,29.6449,22.4341,3
46.8867,31.0045,46.5253,3
9.2537,27.4645,99.3937,3
33.7363,70.8875,27.0722,2
11.8444,69.1088,24.9250,2
17.1973,53.6305,22.5041,2
47.2761,66.2420,6.8563,3
26.7153,64.8867,35.8629,1
44.3298,61.6689,23.8875,2
29.3536,77.8375,30.8721,1
44.2655,24.5566,29.7670,2
46.7417,41.3969,7.5850,3
7.0263,80.2906,33.6170,2
39.4122,72.1146,75.0694,3
46.2821,85.1652,15.1345,3
45.8161,46.8553,80.4511,3
28.4586,34.0246,68.9840,3
35.1047,92.6293,41.0411,2
38.0412,61.4386,55.0295,3
20.4370,48.9029,80.2624,2
33.5541,74.9073,93.1070,3
36.0356,78.7546,77.2910,3
24.3069,56.8137,97.8921,2
30.1868,50.0685,5.8269,3
14.6878,82.2405,92.6719,2
40.3026,83.6708,87.6119,3
25.0171,31.1461,61.9474,2
45.9151,55.6144,81.6735,3
44.4013,26.3976,42.7094,3
25.4198,54.6282,26.3691,1
27.0039,77.8546,67.9633,2
46.8471,78.8216,75.4543,3
18.0273,22.5025,51.3116,2
40.0464,51.8692,81.4350,3
32.9161,46.5605,34.2391,2
35.7234,66.0947,6.6998,3
29.8570,23.4815,54.7082,3
46.7420,27.3437,48.3882,3
39.8634,54.3056,35.9828,2
30.9868,88.3446,86.6707,3
17.1769,97.3669,16.2616,2
14.5414,76.0138,86.6931,2
13.3452,46.0145,7.7307,2
25.7015,61.3403,59.0524,2
13.4286,42.1366,75.5103,2
9.9411,20.3288,38.9479,2
31.0677,91.3183,3.9336,3
20.0387,88.5232,71.2933,2
33.4877,20.7883,46.4767,3
49.0162,73.6207,81.5351,3
28.1095,48.9211,32.0875,1
40.8510,56.9048,32.2348,2
34.5051,99.8748,43.0354,2
12.3820,71.3618,40.0638,1
31.5371,99.7633,45.8032,2
18.6267,98.4586,66.7309,2
18.7485,45.3676,60.4790,2
21.3418,81.8340,19.3041,2
13.5827,38.6166,87.3865,3
9.1071,68.0869,86.3676,2
12.9619,93.5159,71.1192,3
15.3491,98.4357,83.2339,2
7.5599,86.0236,57.6727,3
45.0370,67.1826,79.5984,3
42.4718,83.7184,5.8742,3
34.9491,91.7441,93.6119,3
39.5188,44.8100,85.8450,3
6.1505,81.6728,48.5493,2
44.5993,60.1403,42.2787,2
43.0072,46.3453,48.7764,3
42.9653,21.0358,34.9944,2
42.4752,90.3639,16.0086,3
25.0066,47.5054,97.5886,2
30.3930,51.9493,87.2209,3
36.8722,77.0160,61.1858,3
23.7647,27.8863,63.4061,2
23.6597,56.2037,92.3967,2
37.4473,82.5361,76.0196,3
24.4637,64.7148,54.3574,2
15.8366,70.6165,37.4640,1
7.4403,97.6116,41.6130,2
20.7452,70.1883,45.3578,1
48.9806,24.0060,81.6622,3
5.9517,34.6304,17.4004,3
20.3290,90.0517,24.3860,2
28.1765,58.2776,23.6390,2
25.8488,87.5133,69.8380,2
22.6061,41.5459,51.5573,2
15.1136,32.4552,4.3402,2
5.4773,97.8232,36.1307,2
6.6753,66.5013,47.0020,2
30.8510,63.3313,10.0024,2
38.6832,50.1026,99.6130,3
31.5919,59.2249,36.1398,1
29.2432,57.8570,52.5730,2
48.6643,52.4349,28.0927,2
24.1394,24.1703,45.6270,2
46.4336,36.0839,8.9219,3
5.7195,71.5355,76.5092,3
35.2100,71.2621,81.6831,3
43.4047,46.8950,57.9606,3
34.6122,47.3152,63.6296,3
34.6741,20.0128,8.4930,3
38.0680,26.0374,50.7712,3
7.0022,86.2615,55.4535,3
14.1692,89.0111,11.9929,2
45.8380,97.7660,65.7848,3
42.7242,85.9001,45.3609,3
10.4952,26.6540,10.3799,3
28.0870,22.8370,48.0105,2
17.9071,89.7493,9.0529,2
35.6036,26.4960,52.7780,3
20.0370,63.9481,7.3293,2
27.5063,60.6987,84.3608,2
7.5241,29.8605,98.0194,3
26.9268,76.8325,29.1678,1
33.3550,53.8622,83.1767,3
24.5366,74.1347,33.2262,1
14.2108,37.4207,56.5871,2
27.0904,76.1909,84.8241,2
6.6578,83.9305,86.0063,3
36.9917,74.3701,93.8675,3
45.0371,49.3807,64.3452,3
29.0859,28.5433,23.0076,2
27.7198,56.1729,57.3611,2
40.8722,84.2860,27.1918,2
16.9442,69.2425,37.8851,1
48.1987,70.7529,25.7977,2
9.7494,77.9046,32.0678,1
13.6100,40.1973,69.4568,2
34.6144,28.0652,66.4828,3
32.7456,84.0208,8.7058,3
17.2540,84.2837,43.9675,2
45.9016,75.3650,5.4227,3
25.3073,43.7562,76.0920,2
11.7455,90.6091,72.9703,3
31.3641,64.8975,95.1894,2
43.8659,93.7567,82.2231,3
20.7815,33.5806,29.8107,1
48.2739,97.0886,20.3737,3
15.1836,72.6348,55.3498,2
30.3981,92.5633,55.7046,3
31.1146,72.9062,51.0529,2
31.1719,79.7412,91.5281,3
46.9442,73.4316,26.8703,2
44.0186,75.5190,36.7672,2
33.2340,53.8135,83.3455,3
20.1490,55.1736,79.2948,2
14.0193,65.1201,44.8856,1
21.5314,28.7999,1.1649,2
32.6158,64.8113,93.6150,3
18.5557,23.2468,46.3318,2
6.8884,40.7060,66.8248,3
25.5692,46.1726,79.9356,2
20.1424,32.8066,27.9338,1
47.8567,40.0094,36.2432,2
12.8740,71.8150,27.6879,1
14.4305,66.9610,76.4550,2
31.6211,59.8785,97.3415,3
17.8252,57.8251,19.1161,2
27.6340,58.8465,77.1639,2
25.5664,31.4427,94.9668,3
17.0507,39.5897,90.1748,2
34.8143,90.8716,28.7772,2
7.3598,54.6619,24.5111,2
37.8534,37.2092,7.8109,3
26.2804,42.5631,25.4604,2
19.1551,44.4950,44.2000,2
30.9615,63.0832,59.5220,2
10.7935,24.7972,93.1764,3
15.0340,86.4290,6.6054,2
35.4150,68.2529,46.2643,2
21.8189,89.1505,70.3097,2
34.1064,94.2051,6.7166,3
38.7092,97.4327,97.1303,3
12.8061,84.7872,5.8864,2
36.1428,71.3029,45.5724,2
20.5023,39.1308,34.9407,1
9.4726,44.1837,50.7756,2
28.1620,66.1549,72.7147,2
10.2476,88.0065,36.5860,2
13.6063,34.3506,80.5922,3
26.5102,40.6066,93.1404,2
31.3774,70.7425,24.7913,2
22.9910,44.5593,24.5934,2
45.4463,30.2835,8.9319,3
22.1080,72.6179,31.5736,1
14.1053,24.3618,83.2676,3
38.1373,71.5840,73.3110,3
42.8673,41.2734,79.0762,3
9.6375,94.6645,56.4795,3
39.3619,58.9645,40.0306,2
36.7697,46.3590,59.9916,3
5.0601,87.0467,16.6909,3
32.6126,88.4194,68.0444,3
26.3176,60.3598,43.9195,1
6.5570,81.9267,95.6304,3
37.4229,91.8977,87.1479,3
20.9888,49.0378,45.9479,2
9.1195,23.5754,0.2429,3
28.7945,63.0917,7.7742,2
12.9836,79.3208,53.1851,2
40.0407,36.0432,57.1775,3
15.7823,96.8205,92.4294,2
19.6685,32.3952,14.7508,2
12.9371,70.5248,17.9260,2
13.2780,52.2172,79.3802,2
11.0099,32.5502,7.5460,3
7.8674,33.1340,79.5750,3
49.3352,36.3963,18.2044,3
12.4417,23.5035,84.0771,3
27.9533,46.4157,20.9379,2
12.8569,28.8035,66.6211,3
34.6784,30.1969,21.1409,3
41.8230,62.7617,17.7762,3
34.3244,87.3594,32.8715,2
39.2762,87.2497,34.7606,2
46.5896,52.2217,10.6744,3
39.0771,33.9092,20.6219,3
34.4990,60.5487,7.9419,3
41.0171,21.6259,19.1003,3
33.1667,81.5526,45.5634,2
25.3487,95.1887,30.2628,1
29.6735,71.5786,92.7592,2
39.4023,29.4709,76.5370,3
32.9790,81.9592,9.7951,3
46.4282,83.4883,84.7675,3
44.6409,27.6702,79.8100,3
36.5055,74.4412,38.2448,2
16.8691,68.7134,28.5801,1
46.2724,68.6668,35.8872,2
5.9559,32.8181,29.0826,2
12.2927,63.6321,72.1219,2
44.7803,71.5880,57.8296,3
15.7874,89.9006,31.5949,1
36.6389,79.8039,4.4757,3
34.2847,94.4955,69.3653,3
26.4526,52.2029,14.9890,2
15.1193,91.1224,39.0257,1
12.3068,51.8753,43.8091,2
20.2714,21.3540,36.7277,1
45.3556,41.9850,36.2332,2
37.2034,32.4648,84.1223,3
29.5397,62.6839,12.7691,2
8.0397,87.8514,22.1202,2
24.6135,60.6060,2.3826,2
36.6701,63.4107,90.8981,3
10.8895,33.4588,25.8534,2
18.7218,95.4173,56.7745,2
17.1681,37.1924,52.2093,2
14.0517,26.4280,62.3946,3
35.0751,25.9334,50.5508,3
30.7300,70.8236,0.8186,2
40.7312,62.2820,41.2541,2
24.7722,56.2436,85.1049,2
35.9482,42.8813,1.2537,3
21.9496,35.1711,60.6888,2
33.8374,45.8103,86.3019,3
49.1979,57.5940,47.2466,2
8.5276,90.2711,14.3289,3
33.2815,71.6226,34.5421,1
9.4669,72.3535,34.1947,1
11.8809,93.1156,48.6583,2
36.5196,44.0475,14.8145,3
6.5514,47.5669,5.0185,3
49.5546,38.6650,12.5894,3
41.9552,83.9329,99.6703,3
15.9780,23.8526,72.3239,2
41.3589,48.0002,93.5892,3
39.7312,52.7894,71.9779,3
5.0431,47.1630,16.9989,3
18.7372,36.7212,71.5025,2
42.3068,34.4187,41.7292,2
31.9388,31.5560,36.0752,2
13.7963,64.9672,90.2050,2
25.8280,73.6843,72.0325,2
49.5794,70.2325,18.5042,3
5.4680,31.1157,12.4675,3
28.5353,55.1409,61.4594,2
8.4968,85.6273,10.8928,3
35.7570,75.4313,56.7929,3
12.8681,69.0343,92.4818,2
41.2331,30.3945,33.1077,2
40.5438,35.7441,71.4914,3
46.3256,42.7449,9.4189,3
25.7096,45.0693,50.8989,2
18.6239,60.3054,15.7823,2
12.7729,50.7804,8.9676,2
49.2793,45.8101,19.9953,3
36.6480,53.6836,95.7894,3
7.3830,58.3292,23.4556,2
36.6428,63.6454,23.8094,2
28.6286,82.2873,97.4770,3
15.2036,24.3449,56.5805,2
18.8771,79.5907,76.8197,2
13.5148,55.7788,2.3693,2
37.6493,63.7568,97.9058,3
20.2152,72.5539,57.2730,2
29.9694,53.9427,37.2957,1
15.3508,75.2997,70.3713,2
35.0118,98.2320,32.5789,2
12.2506,24.7319,13.2982,3
16.9253,24.7916,94.3762,2
19.6324,94.4588,37.6128,1
29.3020,67.5755,39.8705,1
21.0898,73.0454,90.1025,2
38.6531,55.2637,78.5334,3
33.4753,60.9021,88.4858,3
27.7104,55.1382,66.7111,2
24.5092,42.9489,51.5041,2
47.2081,60.1424,98.9836,3
41.9055,58.8222,33.7503,2
34.0514,96.3775,41.4015,2
14.6113,30.4742,51.6906,2
24.9860,61.1360,48.6121,1
30.8390,45.1135,47.5562,2
24.2329,62.1460,44.9712,1
34.2549,76.8370,40.0409,2
37.9310,92.9889,76.8495,3
39.8758,78.6394,39.3559,2
47.9695,35.3612,29.3169,2
14.3396,58.7484,74.7735,2
16.6275,96.8519,66.0833,2
47.1228,68.4743,58.7227,3
48.4132,95.6511,69.3768,3
10.1572,29.4502,3.3732,3
11.6347,63.7837,44.5508,2
36.2250,91.3719,37.6531,2
44.1187,91.6943,67.8020,3
42.5953,94.0691,45.6810,3
27.6379,61.2976,46.0229,2
47.6644,27.3195,36.3249,2
45.7893,81.9487,28.8336,2
34.8599,20.1541,53.2677,3
46.3297,69.4641,90.9096,3
8.3996,62.6964,68.4251,3
6.4966,89.3112,25.6485,2
43.9160,42.3768,98.1498,3
44.9350,88.5055,68.7450,3
23.0663,56.6448,58.7136,2
17.0305,40.5072,48.5362,2
28.7993,83.7938,74.4896,3
33.1327,72.3393,87.1664,3
7.6146,65.6494,6.0498,3
9.9507,58.0523,39.1720,1
38.0270,85.4916,79.0035,3
31.0870,20.4810,2.3363,3
13.5583,41.4621,46.0890,2
22.1025,32.0927,9.6432,2
5.9731,25.5301,0.0603,3
6.4527,55.7838,67.5560,3
23.8395,41.0079,61.5503,2
33.4551,76.8817,28.4300,2
48.0382,33.7624,96.3486,3
33.4901,41.7830,19.9150,3
15.4260,71.6873,95.7994,2
44.0497,98.5102,32.2066,2
22.4501,79.7594,25.0291,2
20.1702,42.9192,40.7953,1
39.7373,20.7105,2.6022,3
5.1659,71.1524,36.6574,1
26.1978,57.3041,20.3137,2
40.5737,34.9335,68.4274,3
38.2730,40.4391,70.9191,3
14.7645,62.0710,71.6979,2
11.5547,74.1719,13.3275,2
8.2029,47.9339,21.8303,2
11.7122,40.6765,76.2040,3
43.7258,94.9617,95.1178,3
33.2902,75.4805,30.5196,1
45.2756,47.8848,73.4820,3
40.3171,98.2313,3.2024,3
16.3006,57.7212,79.7451,2
37.6491,26.0386,85.7082,3
23.5599,88.4200,88.3801,2
46.3095,82.8596,75.3385,3
27.9718,64.5030,51.6531,2
28.2057,36.8546,32.7989,1
12.9785,77.4159,42.0422,1
15.9453,83.9418,89.5432,2
5.2088,90.2520,2.6730,3
36.9413,90.1551,23.5770,3
47.4583,77.6135,98.3785,3
13.9797,30.2632,66.1639,3
28.1719,85.1827,42.9061,2
5.0896,58.8028,66.5900,3
19.0500,60.1697,60.3408,2
37.3140,38.8518,26.8851,2
35.9050,48.3477,75.0406,3
17.0413,80.3918,15.7548,2
25.3550,35.3210,51.5854,2
36.5074,62.1943,16.0031,2
46.4604,20.3815,73.0546,3
37.5168,91.6846,86.1192,3
11.7620,95.6898,15.0985,2
30.3718,32.5163,37.9123,2
40.6684,94.8859,32.0884,2
24.6195,84.1890,59.6179,2
45.3888,46.2989,18.7559,3
29.6717,57.3379,88.1000,2
9.0028,23.6370,17.3979,3
35.2323,46.0363,9.7439,3
44.8904,80.9843,88.4392,3
10.0346,45.2140,62.5128,3
8.5513,99.3238,99.2807,3
28.3370,99.4962,93.6917,3
32.4065,26.7695,12.6463,3
18.3836,85.8953,53.9656,2
42.3882,76.9589,81.4985,3
16.9552,76.0418,7.7460,2
36.0342,58.9769,33.5428,1
36.3302,20.5393,77.1706,3
29.1096,54.4480,52.9700,2
17.2223,69.3607,22.8598,1
46.7339,82.3870,88.3829,3
37.1837,26.4740,52.1143,3
36.6739,69.3710,68.4603,3
29.1055,70.6424,56.0813,2
8.5223,66.8196,46.5973,2
27.7111,25.9727,90.3954,3
42.7508,24.0021,89.9489,3
42.9641,82.1512,93.0253,3
34.6863,29.8039,15.9880,3
8.2370,53.5416,16.3744,2
6.5557,61.3456,30.7012,1
13.9381,76.0887,57.3196,2
29.8181,48.2402,75.5500,3
11.8565,55.5556,38.7099,1
40.8377,34.9074,98.7034,3
12.1537,55.2027,60.6563,2
24.0143,90.0742,64.4248,2
35.6588,90.5160,12.9065,3
25.1174,52.1471,75.0917,2
42.9027,55.9928,11.7103,3
39.2577,82.6567,27.5447,2
12.7171,31.3110,10.1109,3
18.0710,77.2909,28.5841,1
42.6943,46.7393,70.5177,3
14.5237,29.1472,24.1462,2
33.1826,73.1354,62.0281,3
23.9973,64.7666,94.1468,2
8.3651,26.6077,49.3447,3
41.0867,90.2838,73.0469,3
14.9397,80.7103,21.7551,2
5.6734,32.1953,96.8191,3
37.1456,31.7499,31.0520,2
44.7373,77.0885,24.3745,3
48.9657,66.5662,54.9387,3
31.3949,78.6286,26.3357,2
6.0777,72.0449,47.3898,2
41.5124,94.1896,61.0728,3
31.7815,70.8874,7.8343,2
21.3361,72.5973,52.6984,2
40.3105,29.4723,63.6781,3
42.7681,73.0667,7.7107,3
34.8369,88.0386,14.8506,3
32.8420,58.9023,22.4488,2
24.8845,53.8303,57.1495,2
38.6714,27.7478,20.1254,3
33.8936,29.8410,65.7273,3
34.5643,46.9304,98.8679,3
26.3250,96.9481,17.8741,2
47.0918,66.1113,98.9782,3
31.9036,94.5034,34.9484,2
33.4790,22.5646,58.3106,3
21.8746,85.9214,49.6806,2
28.5402,98.6580,89.0514,3
46.9184,33.5742,88.0213,3
24.2511,88.1812,50.8631,2
35.0030,40.0658,19.4610,3
30.0832,31.4634,62.4755,3
6.4726,35.9969,27.5185,2
12.5925,29.4650,76.3702,3
23.8392,40.3808,30.4658,1
40.7192,38.0740,76.1788,3
37.8473,25.4024,90.6069,3
30.3831,87.0881,31.8186,2
36.0471,68.1963,27.0034,2
43.3228,85.1100,67.0047,3
44.0672,37.5211,71.0209,3
17.9678,95.1576,56.4696,2
43.2101,34.3716,31.8100,2
39.3371,48.7016,8.9929,3
34.5717,28.8036,55.5631,3
42.6489,66.6935,50.0577,3
15.2799,33.0326,1.8639,2
41.0325,22.4315,85.8702,3
22.8585,92.8184,15.6108,2
41.4509,89.2465,41.7828,2
49.2147,36.9106,11.1524,3
48.7098,40.5111,2.8420,3
22.6911,99.3029,84.0628,2
9.3349,48.7880,53.6425,2
40.8373,35.3838,9.0908,3
38.0148,21.7102,51.5531,3
36.7847,73.3578,51.0086,2
40.1587,67.2077,82.3443,3
31.1358,54.5947,59.7734,3
24.1278,36.7647,47.1401,2
47.6636,67.0335,72.8370,3
34.5781,56.9114,40.7207,2
13.9270,21.2374,86.3164,3
17.4921,67.3466,46.2246,1
9.9109,22.8369,94.1582,3
21.2870,45.1315,8.4975,2
5.1290,77.9073,88.6643,3
16.4605,55.7828,62.0687,2
12.5142,49.6227,48.9505,2
34.0053,98.5585,49.6892,3
16.5744,72.2707,11.4750,2
5.2522,50.0919,6.9601,3
26.4788,46.1455,89.4207,2
13.0250,75.5001,63.1544,2
49.7815,65.5152,80.7276,3
20.8056,25.7766,40.4499,1
35.2633,40.3476,13.8735,3
9.7181,62.3151,33.4983,1
39.3751,71.1075,93.7788,3
49.1078,20.0483,23.5187,3
15.8760,90.3313,13.2602,2
23.7890,24.2602,47.8134,2
6.7286,77.9687,51.8095,2
49.9101,98.9028,78.4517,3
18.1717,28.9801,15.6656,2
36.0501,30.7510,28.3782,2
9.1593,24.1278,38.9188,2
23.6730,35.3624,92.0220,2
32.3431,43.3578,83.4749,3
29.8789,55.6234,75.1429,3
21.5138,84.2367,0.4300,2
16.0747,62.4322,83.6310,2
38.4729,94.7278,26.0766,3
46.5149,29.1775,19.9030,3
26.0133,36.8681,3.1578,3
33.7762,52.6124,92.2784,3
49.2697,94.0439,51.6223,3
18.8656,96.4131,37.3460,1
22.0497,70.8058,63.4156,2
9.7061,35.3267,0.0013,3
9.4534,47.4208,94.8646,3
40.9709,38.2240,11.6202,3
49.9415,77.6161,52.3320,3
49.0284,96.3287,11.5858,3
33.6202,75.1940,86.3622,3
27.4385,74.3868,35.4585,1
23.0544,65.0584,21.4097,1
40.6516,59.7997,85.1299,3
40.4097,64.9674,68.7693,3
43.1680,47.0980,72.8989,3
46.5741,22.4949,49.9329,3
11.5166,50.8374,82.8755,3
13.9558,22.8735,28.4555,2
40.0777,28.6060,58.6203,3
38.4149,65.6316,93.4861,3
39.0774,27.0431,85.5696,3
29.6549,97.4157,98.5239,3
12.3690,39.8754,65.3508,3
7.5072,52.0790,98.8416,3
28.6669,46.5062,18.5690,2
38.7562,94.4242,92.4433,3
7.9304,26.0585,99.0625,3
47.8970,37.5556,19.7671,3
31.5318,45.3749,71.8195,3
14.2582,84.4974,28.2377,1
11.2626,47.3738,1.9781,3
34.0221,25.4243,14.7578,3
40.7036,60.4476,59.2927,3
17.6575,97.7796,98.7042,2
21.4528,83.0331,80.2218,2
46.1170,88.9358,43.9428,3
21.2436,94.8019,40.8053,1
28.4067,27.6889,29.4057,2
12.3321,26.5887,37.0768,1
28.1955,82.3443,60.7731,3
42.1008,38.6239,79.5068,3
7.3230,42.1749,44.3735,2
48.0727,27.2578,26.2585,3
11.8591,54.0234,32.8880,1
9.1444,58.4996,48.5545,2
33.3599,87.2789,97.3340,3
9.6742,47.0733,97.2327,3
30.5413,51.7524,43.4885,2
42.9200,89.0998,29.5105,2
18.8977,75.9853,6.7533,2
43.0684,20.5539,46.1035,3
40.6638,93.1416,62.6981,3
28.8846,75.7806,84.2113,2
5.5835,68.5016,76.6887,3
46.6446,51.9668,90.1734,3
33.3517,46.6716,98.3416,3
7.6381,89.5808,52.8360,3
31.3118,86.5868,92.7096,3
45.2958,57.3201,71.2071,3
38.8553,47.7059,30.3432,2
41.9682,62.8655,22.3072,2
44.6219,59.5758,87.2153,3
12.4110,91.2785,40.4662,1
18.1650,49.5195,60.2772,2
18.5186,71.4914,50.4059,2
34.4976,46.9831,25.9318,2
35.3244,62.3433,14.2398,2
34.3772,42.1505,36.4413,2
43.4826,36.1841,43.0788,3
8.8639,56.0244,92.1001,3
30.1378,89.4659,54.2069,3
7.6365,60.3567,23.2644,2
24.4677,38.9771,11.3060,2
14.5276,52.1069,82.2977,2
39.6245,22.9366,77.6878,3
6.3829,26.0710,76.1730,3
22.6950,45.7171,37.5442,1
28.5870,68.5240,67.0349,2
9.3280,33.1548,43.4144,2
43.8854,81.0150,18.6684,3
17.9346,50.2916,85.9906,2
49.0245,26.1071,48.6850,3
21.3117,45.7395,49.9071,2
37.3411,67.2387,42.4355,2
37.5012,52.9190,65.1689,3
12.5568,47.1647,56.8659,2
46.3056,21.5411,72.6853,3
26.7765,79.5786,11.4839,2
31.6280,53.7412,31.1537,1
6.4619,62.0343,34.1882,1
46.4903,80.0866,8.7029,3
18.9493,40.7788,68.4044,2
30.8824,48.7191,22.1792,2
24.8218,40.0736,18.9485,2
41.7062,97.4687,75.4998,3
7.8096,95.0801,45.3611,2
16.9466,81.7422,0.3758,2
6.3679,80.6885,16.0470,3
26.2536,61.9828,99.3726,2
19.8256,44.3076,47.3709,2
26.7769,63.8690,87.8285,2
36.9061,88.9530,38.6549,2
39.6960,96.8885,7.8772,3
24.5801,67.7099,58.5719,2
28.0888,85.7928,21.0436,2
48.4525,84.6965,29.3019,2
6.4673,77.6770,2.6434,3
26.8986,66.5641,97.8703,2
19.1285,77.4673,95.4361,2
25.8308,29.6593,12.3116,2
22.5287,45.9627,31.6497,1
26.8052,62.9872,26.5439,1
24.8091,72.1326,55.6966,2
38.9791,41.9278,37.6765,2
29.9052,92.6373,61.1976,3
17.9536,22.9502,51.4669,2
47.7748,73.3654,42.4471,2
8.4573,29.3123,74.3632,3
19.2141,43.4241,23.0844,2
45.3757,44.4337,17.6911,3
21.5251,76.8375,41.4266,1
39.4299,74.5602,35.5625,2
44.3818,25.9109,73.5166,3
27.8521,45.6437,40.8681,1
31.4503,41.8758,60.6926,3
28.8520,81.5030,17.9383,2
21.0458,60.8599,72.7509,2
20.1209,44.4514,89.3026,2
9.9026,78.1796,80.4327,3
16.7622,54.9691,51.9829,2
39.6765,89.9224,39.2674,2
20.6767,48.1006,19.5518,2
7.5030,91.1254,31.1944,2
5.5002,31.6120,94.2431,3
7.7488,75.3624,78.0883,3
38.6695,46.6737,63.9594,3
17.6791,53.3234,83.1011,2
32.2971,57.4842,68.6979,3
38.3110,94.4060,76.8405,3
26.5421,37.4429,47.0428,2
24.7952,67.9274,62.5447,2
14.7595,84.4900,41.3296,1
40.4264,21.2513,76.9804,3
29.7184,53.8572,14.2622,2
44.9006,24.2478,11.3682,3
43.0706,75.0901,84.3942,3
48.7338,47.2104,80.9055,3
6.7275,92.9359,63.6930,3
45.6485,65.1204,63.1056,3
46.8476,44.1863,34.4429,2
43.3267,97.2012,66.7748,3
24.3534,28.8888,60.7337,2
42.0893,28.7904,29.0594,2
9.5785,47.1114,57.7207,3
10.8507,57.8820,1.3577,2
42.0854,74.0588,64.9033,3
43.1490,31.1077,96.7694,3
7.1106,55.6507,0.1889,3
46.4367,58.1906,27.3460,2
24.9771,96.0944,23.0264,2
20.5349,20.8319,21.9420,2
44.7931,58.3478,9.8774,3
42.4189,87.7237,97.8168,3
7.7522,55.1985,88.5169,3
10.3499,48.9989,90.5521,3
9.1459,78.0446,94.9592,3
32.0906,90.3309,79.9467,3
41.2902,70.3673,7.0192,3
22.9802,86.6728,20.3502,2
18.5227,61.0311,42.2551,1
41.7851,97.8746,10.6730,3
5.8179,81.9488,7.4595,3
15.7943,47.9485,29.8557,1
34.1927,42.1571,60.7289,3
36.3116,21.7380,36.7354,2
7.3086,81.2497,5.8515,3
43.7643,87.8030,51.6740,3
47.4268,49.3223,30.2565,2
10.1339,78.2043,42.5303,2
49.0380,89.6208,51.2660,3
25.3207,38.8346,15.2557,2
15.8815,64.0538,14.1908,2
44.7849,97.4172,26.6436,3
34.0003,52.8186,52.3337,3
39.6678,68.7320,66.5324,3
11.5329,39.1497,86.4725,3
48.6266,64.4028,20.7530,2
28.0075,57.9997,66.3196,2
19.7471,90.4430,97.8330,2
46.0007,99.0959,13.7785,3
16.3281,81.2040,46.6397,2
48.2339,31.9097,30.7521,2
34.0675,52.7819,36.2031,2
29.8197,84.3861,43.2997,2
6.5469,82.5558,72.1713,3
27.7545,68.2528,36.8339,1
9.7613,83.7813,39.3145,2
49.3418,98.1811,31.9433,2
13.7742,80.7467,76.4538,2
6.4246,62.9763,28.3783,2
7.2499,54.4245,13.3130,2
17.7436,65.3121,24.7982,1
21.3380,76.7210,80.6911,2
25.6871,67.1783,33.0324,1
44.8284,26.5029,9.7433,3
6.7003,28.1588,62.8738,3
49.9241,68.1238,25.4854,2
41.8155,48.3651,59.3975,3
24.8139,60.8799,10.5606,2
46.8684,44.4299,60.0977,3
5.3314,56.7999,76.6804,3
32.5578,45.4788,65.0584,3
40.7976,32.6504,6.5852,3
25.7731,54.9935,4.6772,2
35.5943,66.5147,31.2706,1
17.4729,43.0993,11.3525,2
46.7782,24.8116,4.3404,3
40.2085,56.7515,81.1243,3
27.9349,91.9024,34.9059,1
31.3444,37.5959,44.8368,2
10.9739,59.8700,45.9804,2
6.1909,27.2516,56.3424,3
37.2506,72.9209,72.0071,3
26.5307,47.2344,68.7091,2
17.1803,70.3314,9.1232,2
29.1989,77.5247,31.6469,1
46.3284,25.8366,26.5632,3
35.4355,86.0861,11.3399,3
9.4553,57.2240,34.5371,1
29.7399,87.4134,28.8776,2
5.4597,73.6707,56.2729,3
28.2030,82.7375,84.9995,3
11.4977,86.5661,54.0880,2
44.1979,65.4192,89.4287,3
42.4582,46.0685,64.3280,3
30.5626,62.8070,10.9788,2
6.0653,47.3934,49.7837,3
29.8621,61.4285,14.5714,2
41.7837,77.5971,86.3358,3
44.7432,86.5809,66.4285,3
24.8040,70.8127,24.7545,1
46.4909,70.6119,59.8754,3
31.1226,74.6908,68.5542,3
6.9944,53.9335,97.5383,3
39.1250,35.3171,42.7785,2
25.7795,98.2637,95.1745,3
8.4677,41.2137,7.3032,3
13.7443,55.9368,60.0443,2
41.5446,26.9635,28.1138,2
32.4462,56.7609,30.8212,1
13.0010,76.6798,23.4829,2
35.8028,93.3367,21.5798,3
37.4833,84.0678,63.3023,3
19.6483,39.1921,78.7143,2
19.6660,84.4811,84.0694,2
44.1557,85.3395,90.0339,3
46.8442,59.4926,29.1296,2
13.5098,51.2874,25.3217,2
42.8949,87.3068,44.2743,3
41.3916,71.2767,57.4487,3
41.4941,84.4131,79.9603,3
29.5488,45.6568,40.3166,1
35.6453,92.8194,72.2670,3
40.5982,43.3576,43.8256,3
38.6093,89.6659,51.2219,3
5.8222,90.8559,9.7214,3
28.8359,58.3406,96.2100,2
10.6144,73.1333,31.1004,1
24.5315,53.3144,34.8527,1
44.6060,77.7120,89.8944,3
41.4091,53.3381,6.1629,3
18.4473,47.6562,10.1922,2
11.9371,21.8399,43.8629,2
12.6350,41.7174,48.0708,2
12.3829,25.2363,76.5788,3
44.8423,47.0104,46.2574,3
17.9697,56.9570,8.8962,2
25.6772,56.9107,30.7059,1
44.0607,53.6089,14.8337,3
38.7750,31.7097,8.5372,3
21.5986,83.7845,95.1322,2
34.6096,91.6040,56.8656,3
13.5649,65.2066,73.6387,2
8.3706,53.5819,8.4234,3
22.8506,65.0154,71.7660,2
20.9931,29.7856,49.5042,2
10.8168,27.7394,73.2442,3
32.3891,62.4515,16.7684,2
46.4162,88.8321,84.2810,3
7.9373,25.7803,47.1331,3
17.9735,46.8890,70.9645,2
47.0922,68.2579,2.8768,3
6.8063,38.5230,0.9028,3
11.2343,24.2509,27.7567,2
7.0545,92.9052,52.3146,3
43.7805,74.2815,46.0385,2
25.9519,77.6483,32.0866,1
28.8957,29.3937,78.4878,3
19.7723,34.2919,74.0829,2
9.1954,96.1588,68.9461,3
38.3192,26.5578,56.3706,3
6.3483,46.1735,72.4110,3
14.7059,75.7721,55.0457,2
45.9758,59.7481,30.1187,2
44.3711,58.2370,28.8073,2
23.7036,55.4341,22.2313,2
40.8851,85.6373,44.5083,3
5.7638,28.2327,50.9068,3
16.7387,46.4635,53.0555,2
34.8256,34.9720,68.7045,3
9.9091,65.1819,66.9985,2
18.1417,86.9094,78.8181,2
44.6822,47.3418,93.3234,3
26.7876,44.8908,62.3044,2
44.7643,91.1237,24.2787,3
11.8628,55.8234,93.8576,2
48.4315,42.0643,6.7401,3
36.9213,38.5426,21.1081,3
38.1044,36.0831,78.3593,3
46.6734,32.2860,54.7185,3
36.5054,62.8061,90.9739,3
8.0495,99.5745,56.0610,3
14.6023,70.6311,66.4537,2
5.2294,86.9572,7.1161,3
14.6676,67.6805,77.4539,2
33.7577,69.6537,49.2919,2
28.1083,54.4176,27.7754,1
21.3254,90.2522,38.2923,1
39.2405,69.0023,22.4005,2
11.9259,29.8370,49.5436,2
14.1616,40.7699,83.7748,2
26.9883,46.6163,18.5426,2
24.6679,41.0795,3.9052,2
44.0326,65.4910,83.0726,3
38.3362,21.1744,65.3422,3
11.3136,25.8319,2.9220,3
43.0078,65.6514,77.2729,3
33.7265,31.0929,60.7986,3
10.0353,24.2028,34.0351,2
9.4940,76.4464,60.5441,3
35.7219,92.5994,36.3250,2
30.1380,49.9254,14.0299,2
42.8643,65.7931,62.3307,3
16.6161,86.2455,50.9447,2
8.1241,45.6469,45.4302,2
20.0308,29.1681,32.4482,1
5.1313,36.9336,63.8829,3
29.2969,50.0286,95.9849,3
7.0650,71.2110,62.1328,3
28.4355,41.0969,50.4117,2
26.1621,31.6720,23.6611,2
24.6808,49.7637,13.0020,2
15.7269,67.3435,70.3857,2
38.8187,63.1682,5.5027,3
15.3983,78.2495,28.8458,1
35.1576,71.8050,51.5901,2
18.8784,26.3871,72.9409,2
16.1271,42.6455,12.2485,2
37.7502,96.7742,48.1974,3
21.2838,61.3146,39.1358,1
18.8867,97.7260,93.5000,2
33.1543,21.5594,37.1349,2
13.9522,66.6611,39.9480,1
23.7458,93.8378,90.3997,2
17.2085,69.8732,86.6003,2
48.1975,79.5183,9.9278,3
35.6040,59.3116,28.8863,2
45.1199,71.0860,91.3034,3
8.0243,82.7224,58.6472,3
18.5638,90.1350,79.7135,2
30.5767,97.7484,79.8139,3
26.0309,24.3693,60.8758,3
24.5045,66.3426,4.7211,2
42.0630,84.4122,75.4895,3
40.1031,34.5249,51.1885,3
39.0962,69.8564,51.7533,3
20.9775,72.9893,3.9250,2
6.2681,54.8868,54.8380,3
19.5926,74.5760,92.9208,2
10.7557,57.9498,94.2664,2
47.9759,59.2550,77.0487,3
13.6472,84.3861,97.5552,2
19.9332,38.7897,11.7792,2
25.1278,46.1134,49.8873,2
28.3072,89.0397,88.2585,3
24.7058,80.7104,55.8382,2
37.6790,76.0380,82.7829,3
12.3509,83.6706,22.4868,2
35.9476,96.7765,58.4715,3
44.8502,84.8617,70.1196,3
8.3620,21.9301,90.6499,3
36.3775,63.7948,0.2775,3
10.5900,75.1845,23.4658,2
21.0429,86.3432,32.4518,1
28.2930,25.6470,49.5842,2
37.2444,38.3167,57.9669,3
31.4496,85.2489,36.1160,2
45.2525,57.6212,3.2576,3
8.4690,92.8778,7.7500,3
40.7200,98.9172,83.6666,3
23.2534,38.6182,16.0947,2
21.5375,59.2300,47.4968,1
32.8497,83.3398,16.6118,3
19.9110,79.4298,89.1583,2
42.7572,97.5184,79.7898,3
48.7473,94.8536,65.5039,3
36.7589,44.6833,89.8619,3
36.4714,91.7057,21.1522,3
21.5965,26.7651,93.2349,2
41.4843,81.0104,43.7481,2
5.4849,97.5768,38.4139,2
16.1504,88.3221,20.5787,2
12.7117,57.7105,45.8538,2
44.8295,99.6942,25.9265,3
14.0276,57.4475,44.1746,1
42.0290,27.7465,16.0476,3
14.1944,26.6043,6.4756,3
28.1766,91.1993,82.2511,3
13.6777,31.5150,61.2038,3
19.8208,60.4433,71.6802,2
45.4426,34.9432,6.9893,3
15.2415,64.3108,8.9906,2
19.7445,44.4262,10.9854,2
49.0953,88.3528,59.2819,3
44.7929,42.8307,84.4694,3
35.5392,38.6575,67.4123,3
28.0178,59.7844,92.9694,2
22.5106,93.4462,82.8441,2
24.0160,82.0388,11.4782,2
27.5508,25.0031,19.6410,2
21.0865,27.3577,89.1486,2
44.4029,20.3444,9.9792,3
47.2931,20.2379,95.6464,3
30.7767,64.3539,3.5085,2
21.3247,86.9289,32.3496,1
45.7437,61.1976,83.8364,3
40.2310,57.0820,83.4843,3
43.8303,96.9318,7.5682,3
41.3923,73.2887,70.0362,3
46.7110,23.1213,75.5260,3
21.8875,68.2651,23.5726,1
18.0987,69.3181,36.8498,1
18.4038,22.8684,15.2947,2
32.3890,52.4727,2.9435,3
20.7793,49.2238,22.9637,2
12.4922,20.7620,62.9215,3
39.5470,38.5831,32.5190,2
45.4872,97.3103,56.6641,3
22.9657,98.9172,5.8264,2
18.2969,62.0288,24.6648,1
46.5448,62.0677,89.0173,3
19.8745,33.2361,91.6001,2
26.5288,83.4463,31.5422,1
9.9219,70.6843,26.3262,2
46.2518,43.5158,28.6387,2
38.9269,50.1890,14.2946,3
15.7629,73.0622,12.3655,2
36.3372,95.8329,13.6610,3
17.5211,47.2500,58.6953,2
34.1460,97.1383,98.3576,3
19.4015,36.5464,24.9400,2
32.4655,41.4758,81.5498,3
